date,waterlevel_m,discharge_m3s,temperature_c
1981-01-01,322.249,268.801,3.3
1981-01-02,322.234,264.629,3.5
1981-01-03,322.262,272.673,3.8
1981-01-04,322.702,417.043,4.0
1981-01-05,322.593,377.226,3.6
1981-01-06,322.467,334.373,3.3
1981-01-07,322.416,318.198,3.1
1981-01-08,322.381,307.487,2.9
1981-01-09,322.352,298.483,2.6
1981-01-10,322.354,299.051,2.9
1981-01-11,322.336,293.81,3.1
1981-01-12,322.311,286.444,3.3
1981-01-13,322.296,282.124,3.1
1981-01-14,322.281,277.621,2.9
1981-01-15,322.383,308.738,2.6
1981-01-16,322.407,313.957,2.9
1981-01-17,322.375,303.945,2.8
1981-01-18,322.419,317.575,3.3
1981-01-19,322.411,315.074,3.4
1981-01-20,322.533,354.763,3.4
1981-01-21,322.44,324.112,3.3
1981-01-22,322.391,309.086,2.9
1981-01-23,322.349,294.784,2.4
1981-01-24,322.321,286.298,2.3
1981-01-25,322.295,278.706,2.4
1981-01-26,322.295,278.86,2.7
1981-01-27,322.282,275.111,3.0
1981-01-28,322.26,268.988,2.9
1981-01-29,322.243,264.328,2.6
1981-01-30,322.238,261.504,2.5
1981-01-31,322.218,255.831,2.5
1981-02-01,322.204,251.98,2.3
1981-02-02,322.194,249.378,2.2
1981-02-03,322.189,248.04,2.3
1981-02-04,322.371,300.606,2.7
1981-02-05,322.419,314.764,3.1
1981-02-06,322.331,286.388,2.9
1981-02-07,322.37,298.506,3.2
1981-02-08,322.727,417.698,3.6
1981-02-09,322.665,395.184,3.6
1981-02-10,322.575,363.749,3.5
1981-02-11,322.566,360.65,3.3
1981-02-12,322.487,334.579,3.2
1981-02-13,322.44,319.577,2.9
1981-02-14,322.394,305.372,2.6
1981-02-15,322.371,298.184,2.4
1981-02-16,322.348,291.526,2.6
1981-02-17,322.331,286.386,2.6
1981-02-18,322.318,282.715,2.7
1981-02-19,322.298,278.41,2.8
1981-02-20,322.286,274.808,2.7
1981-02-21,322.273,271.314,2.7
1981-02-22,322.253,265.542,2.7
1981-02-23,322.237,261.305,2.7
1981-02-24,322.233,261.398,2.7
1981-02-25,322.223,258.74,2.8
1981-02-26,322.205,253.782,3.0
1981-02-27,322.204,253.569,3.0
1981-02-28,322.183,249.186,2.8
1981-03-01,322.19,250.968,3.0
1981-03-02,322.206,255.48,3.5
1981-03-03,322.308,285.724,3.6
1981-03-04,322.356,299.944,3.7
1981-03-05,322.325,290.615,3.7
1981-03-06,322.314,288.653,3.9
1981-03-07,322.377,307.799,4.2
1981-03-08,322.524,355.155,4.8
1981-03-09,322.78,446.147,4.8
1981-03-10,322.922,500.985,5.3
1981-03-11,322.951,512.017,5.3
1981-03-12,323.304,651.51,5.5
1981-03-13,323.592,771.693,5.3
1981-03-14,323.142,586.108,5.3
1981-03-15,322.981,525.417,5.1
1981-03-16,322.912,499.353,4.9
1981-03-17,322.869,482.766,4.9
1981-03-18,322.853,476.85,4.8
1981-03-19,322.826,466.567,4.8
1981-03-20,322.818,463.369,5.2
1981-03-21,322.808,459.664,5.6
1981-03-22,322.791,453.466,5.8
1981-03-23,322.785,451.046,6.0
1981-03-24,322.867,480.511,6.5
1981-03-25,323.052,550.763,7.2
1981-03-26,323.141,585.507,7.1
1981-03-27,323.196,607.447,6.6
1981-03-28,323.051,550.233,6.8
1981-03-29,323.024,539.989,7.3
1981-03-30,323.059,551.555,7.8
1981-03-31,323.031,540.492,7.2
1981-04-01,323.087,562.006,6.9
1981-04-02,323.089,562.923,7.0
1981-04-03,323.114,570.572,7.3
1981-04-04,323.128,576.12,7.2
1981-04-05,323.135,578.831,7.3
1981-04-06,323.16,589.021,7.3
1981-04-07,323.157,585.679,8.3
1981-04-08,323.155,584.892,8.0
1981-04-09,323.162,587.788,7.8
1981-04-10,323.159,586.571,8.8
1981-04-11,323.162,585.834,9.7
1981-04-12,323.149,580.507,9.7
1981-04-13,323.155,583.047,10.1
1981-04-14,323.156,583.353,10.5
1981-04-15,323.153,580.038,11.3
1981-04-16,323.164,584.778,11.1
1981-04-17,323.163,584.215,10.6
1981-04-18,323.135,573.194,10.2
1981-04-19,323.093,556.668,9.7
1981-04-20,323.069,545.908,9.4
1981-04-21,323.039,534.353,9.4
1981-04-22,323.023,527.965,9.9
1981-04-23,322.994,517.241,10.3
1981-04-24,322.975,509.781,10.5
1981-04-25,322.954,499.875,10.7
1981-04-26,322.908,482.511,10.9
1981-04-27,322.882,472.494,10.0
1981-04-28,322.889,475.397,8.5
1981-04-29,322.881,472.209,8.7
1981-04-30,322.864,464.022,9.0
1981-05-01,322.867,465.017,9.5
1981-05-02,323.093,551.454,9.2
1981-05-03,323.011,519.623,8.9
1981-05-04,322.914,483.032,9.1
1981-05-05,322.893,473.211,8.9
1981-05-06,322.946,493.099,8.7
1981-05-07,322.933,488.228,9.2
1981-05-08,322.919,483.005,10.2
1981-05-09,322.884,469.654,10.6
1981-05-10,322.844,454.444,11.3
1981-05-11,322.822,444.695,11.5
1981-05-12,322.818,443.056,10.1
1981-05-13,322.831,447.873,9.9
1981-05-14,322.831,447.96,10.4
1981-05-15,322.809,439.977,10.7
1981-05-16,322.8,436.755,12.0
1981-05-17,322.791,431.72,12.2
1981-05-18,322.785,429.509,11.1
1981-05-19,322.762,421.099,12.1
1981-05-20,322.748,415.923,13.3
1981-05-21,322.737,412.13,13.9
1981-05-22,322.734,410.863,14.0
1981-05-23,322.787,428.48,11.8
1981-05-24,322.806,435.27,12.6
1981-05-25,322.83,443.716,12.9
1981-05-26,322.81,436.599,12.7
1981-05-27,323.24,604.432,12.4
1981-05-28,323.262,609.843,11.4
1981-05-29,323.196,583.297,12.2
1981-05-30,323.188,580.122,12.5
1981-05-31,323.123,553.099,13.6
1981-06-01,323.095,542.087,14.6
1981-06-02,323.086,538.607,15.3
1981-06-03,323.08,536.434,15.3
1981-06-04,323.1,544.065,15.2
1981-06-05,323.145,561.396,11.9
1981-06-06,323.151,561.443,14.1
1981-06-07,323.156,563.687,15.6
1981-06-08,323.167,567.828,16.4
1981-06-09,323.157,563.88,15.6
1981-06-10,323.229,590.589,15.5
1981-06-11,323.263,604.201,15.3
1981-06-12,323.243,596.349,16.2
1981-06-13,323.249,598.577,15.6
1981-06-14,323.246,595.748,17.3
1981-06-15,323.249,596.559,17.7
1981-06-16,323.243,593.985,18.1
1981-06-17,323.23,586.919,16.6
1981-06-18,323.225,585.063,16.4
1981-06-19,323.29,610.892,16.8
1981-06-20,323.295,610.93,16.5
1981-06-21,323.247,591.82,16.2
1981-06-22,323.28,602.918,15.3
1981-06-23,323.277,601.71,15.5
1981-06-24,323.207,573.794,16.0
1981-06-25,323.172,558.311,16.1
1981-06-26,323.148,549.178,16.4
1981-06-27,323.114,534.055,15.9
1981-06-28,323.069,517.046,16.5
1981-06-29,323.049,509.305,16.2
1981-06-30,323.052,508.6,14.3
1981-07-01,323.017,495.456,15.1
1981-07-02,323.003,490.008,16.4
1981-07-03,322.988,482.68,17.2
1981-07-04,323.171,553.021,16.1
1981-07-05,323.133,537.808,16.0
1981-07-06,323.091,521.787,17.0
1981-07-07,323.065,511.612,17.2
1981-07-08,323.041,500.935,18.1
1981-07-09,323.017,491.717,18.9
1981-07-10,323.005,487.062,19.3
1981-07-11,322.977,476.317,19.0
1981-07-12,323.189,558.109,18.1
1981-07-13,323.154,543.918,18.3
1981-07-14,323.104,524.737,18.0
1981-07-15,323.058,507.4,18.0
1981-07-16,323.011,489.26,18.3
1981-07-17,322.979,477.23,18.4
1981-07-18,323.089,519.525,17.6
1981-07-19,324.003,900.177,15.8
1981-07-20,323.765,795.084,14.9
1981-07-21,323.695,764.176,15.3
1981-07-22,323.693,762.877,15.6
1981-07-23,323.632,737.371,16.4
1981-07-24,323.683,758.645,16.6
1981-07-25,323.928,864.006,16.6
1981-07-26,324.095,938.12,16.7
1981-07-27,324.029,908.406,16.7
1981-07-28,323.98,886.787,16.8
1981-07-29,323.941,869.47,16.9
1981-07-30,323.895,849.431,17.0
1981-07-31,323.854,832.105,17.0
1981-08-01,323.814,814.921,17.2
1981-08-02,323.773,799.166,16.5
1981-08-03,323.737,783.557,17.1
1981-08-04,323.699,767.468,18.2
1981-08-05,323.658,750.351,18.8
1981-08-06,323.62,734.251,19.2
1981-08-07,323.616,732.507,19.3
1981-08-08,323.577,716.225,19.2
1981-08-09,323.616,732.458,19.5
1981-08-10,323.566,711.463,18.1
1981-08-11,323.512,690.807,17.2
1981-08-12,323.466,672.127,18.8
1981-08-13,323.446,663.941,19.7
1981-08-14,323.403,646.368,19.8
1981-08-15,323.359,628.627,19.9
1981-08-16,323.32,613.116,20.1
1981-08-17,323.287,601.697,19.4
1981-08-18,323.264,592.51,19.9
1981-08-19,323.228,584.048,20.1
1981-08-20,323.186,569.621,19.4
1981-08-21,323.175,564.955,18.5
1981-08-22,323.165,561.22,18.2
1981-08-23,323.139,553.173,18.4
1981-08-24,323.185,571.339,17.9
1981-08-25,323.135,551.799,18.3
1981-08-26,323.088,535.741,18.4
1981-08-27,323.053,522.471,18.5
1981-08-28,323.017,509.186,18.1
1981-08-29,322.987,499.135,18.0
1981-08-30,322.953,486.351,18.4
1981-08-31,322.909,469.502,18.6
1981-09-01,323.116,549.634,18.3
1981-09-02,323.228,594.423,17.2
1981-09-03,323.069,532.18,17.4
1981-09-04,322.984,499.844,17.7
1981-09-05,322.917,474.564,17.8
1981-09-06,322.864,456.501,17.9
1981-09-07,322.83,443.8,18.0
1981-09-08,322.794,430.789,18.0
1981-09-09,322.942,485.976,18.3
1981-09-10,322.903,473.0,17.9
1981-09-11,322.825,443.856,18.1
1981-09-12,322.872,461.196,18.0
1981-09-13,322.874,462.382,18.0
1981-09-14,323.075,539.214,17.2
1981-09-15,322.997,508.831,16.2
1981-09-16,322.892,470.772,16.8
1981-09-17,322.903,474.906,17.1
1981-09-18,322.85,454.852,17.5
1981-09-19,322.828,446.825,17.6
1981-09-20,322.807,439.12,17.1
1981-09-21,322.768,425.047,17.5
1981-09-22,322.737,413.937,17.7
1981-09-23,323.082,548.731,17.5
1981-09-24,323.126,562.008,16.1
1981-09-25,323.033,526.171,16.3
1981-09-26,323.023,522.513,16.7
1981-09-27,323.014,519.145,16.6
1981-09-28,323.159,576.129,16.0
1981-09-29,324.34,1083.801,14.5
1981-09-30,323.941,903.283,14.2
1981-10-01,323.675,789.265,15.1
1981-10-02,323.601,757.737,15.0
1981-10-03,323.558,739.895,14.5
1981-10-04,323.505,717.685,14.2
1981-10-05,323.47,702.959,14.0
1981-10-06,323.429,685.641,14.5
1981-10-07,323.432,687.17,14.5
1981-10-08,323.389,669.028,13.7
1981-10-09,323.344,650.944,14.1
1981-10-10,323.312,637.683,14.2
1981-10-11,323.643,778.899,13.3
1981-10-12,323.637,775.616,12.4
1981-10-13,323.954,913.92,12.4
1981-10-14,323.706,804.85,11.9
1981-10-15,324.119,987.802,12.1
1981-10-16,323.972,920.956,11.8
1981-10-17,323.787,839.499,12.2
1981-10-18,323.702,803.21,12.3
1981-10-19,323.67,789.15,12.3
1981-10-20,323.614,765.532,11.8
1981-10-21,323.675,791.62,11.7
1981-10-22,323.809,849.279,11.2
1981-10-23,323.72,810.768,11.1
1981-10-24,323.651,781.502,10.8
1981-10-25,323.595,759.624,10.6
1981-10-26,323.528,731.463,10.6
1981-10-27,323.542,737.046,10.5
1981-10-28,323.607,764.384,10.1
1981-10-29,323.583,754.539,10.2
1981-10-30,323.794,845.71,10.3
1981-10-31,324.072,967.889,10.1
1981-11-01,323.789,842.815,10.4
1981-11-02,323.661,787.587,10.5
1981-11-03,323.576,751.589,10.4
1981-11-04,323.516,726.391,10.4
1981-11-05,323.465,704.827,10.3
1981-11-06,323.411,682.541,10.2
1981-11-07,323.371,666.131,9.9
1981-11-08,323.319,646.531,9.5
1981-11-09,323.269,626.629,9.2
1981-11-10,323.226,609.592,9.0
1981-11-11,323.183,592.237,8.8
1981-11-12,323.148,578.122,8.9
1981-11-13,323.11,563.108,9.0
1981-11-14,323.062,544.983,8.8
1981-11-15,323.035,534.69,8.5
1981-11-16,323.008,524.152,8.2
1981-11-17,322.97,509.902,7.9
1981-11-18,322.941,498.787,8.1
1981-11-19,322.922,491.648,8.3
1981-11-20,322.912,487.947,8.4
1981-11-21,322.883,476.962,8.2
1981-11-22,322.848,463.628,8.2
1981-11-23,322.821,453.239,8.1
1981-11-24,322.784,439.947,8.2
1981-11-25,322.783,439.482,8.0
1981-11-26,322.774,436.298,7.4
1981-11-27,322.754,428.91,7.4
1981-11-28,322.808,449.224,7.4
1981-11-29,322.837,459.292,7.1
1981-11-30,322.807,448.172,6.9
1981-12-01,323.287,635.433,6.5
1981-12-02,323.058,543.386,6.3
1981-12-03,322.96,506.06,6.5
1981-12-04,322.899,482.966,6.3
1981-12-05,322.918,490.173,6.2
1981-12-06,322.883,474.946,6.1
1981-12-07,322.879,473.264,5.8
1981-12-08,323.069,546.175,6.0
1981-12-09,323.488,714.959,5.8
1981-12-10,323.249,616.756,5.4
1981-12-11,323.257,620.045,5.7
1981-12-12,323.443,695.773,5.7
1981-12-13,323.272,625.932,5.1
1981-12-14,323.413,685.137,4.8
1981-12-15,323.485,711.462,5.0
1981-12-16,323.945,910.972,5.1
1981-12-17,323.776,835.679,4.8
1981-12-18,323.484,710.596,4.7
1981-12-19,323.368,662.543,4.5
1981-12-20,323.27,622.844,3.7
1981-12-21,323.208,598.241,3.7
1981-12-22,323.16,577.125,4.0
1981-12-23,323.115,559.426,4.3
1981-12-24,323.084,547.457,4.4
1981-12-25,323.041,531.245,4.4
1981-12-26,323.01,519.144,4.2
1981-12-27,322.973,503.616,3.9
1981-12-28,322.933,488.053,3.8
1981-12-29,322.894,473.557,3.9
1981-12-30,322.895,473.979,4.0
1981-12-31,322.906,477.841,4.1
1982-01-01,323.087,545.042,4.4
1982-01-02,323.079,541.78,4.5
1982-01-03,322.99,507.938,4.5
1982-01-04,322.981,504.678,4.4
1982-01-05,323.182,582.308,4.9
1982-01-06,323.873,870.854,5.3
1982-01-07,323.657,776.988,4.0
1982-01-08,323.265,613.195,3.1
1982-01-09,323.479,702.744,2.9
1982-01-10,323.723,803.469,3.5
1982-01-11,323.492,705.739,3.2
1982-01-12,323.532,722.922,3.9
1982-01-13,323.464,696.042,3.6
1982-01-14,323.299,628.573,3.2
1982-01-15,323.221,597.368,3.1
1982-01-16,323.169,576.544,3.3
1982-01-17,323.125,559.509,3.3
1982-01-18,323.08,542.331,3.2
1982-01-19,323.038,535.59,3.2
1982-01-20,322.982,514.323,3.0
1982-01-21,322.947,501.198,3.0
1982-01-22,322.928,494.02,3.3
1982-01-23,322.903,486.437,3.4
1982-01-24,322.871,474.131,3.3
1982-01-25,322.835,460.575,3.5
1982-01-26,322.804,449.042,3.1
1982-01-27,322.804,449.002,3.5
1982-01-28,322.805,451.168,3.9
1982-01-29,322.771,438.839,3.7
1982-01-30,323.239,622.289,3.9
1982-01-31,323.721,819.984,4.0
1982-02-01,323.377,674.827,4.0
1982-02-02,323.174,594.423,3.7
1982-02-03,323.07,553.526,3.5
1982-02-04,323.001,527.536,3.4
1982-02-05,322.955,510.048,3.5
1982-02-06,322.926,498.716,3.6
1982-02-07,322.893,486.488,3.9
1982-02-08,322.887,484.132,4.0
1982-02-09,322.912,493.638,4.1
1982-02-10,322.878,480.577,4.0
1982-02-11,322.849,469.709,4.0
1982-02-12,322.843,467.338,4.0
1982-02-13,322.83,462.441,4.0
1982-02-14,322.806,453.435,4.0
1982-02-15,322.784,445.237,4.2
1982-02-16,322.754,434.361,4.1
1982-02-17,322.73,425.686,4.1
1982-02-18,322.708,418.021,4.1
1982-02-19,322.696,413.484,4.2
1982-02-20,322.692,411.962,4.1
1982-02-21,322.663,401.682,3.8
1982-02-22,322.632,390.496,3.6
1982-02-23,322.616,384.588,3.6
1982-02-24,322.602,379.701,3.4
1982-02-25,322.588,374.975,3.4
1982-02-26,322.581,372.521,3.5
1982-02-27,322.561,365.624,3.4
1982-02-28,322.54,358.697,3.4
1982-03-01,322.548,361.37,3.8
1982-03-02,322.724,423.528,4.3
1982-03-03,322.666,402.787,4.1
1982-03-04,322.626,388.562,4.2
1982-03-05,322.63,389.845,4.2
1982-03-06,322.607,381.616,4.2
1982-03-07,322.579,371.751,4.2
1982-03-08,322.547,360.965,4.1
1982-03-09,322.532,355.939,4.3
1982-03-10,322.517,350.798,4.4
1982-03-11,322.523,352.713,4.6
1982-03-12,322.554,363.506,4.5
1982-03-13,322.587,374.554,4.5
1982-03-14,322.577,371.019,4.5
1982-03-15,322.556,364.064,4.6
1982-03-16,322.531,355.598,4.7
1982-03-17,322.56,365.501,4.6
1982-03-18,322.57,367.028,4.7
1982-03-19,322.564,365.123,4.9
1982-03-20,322.606,379.682,4.9
1982-03-21,322.619,384.29,4.8
1982-03-22,322.573,368.029,4.9
1982-03-23,322.557,362.541,5.1
1982-03-24,322.562,364.481,5.3
1982-03-25,322.54,357.048,5.5
1982-03-26,322.536,355.511,5.7
1982-03-27,322.539,356.559,6.0
1982-03-28,322.567,365.93,6.3
1982-03-29,322.612,380.059,6.3
1982-03-30,322.699,411.034,6.0
1982-03-31,322.632,386.838,5.5
1982-04-01,322.614,380.53,5.7
1982-04-02,322.67,400.509,6.6
1982-04-03,322.779,440.151,6.8
1982-04-04,322.762,433.897,6.4
1982-04-05,322.754,430.881,6.9
1982-04-06,322.8,445.917,7.4
1982-04-07,322.866,470.476,7.4
1982-04-08,322.902,484.104,7.1
1982-04-09,323.052,541.475,6.7
1982-04-10,322.909,486.769,6.3
1982-04-11,322.836,458.969,6.5
1982-04-12,322.809,448.861,6.6
1982-04-13,322.796,442.627,6.6
1982-04-14,322.781,437.12,6.8
1982-04-15,322.765,431.08,7.0
1982-04-16,322.74,422.067,7.3
1982-04-17,322.736,420.808,7.6
1982-04-18,322.747,424.661,7.6
1982-04-19,322.762,428.174,7.9
1982-04-20,322.756,426.045,8.1
1982-04-21,322.739,420.127,8.0
1982-04-22,322.72,413.372,8.1
1982-04-23,322.709,409.155,8.2
1982-04-24,322.729,416.512,8.6
1982-04-25,322.73,414.969,7.9
1982-04-26,322.687,399.491,8.1
1982-04-27,322.675,395.116,8.3
1982-04-28,322.677,396.017,8.6
1982-04-29,322.668,392.589,8.6
1982-04-30,322.759,425.442,8.1
1982-05-01,322.736,415.434,7.4
1982-05-02,322.687,397.695,7.0
1982-05-03,322.685,396.991,7.4
1982-05-04,322.689,398.605,8.1
1982-05-05,322.736,415.219,7.9
1982-05-06,322.714,407.321,8.4
1982-05-07,322.71,406.161,8.6
1982-05-08,322.726,409.841,8.7
1982-05-09,322.705,402.339,8.9
1982-05-10,322.748,417.732,9.1
1982-05-11,322.733,412.317,9.2
1982-05-12,322.732,412.12,9.9
1982-05-13,322.766,424.221,10.8
1982-05-14,322.797,435.519,11.2
1982-05-15,322.82,443.677,11.7
1982-05-16,322.859,458.277,12.0
1982-05-17,322.896,472.181,12.3
1982-05-18,322.931,483.591,11.6
1982-05-19,322.994,507.761,12.6
1982-05-20,323.022,518.135,11.8
1982-05-21,323.085,542.23,12.8
1982-05-22,323.108,550.866,13.1
1982-05-23,323.127,558.139,12.0
1982-05-24,323.243,604.193,10.9
1982-05-25,323.315,633.245,10.2
1982-05-26,323.265,612.958,12.3
1982-05-27,323.261,611.394,13.9
1982-05-28,323.271,615.506,13.6
1982-05-29,323.335,640.931,13.4
1982-05-30,323.329,638.642,15.4
1982-05-31,323.334,640.566,15.8
1982-06-01,323.355,649.281,15.7
1982-06-02,323.372,656.226,16.1
1982-06-03,323.402,668.263,16.1
1982-06-04,323.423,678.948,16.4
1982-06-05,323.453,691.647,16.8
1982-06-06,323.514,717.058,16.9
1982-06-07,323.515,717.322,16.8
1982-06-08,323.541,728.554,17.1
1982-06-09,323.542,730.744,18.4
1982-06-10,323.557,737.471,18.4
1982-06-11,323.585,751.227,18.5
1982-06-12,323.658,782.085,17.3
1982-06-13,323.749,823.481,16.2
1982-06-14,323.785,841.375,14.6
1982-06-15,323.834,864.47,14.5
1982-06-16,323.718,814.285,15.6
1982-06-17,324.023,951.422,13.7
1982-06-18,323.92,906.891,14.7
1982-06-19,323.934,913.056,13.9
1982-06-20,323.832,870.23,13.9
1982-06-21,323.768,842.057,14.9
1982-06-22,323.781,849.779,14.7
1982-06-23,323.949,924.466,15.4
1982-06-24,323.888,897.225,14.7
1982-06-25,323.836,874.137,15.4
1982-06-26,323.869,890.924,16.2
1982-06-27,323.898,903.961,15.6
1982-06-28,323.977,939.023,14.5
1982-06-29,324.133,1008.725,14.9
1982-06-30,324.059,975.242,14.5
1982-07-01,323.956,929.767,15.6
1982-07-02,323.895,902.26,16.6
1982-07-03,323.851,882.65,16.9
1982-07-04,323.831,874.169,16.3
1982-07-05,323.816,867.474,16.0
1982-07-06,323.772,848.243,16.8
1982-07-07,323.734,831.956,17.3
1982-07-08,323.7,817.398,17.9
1982-07-09,323.666,802.825,18.9
1982-07-10,323.631,787.683,19.1
1982-07-11,323.598,773.552,19.3
1982-07-12,323.547,750.005,20.4
1982-07-13,323.51,734.507,20.8
1982-07-14,323.466,715.937,21.2
1982-07-15,323.473,718.705,21.4
1982-07-16,323.396,686.303,21.0
1982-07-17,323.378,678.832,21.7
1982-07-18,323.376,678.147,21.8
1982-07-19,323.307,649.889,21.7
1982-07-20,323.262,631.631,21.8
1982-07-21,323.21,611.02,22.1
1982-07-22,323.179,598.457,21.6
1982-07-23,323.164,592.481,21.3
1982-07-24,323.246,625.371,21.3
1982-07-25,323.311,651.425,19.4
1982-07-26,323.389,681.695,18.5
1982-07-27,323.715,819.317,17.8
1982-07-28,323.591,766.715,17.7
1982-07-29,323.382,678.714,18.5
1982-07-30,323.295,643.212,18.8
1982-07-31,323.245,623.067,18.7
1982-08-01,323.211,609.201,17.5
1982-08-02,323.166,591.416,18.1
1982-08-03,323.146,583.467,18.2
1982-08-04,323.149,584.327,17.9
1982-08-05,323.133,576.108,18.0
1982-08-06,323.264,628.698,18.4
1982-08-07,323.343,660.66,18.6
1982-08-08,323.248,622.042,18.5
1982-08-09,323.232,615.988,19.1
1982-08-10,323.2,602.969,19.2
1982-08-11,323.147,581.845,19.5
1982-08-12,323.096,561.539,20.3
1982-08-13,323.061,546.331,20.0
1982-08-14,323.038,537.527,19.9
1982-08-15,323.021,531.05,19.6
1982-08-16,323.179,592.603,19.9
1982-08-17,323.351,662.099,19.8
1982-08-18,323.278,632.673,18.9
1982-08-19,323.122,570.092,19.9
1982-08-20,323.12,567.315,19.4
1982-08-21,323.139,574.643,18.9
1982-08-22,323.076,550.153,19.0
1982-08-23,323.026,531.137,19.5
1982-08-24,322.996,519.885,19.3
1982-08-25,323.006,523.511,18.9
1982-08-26,322.971,508.264,18.9
1982-08-27,322.967,506.893,19.0
1982-08-28,322.985,513.782,18.1
1982-08-29,323.064,543.643,18.1
1982-08-30,323.024,528.401,18.5
1982-08-31,322.996,517.8,18.4
1982-09-01,323.206,597.778,17.4
1982-09-02,323.113,560.593,17.8
1982-09-03,323.092,552.413,18.3
1982-09-04,323.068,543.337,18.7
1982-09-05,323.05,536.589,18.9
1982-09-06,323.037,531.49,19.2
1982-09-07,323.151,575.956,18.3
1982-09-08,323.175,585.045,17.7
1982-09-09,323.18,586.961,18.4
1982-09-10,323.169,582.598,18.7
1982-09-11,323.147,573.945,18.7
1982-09-12,323.126,565.628,18.8
1982-09-13,323.103,556.711,19.0
1982-09-14,323.084,549.289,18.9
1982-09-15,323.059,540.033,19.0
1982-09-16,323.039,532.202,19.1
1982-09-17,323.011,521.724,19.2
1982-09-18,322.989,513.198,19.3
1982-09-19,322.957,500.989,19.4
1982-09-20,322.93,490.768,19.5
1982-09-21,322.904,481.2,19.4
1982-09-22,322.902,480.271,19.1
1982-09-23,322.892,476.273,18.4
1982-09-24,322.89,475.599,17.7
1982-09-25,322.834,454.532,17.9
1982-09-26,322.791,438.916,18.4
1982-09-27,323.033,531.334,18.0
1982-09-28,322.976,508.298,17.2
1982-09-29,322.94,494.668,17.6
1982-09-30,322.92,487.057,17.4
1982-10-01,323.235,610.748,17.0
1982-10-02,323.126,565.792,16.4
1982-10-03,323.038,531.809,16.9
1982-10-04,322.994,515.101,16.9
1982-10-05,322.971,506.575,16.6
1982-10-06,322.994,515.175,16.1
1982-10-07,323.28,627.002,14.3
1982-10-08,323.134,568.546,13.9
1982-10-09,323.091,554.124,14.1
1982-10-10,323.041,535.009,14.1
1982-10-11,323.007,522.131,14.2
1982-10-12,323.05,538.48,13.8
1982-10-13,323.059,542.072,13.1
1982-10-14,323.247,615.658,13.1
1982-10-15,323.119,564.989,12.4
1982-10-16,323.149,576.539,12.2
1982-10-17,323.078,548.962,12.4
1982-10-18,323.038,533.933,12.6
1982-10-19,322.977,510.745,12.8
1982-10-20,322.938,495.791,12.8
1982-10-21,322.904,483.06,12.8
1982-10-22,322.873,471.219,13.0
1982-10-23,322.857,465.194,12.9
1982-10-24,322.849,462.188,12.6
1982-10-25,322.909,484.659,12.1
1982-10-26,322.855,464.363,12.1
1982-10-27,322.813,448.728,12.1
1982-10-28,322.785,438.329,12.2
1982-10-29,322.753,426.742,12.1
1982-10-30,322.726,419.063,12.0
1982-10-31,322.695,407.678,11.8
1982-11-01,322.661,395.62,11.7
1982-11-02,322.638,387.32,11.6
1982-11-03,322.61,377.445,11.6
1982-11-04,322.585,368.931,11.4
1982-11-05,322.562,360.828,11.3
1982-11-06,322.55,357.006,11.0
1982-11-07,322.518,346.214,10.8
1982-11-08,322.495,338.744,10.7
1982-11-09,322.488,336.238,11.1
1982-11-10,322.467,329.7,11.1
1982-11-11,322.454,325.603,11.1
1982-11-12,322.443,322.006,10.9
1982-11-13,322.491,337.368,10.9
1982-11-14,322.508,342.796,10.5
1982-11-15,322.522,347.43,10.0
1982-11-16,322.49,336.926,9.7
1982-11-17,322.476,332.412,9.5
1982-11-18,322.527,349.593,9.2
1982-11-19,322.717,415.748,9.2
1982-11-20,322.634,386.063,9.3
1982-11-21,322.566,362.315,9.0
1982-11-22,322.522,347.257,8.7
1982-11-23,322.496,338.887,8.7
1982-11-24,322.471,330.947,8.5
1982-11-25,322.455,325.731,8.5
1982-11-26,322.448,323.496,8.4
1982-11-27,322.431,318.103,8.4
1982-11-28,322.412,313.686,8.4
1982-11-29,322.424,317.649,8.3
1982-11-30,322.413,314.165,8.0
1982-12-01,322.393,307.903,8.0
1982-12-02,322.359,300.575,7.8
1982-12-03,322.34,294.851,7.7
1982-12-04,322.324,290.218,7.6
1982-12-05,322.307,285.152,7.5
1982-12-06,322.295,281.824,7.4
1982-12-07,322.306,284.795,7.5
1982-12-08,322.329,291.628,7.9
1982-12-09,322.433,323.81,8.0
1982-12-10,322.459,332.176,7.7
1982-12-11,322.521,352.204,7.3
1982-12-12,322.493,344.058,6.7
1982-12-13,322.561,365.904,6.6
1982-12-14,322.502,345.853,6.8
1982-12-15,322.448,328.398,6.6
1982-12-16,322.53,356.306,6.8
1982-12-17,322.871,478.418,7.4
1982-12-18,323.096,564.056,6.8
1982-12-19,322.827,461.333,6.3
1982-12-20,322.801,451.626,6.2
1982-12-21,323.193,602.863,6.3
1982-12-22,322.921,497.028,6.0
1982-12-23,322.799,450.797,5.8
1982-12-24,322.737,428.383,5.8
1982-12-25,322.683,408.959,5.6
1982-12-26,322.635,391.688,5.7
1982-12-27,322.601,379.449,5.9
1982-12-28,322.573,369.738,6.0
1982-12-29,322.618,385.613,5.7
1982-12-30,322.566,367.535,5.2
1982-12-31,322.531,355.65,4.9
1984-01-01,322.308,279.601,5.0
1984-01-02,322.271,269.373,4.7
1984-01-03,322.263,267.105,4.6
1984-01-04,322.257,266.76,4.7
1984-01-05,322.251,265.086,4.5
1984-01-06,322.249,264.613,4.4
1984-01-07,322.241,262.415,4.6
1984-01-08,322.278,272.67,4.6
1984-01-09,322.279,272.955,4.3
1984-01-10,322.243,262.858,4.4
1984-01-11,322.219,256.065,4.3
1984-01-12,322.196,249.839,4.1
1984-01-13,322.2,251.059,4.0
1984-01-14,322.317,287.431,4.4
1984-01-15,322.716,417.273,4.8
1984-01-16,322.486,337.574,4.5
1984-01-17,322.448,325.4,4.5
1984-01-18,322.613,380.577,4.6
1984-01-19,322.477,334.507,4.0
1984-01-20,322.418,315.59,3.7
1984-01-21,322.374,302.332,3.9
1984-01-22,322.356,297.053,3.8
1984-01-23,322.42,317.853,3.8
1984-01-24,322.501,343.893,3.8
1984-01-25,322.418,317.134,3.7
1984-01-26,322.377,304.766,3.6
1984-01-27,322.353,297.255,3.6
1984-01-28,322.327,289.681,3.8
1984-01-29,322.302,282.181,3.8
1984-01-30,322.292,279.472,4.0
1984-01-31,322.285,277.528,4.0
1984-02-01,322.277,275.244,4.0
1984-02-02,322.3,281.868,4.1
1984-02-03,322.332,290.98,4.4
1984-02-04,322.474,335.067,4.4
1984-02-05,322.504,346.85,4.6
1984-02-06,322.72,422.242,4.7
1984-02-07,323.017,535.857,4.5
1984-02-08,323.174,595.169,4.4
1984-02-09,322.893,486.474,4.1
1984-02-10,322.681,408.114,4.1
1984-02-11,322.609,382.335,4.1
1984-02-12,322.563,366.443,3.9
1984-02-13,322.512,347.439,3.3
1984-02-14,322.464,331.772,3.0
1984-02-15,322.429,320.846,2.9
1984-02-16,322.399,311.303,2.9
1984-02-17,322.376,304.485,2.7
1984-02-18,322.356,298.207,2.7
1984-02-19,322.329,290.329,2.7
1984-02-20,322.31,284.651,2.7
1984-02-21,322.298,280.922,2.7
1984-02-22,322.29,277.46,3.3
1984-02-23,322.278,274.1,3.6
1984-02-24,322.268,271.225,3.6
1984-02-25,322.255,267.607,3.3
1984-02-26,322.229,260.252,3.1
1984-02-27,322.225,259.238,3.1
1984-02-28,322.223,257.294,3.2
1984-03-01,322.193,249.019,3.6
1984-03-02,322.183,246.258,3.5
1984-03-03,322.182,245.969,3.4
1984-03-04,322.179,245.181,3.5
1984-03-05,322.162,239.348,3.7
1984-03-06,322.154,237.276,3.6
1984-03-07,322.151,236.377,3.8
1984-03-08,322.161,239.208,3.9
1984-03-09,322.16,238.852,3.9
1984-03-10,322.142,233.917,3.5
1984-03-11,322.129,230.493,3.4
1984-03-12,322.125,228.188,3.4
1984-03-13,322.113,224.98,3.6
1984-03-14,322.11,224.375,3.8
1984-03-15,322.113,224.973,4.1
1984-03-16,322.124,227.935,4.3
1984-03-17,322.133,230.261,4.3
1984-03-18,322.147,234.031,4.5
1984-03-19,322.162,237.991,4.6
1984-03-20,322.157,236.555,4.7
1984-03-21,322.157,236.796,4.7
1984-03-22,322.178,242.353,4.9
1984-03-23,322.185,244.41,5.1
1984-03-24,322.186,244.526,5.2
1984-03-25,322.201,248.453,5.3
1984-03-26,322.202,248.717,5.5
1984-03-27,322.24,259.342,5.7
1984-03-28,322.32,281.872,6.3
1984-03-29,322.42,313.38,6.5
1984-03-30,322.394,305.3,5.9
1984-03-31,322.326,285.03,5.7
1984-04-01,322.348,291.646,6.0
1984-04-02,322.556,357.337,6.1
1984-04-03,322.466,327.651,5.6
1984-04-04,322.418,314.258,5.4
1984-04-05,322.378,302.022,5.6
1984-04-06,322.363,297.423,5.7
1984-04-07,322.352,294.051,6.0
1984-04-08,322.345,292.059,6.1
1984-04-09,322.358,295.804,6.3
1984-04-10,322.351,295.408,6.5
1984-04-11,322.349,294.626,6.9
1984-04-12,322.344,293.128,6.8
1984-04-13,322.382,304.788,6.9
1984-04-14,322.37,300.983,7.2
1984-04-15,322.389,306.748,7.9
1984-04-16,322.44,322.888,8.4
1984-04-17,322.469,333.357,7.7
1984-04-18,322.424,319.056,6.6
1984-04-19,322.39,308.704,7.3
1984-04-20,322.376,304.215,8.1
1984-04-21,322.402,312.417,8.8
1984-04-22,322.455,329.014,9.5
1984-04-23,322.489,340.119,9.7
1984-04-24,322.523,351.47,10.3
1984-04-25,322.528,354.641,10.7
1984-04-26,322.505,346.857,11.2
1984-04-27,322.513,349.767,10.9
1984-04-28,322.51,348.311,10.3
1984-04-29,322.497,344.557,10.9
1984-04-30,322.473,336.592,10.7
1984-05-01,322.453,329.85,10.4
1984-05-02,322.442,326.41,10.2
1984-05-03,322.467,334.647,10.3
1984-05-04,322.5,345.016,9.9
1984-05-05,322.512,349.141,9.5
1984-05-06,322.564,366.74,11.2
1984-05-07,322.646,395.678,11.3
1984-05-08,322.724,423.467,10.9
1984-05-09,322.674,405.577,10.6
1984-05-10,322.641,393.787,11.2
1984-05-11,322.643,394.368,11.2
1984-05-12,322.629,389.378,11.0
1984-05-13,322.613,383.78,10.6
1984-05-14,322.606,381.188,10.6
1984-05-15,322.614,382.489,10.7
1984-05-16,322.614,382.394,11.2
1984-05-17,322.676,404.61,11.7
1984-05-18,322.678,405.116,11.2
1984-05-19,322.662,399.613,11.5
1984-05-20,322.669,402.183,12.1
1984-05-21,322.811,454.038,10.6
1984-05-22,322.806,451.738,11.0
1984-05-23,322.769,438.263,10.7
1984-05-24,322.766,436.929,11.4
1984-05-25,322.801,449.809,10.9
1984-05-26,322.822,457.455,11.0
1984-05-27,322.813,454.145,12.0
1984-05-28,322.807,452.009,11.5
1984-05-29,322.812,452.159,10.9
1984-05-30,322.801,447.883,11.1
1984-05-31,323.149,581.554,11.0
1984-06-01,323.023,532.023,11.2
1984-06-02,322.943,501.417,12.6
1984-06-03,322.893,480.983,13.0
1984-06-04,322.882,476.436,12.8
1984-06-05,322.896,481.76,11.8
1984-06-06,323.064,545.806,12.3
1984-06-07,323.106,561.884,12.1
1984-06-08,323.038,533.897,12.5
1984-06-09,322.99,515.754,12.4
1984-06-10,322.974,509.458,12.8
1984-06-11,322.948,497.802,13.8
1984-06-12,322.925,488.976,14.5
1984-06-13,322.908,482.536,14.7
1984-06-14,322.906,480.042,14.9
1984-06-15,322.92,485.288,14.3
1984-06-16,322.945,492.682,15.1
1984-06-17,322.952,495.449,17.0
1984-06-18,322.954,494.472,17.4
1984-06-19,322.961,496.898,17.7
1984-06-20,322.972,499.057,18.1
1984-06-21,322.991,504.565,18.0
1984-06-22,323.062,531.461,17.3
1984-06-23,323.136,558.032,16.3
1984-06-24,323.311,629.317,14.5
1984-06-25,323.478,694.009,14.8
1984-06-26,323.328,631.999,15.6
1984-06-27,323.303,620.198,16.1
1984-06-28,323.299,618.462,17.0
1984-06-29,323.499,700.822,15.7
1984-06-30,323.46,683.955,15.6
1984-07-01,323.378,650.528,15.7
1984-07-02,323.34,635.011,17.0
1984-07-03,323.469,686.081,15.2
1984-07-04,323.49,694.245,15.1
1984-07-05,323.43,669.726,16.1
1984-07-06,323.4,657.267,16.3
1984-07-07,323.365,641.162,16.6
1984-07-08,323.324,624.714,17.0
1984-07-09,323.286,609.593,17.8
1984-07-10,323.262,599.824,18.1
1984-07-11,323.239,590.766,18.5
1984-07-12,323.212,579.948,18.8
1984-07-13,323.228,584.059,18.1
1984-07-14,323.208,576.223,18.0
1984-07-15,323.203,574.438,18.0
1984-07-16,323.257,595.613,17.0
1984-07-17,323.219,580.761,17.6
1984-07-18,323.18,565.136,18.1
1984-07-19,323.146,552.172,18.9
1984-07-20,323.108,537.781,18.5
1984-07-21,323.07,521.611,18.9
1984-07-22,323.029,505.69,19.6
1984-07-23,322.996,493.355,19.8
1984-07-24,322.972,484.067,19.9
1984-07-25,322.947,474.556,20.0
1984-07-26,323.253,594.911,19.2
1984-07-27,323.187,566.175,18.0
1984-07-28,323.072,522.169,18.4
1984-07-29,323.039,509.56,18.4
1984-07-30,323.008,497.864,19.9
1984-07-31,322.971,483.802,20.7
1984-08-01,322.944,473.505,20.5
1984-08-02,322.933,469.169,19.1
1984-08-03,322.913,461.493,20.3
1984-08-04,322.893,453.977,20.8
1984-08-05,322.895,454.843,20.2
1984-08-06,322.874,447.193,19.7
1984-08-07,322.872,446.186,19.7
1984-08-08,322.858,441.379,20.4
1984-08-09,322.843,435.708,19.8
1984-08-10,322.926,467.539,19.6
1984-08-11,323.775,809.363,18.0
1984-08-12,323.493,689.912,17.3
1984-08-13,323.28,603.141,18.4
1984-08-14,323.247,589.911,18.8
1984-08-15,323.203,572.302,19.0
1984-08-16,323.155,553.506,19.1
1984-08-17,323.119,540.097,19.4
1984-08-18,323.086,529.095,19.6
1984-08-19,323.053,516.832,19.8
1984-08-20,323.012,501.011,20.1
1984-08-21,322.981,489.227,20.4
1984-08-22,322.946,476.161,20.5
1984-08-23,322.918,465.635,20.6
1984-08-24,322.881,453.398,20.8
1984-08-25,322.855,443.777,20.1
1984-08-26,322.849,441.781,19.5
1984-08-27,322.886,455.428,19.4
1984-08-28,322.868,450.285,19.7
1984-08-29,322.83,436.771,20.2
1984-08-30,322.8,425.829,20.3
1984-08-31,322.773,416.118,20.1
1984-09-01,322.748,408.664,20.2
1984-09-02,322.714,396.58,20.3
1984-09-03,322.677,383.275,20.5
1984-09-04,322.647,374.658,20.3
1984-09-05,322.761,417.158,19.7
1984-09-06,323.846,851.063,16.8
1984-09-07,323.337,636.276,16.4
1984-09-08,323.122,552.659,17.2
1984-09-09,323.05,524.912,17.0
1984-09-10,323.171,573.168,16.2
1984-09-11,323.216,589.379,15.1
1984-09-12,323.12,553.757,15.6
1984-09-13,323.083,539.482,15.7
1984-09-14,323.054,528.486,16.7
1984-09-15,323.304,627.583,16.6
1984-09-16,323.449,688.033,15.5
1984-09-17,324.089,964.436,14.6
1984-09-18,323.698,792.914,14.6
1984-09-19,323.557,732.949,15.3
1984-09-20,323.497,707.902,15.7
1984-09-21,323.454,691.727,15.8
1984-09-22,323.904,886.027,15.0
1984-09-23,324.082,963.582,14.1
1984-09-24,324.104,973.406,13.9
1984-09-25,323.823,849.026,13.6
1984-09-26,323.839,858.029,13.6
1984-09-27,323.973,916.988,13.2
1984-09-28,323.943,903.816,13.7
1984-09-29,323.76,823.563,14.0
1984-09-30,323.671,785.422,14.2
1984-10-01,323.597,756.035,14.2
1984-10-02,323.792,839.536,14.0
1984-10-03,323.681,791.838,13.1
1984-10-04,323.598,756.542,13.3
1984-10-05,323.586,751.569,13.4
1984-10-06,323.57,747.029,13.4
1984-10-07,323.531,730.398,12.9
1984-10-08,323.542,735.055,12.9
1984-10-09,323.473,706.32,13.1
1984-10-10,323.425,686.067,13.4
1984-10-11,323.377,666.496,13.4
1984-10-12,323.34,653.222,13.4
1984-10-13,323.295,634.885,13.5
1984-10-14,323.251,617.442,13.4
1984-10-15,323.204,598.514,13.2
1984-10-16,323.168,584.333,13.1
1984-10-17,323.132,569.962,13.1
1984-10-18,323.097,558.054,13.2
1984-10-19,323.066,546.529,13.1
1984-10-20,323.026,531.003,13.0
1984-10-21,322.991,518.006,12.8
1984-10-22,322.951,502.839,12.7
1984-10-23,322.923,492.139,12.7
1984-10-24,322.892,480.153,12.8
1984-10-25,322.876,475.936,12.8
1984-10-26,322.853,467.403,12.8
1984-10-27,322.83,458.607,12.6
1984-10-28,322.805,449.385,12.5
1984-10-29,322.775,438.542,12.2
1984-10-30,322.744,427.205,12.1
1984-10-31,322.719,418.087,12.0
1984-11-01,322.69,407.682,11.8
1984-11-02,322.66,397.426,11.7
1984-11-03,322.635,389.666,11.6
1984-11-04,322.612,381.71,11.6
1984-11-05,322.577,369.338,11.6
1984-11-06,322.549,359.845,11.3
1984-11-07,322.51,346.769,11.3
1984-11-08,322.474,335.066,11.1
1984-11-09,322.453,328.292,11.0
1984-11-10,322.438,323.467,11.0
1984-11-11,322.414,315.914,10.9
1984-11-12,322.394,309.857,10.7
1984-11-13,322.375,303.982,10.7
1984-11-14,322.353,297.502,10.6
1984-11-15,322.335,292.077,10.4
1984-11-16,322.324,288.891,10.3
1984-11-17,322.311,284.843,10.2
1984-11-18,322.309,284.317,10.1
1984-11-19,322.29,278.787,10.0
1984-11-20,322.278,276.973,9.9
1984-11-21,322.275,276.047,9.8
1984-11-22,322.309,286.098,9.6
1984-11-23,322.394,311.54,9.9
1984-11-24,322.36,301.284,10.2
1984-11-25,322.355,299.524,9.9
1984-11-26,322.41,317.085,9.6
1984-11-27,322.773,441.996,9.3
1984-11-28,322.54,358.749,8.7
1984-11-29,322.456,330.945,8.6
1984-11-30,322.421,319.777,8.4
1984-12-01,322.389,309.731,8.3
1984-12-02,322.365,302.421,8.3
1984-12-03,322.347,297.199,8.5
1984-12-04,322.321,289.417,8.7
1984-12-05,322.307,285.031,8.6
1984-12-06,322.288,279.807,8.3
1984-12-07,322.274,275.725,8.2
1984-12-08,322.257,270.998,8.2
1984-12-09,322.237,265.469,8.0
1984-12-10,322.226,262.362,8.0
1984-12-11,322.218,260.177,8.1
1984-12-12,322.2,255.188,8.0
1984-12-13,322.192,252.989,7.9
1984-12-14,322.2,254.977,7.9
1984-12-15,322.212,258.51,7.8
1984-12-16,322.246,268.064,7.6
1984-12-17,322.926,501.405,7.3
1984-12-18,322.621,387.048,7.0
1984-12-19,322.551,362.378,7.0
1984-12-20,322.488,341.39,6.7
1984-12-21,322.45,328.952,6.6
1984-12-22,322.505,346.876,6.7
1984-12-23,322.454,328.754,6.2
1984-12-24,322.407,313.884,6.3
1984-12-25,322.386,307.386,6.5
1984-12-26,322.357,298.524,6.5
1984-12-27,322.333,291.279,6.3
1984-12-28,322.311,284.88,6.3
1984-12-29,322.293,279.807,6.2
1984-12-30,322.272,273.63,5.9
1984-12-31,322.253,268.449,5.6
1987-01-01,322.493,348.839,5.7
1987-01-02,322.916,501.153,6.0
1987-01-03,322.61,388.285,5.5
1987-01-04,322.462,337.728,4.8
1987-01-05,322.405,319.562,4.4
1987-01-06,322.513,354.999,4.6
1987-01-07,322.491,347.592,4.5
1987-01-08,322.421,324.605,3.9
1987-01-09,322.376,310.787,3.3
1987-01-10,322.365,308.663,3.2
1987-01-11,322.341,301.237,3.3
1987-01-12,322.277,282.444,2.4
1987-01-13,322.262,277.92,1.5
1987-01-14,322.264,278.584,1.7
1987-01-15,322.262,278.167,1.9
1987-01-16,322.255,276.037,2.2
1987-01-17,322.24,271.906,2.3
1987-01-18,322.222,266.84,2.3
1987-01-19,322.215,264.693,2.4
1987-01-20,322.204,261.596,2.5
1987-01-21,322.187,256.916,2.7
1987-01-22,322.172,252.782,2.8
1987-01-23,322.166,251.219,2.7
1987-01-24,322.15,247.023,2.8
1987-01-25,322.146,245.943,3.1
1987-01-26,322.138,243.558,3.1
1987-01-27,322.127,240.71,2.9
1987-01-28,322.124,239.875,2.9
1987-01-29,322.105,234.672,2.7
1987-01-30,322.102,233.981,2.3
1987-01-31,322.076,227.313,1.8
1987-02-01,322.061,223.361,1.7
1987-02-02,322.049,221.223,1.9
1987-02-03,322.044,220.223,2.2
1987-02-04,322.046,220.882,2.6
1987-02-05,322.044,220.16,3.2
1987-02-06,322.029,216.543,3.3
1987-02-07,322.054,222.977,3.3
1987-02-08,322.255,277.674,3.4
1987-02-09,322.229,270.299,3.2
1987-02-10,322.36,308.654,3.8
1987-02-11,322.338,302.104,3.8
1987-02-12,322.272,282.418,4.0
1987-02-13,322.244,274.365,4.1
1987-02-14,322.215,266.14,4.1
1987-02-15,322.179,256.097,4.1
1987-02-16,322.181,256.625,4.1
1987-02-17,322.173,254.493,3.9
1987-02-18,322.162,251.542,3.6
1987-02-19,322.15,248.288,3.4
1987-02-20,322.138,245.044,3.4
1987-02-21,322.147,247.414,3.3
1987-02-22,322.131,243.128,3.4
1987-02-23,322.125,242.789,3.7
1987-02-24,322.121,241.665,3.8
1987-02-25,322.109,238.572,3.7
1987-02-26,322.12,241.489,3.9
1987-02-27,322.378,317.602,4.1
1987-02-28,322.911,505.589,4.6
1987-03-01,323.072,566.044,5.1
1987-03-02,322.981,531.602,5.3
1987-03-03,323.245,635.941,5.0
1987-03-04,322.874,492.279,3.4
1987-03-05,322.77,452.969,3.3
1987-03-06,322.698,426.792,3.3
1987-03-07,322.659,413.006,3.2
1987-03-08,322.613,396.408,3.1
1987-03-09,322.578,383.763,3.2
1987-03-10,322.551,374.418,3.1
1987-03-11,322.524,365.162,3.3
1987-03-12,322.492,354.076,3.4
1987-03-13,322.476,348.774,3.3
1987-03-14,322.458,342.948,3.6
1987-03-15,322.422,332.955,3.7
1987-03-16,322.398,325.206,3.7
1987-03-17,322.385,321.118,3.8
1987-03-18,322.373,317.085,3.8
1987-03-19,322.41,328.985,4.1
1987-03-20,322.417,331.093,4.2
1987-03-21,322.397,324.861,4.0
1987-03-22,322.378,318.896,4.3
1987-03-23,322.358,312.363,4.3
1987-03-24,322.37,316.365,4.7
1987-03-25,322.441,338.866,5.2
1987-03-26,322.504,359.961,5.3
1987-03-27,322.554,377.09,5.2
1987-03-28,322.797,467.692,5.5
1987-03-29,322.806,468.79,5.2
1987-03-30,322.62,400.69,4.9
1987-03-31,322.549,375.299,4.9
1987-04-01,322.503,359.714,5.0
1987-04-02,322.473,349.384,5.1
1987-04-03,322.452,342.639,5.5
1987-04-04,322.45,341.827,5.7
1987-04-05,322.642,408.763,6.2
1987-04-06,322.531,369.283,6.4
1987-04-07,322.516,364.205,6.8
1987-04-08,322.544,373.708,6.9
1987-04-09,322.589,389.524,6.9
1987-04-10,323.041,561.379,7.0
1987-04-11,323.078,571.252,6.4
1987-04-12,322.855,485.214,6.6
1987-04-13,322.805,466.312,6.2
1987-04-14,322.766,451.456,6.3
1987-04-15,322.729,438.079,6.9
1987-04-16,322.703,428.859,7.6
1987-04-17,322.677,419.231,8.2
1987-04-18,322.688,423.32,8.7
1987-04-19,322.732,437.402,9.0
1987-04-20,322.846,480.197,8.7
1987-04-21,323.115,583.037,7.7
1987-04-22,322.941,515.859,6.9
1987-04-23,322.845,479.543,8.1
1987-04-24,322.827,471.011,9.9
1987-04-25,322.826,470.548,10.0
1987-04-26,322.83,472.009,9.9
1987-04-27,322.843,476.756,9.2
1987-04-28,322.83,471.762,10.1
1987-04-29,322.835,471.865,11.6
1987-04-30,322.852,478.478,11.3
1987-05-01,322.858,480.778,10.7
1987-05-02,322.867,484.013,11.7
1987-05-03,322.97,523.094,11.1
1987-05-04,323.094,568.801,8.8
1987-05-05,323.129,582.581,8.2
1987-05-06,323.293,648.644,9.4
1987-05-07,323.373,679.125,9.3
1987-05-08,323.239,624.682,10.5
1987-05-09,323.187,603.921,11.2
1987-05-10,323.14,583.218,11.2
1987-05-11,323.254,628.896,10.0
1987-05-12,323.24,622.887,9.3
1987-05-13,323.215,611.092,8.7
1987-05-14,323.295,642.88,8.5
1987-05-15,323.271,633.321,9.2
1987-05-16,323.284,636.619,9.0
1987-05-17,323.299,642.715,9.1
1987-05-18,323.207,605.872,10.1
1987-05-19,323.178,592.071,10.1
1987-05-20,323.149,580.623,9.6
1987-05-21,323.249,620.684,9.1
1987-05-22,323.299,640.307,8.6
1987-05-23,323.266,625.501,9.4
1987-05-24,323.21,603.081,10.7
1987-05-25,323.159,582.633,11.4
1987-05-26,323.117,566.068,11.3
1987-05-27,323.106,561.756,12.1
1987-05-28,323.134,572.595,10.5
1987-05-29,323.145,577.166,9.9
1987-05-30,323.222,607.628,10.7
1987-05-31,323.178,590.368,11.2
1987-06-01,323.221,607.263,11.9
1987-06-02,323.22,607.076,11.4
1987-06-03,323.192,595.884,12.3
1987-06-04,323.263,624.487,11.8
1987-06-05,323.47,709.027,11.4
1987-06-06,323.433,693.581,11.2
1987-06-07,323.426,690.851,12.0
1987-06-08,323.654,786.993,12.3
1987-06-09,323.697,805.576,11.5
1987-06-10,323.616,772.601,12.4
1987-06-11,323.558,748.348,13.0
1987-06-12,323.523,733.302,13.6
1987-06-13,323.526,734.869,13.6
1987-06-14,323.616,774.678,14.3
1987-06-15,323.789,850.823,14.4
1987-06-16,324.524,1180.543,12.3
1987-06-17,324.341,1098.215,11.0
1987-06-18,324.298,1078.623,11.0
1987-06-19,324.278,1071.272,11.2
1987-06-20,324.193,1033.061,11.7
1987-06-21,324.12,1002.409,11.1
1987-06-22,324.089,988.869,11.6
1987-06-23,324.0,951.514,12.2
1987-06-24,323.95,931.593,12.0
1987-06-25,324.097,997.316,12.1
1987-06-26,324.059,981.848,12.6
1987-06-27,324.058,981.688,12.7
1987-06-28,324.023,968.24,13.5
1987-06-29,323.985,953.92,14.4
1987-06-30,323.964,944.669,15.0
1987-07-01,323.976,951.843,15.3
1987-07-02,324.091,1002.776,15.5
1987-07-03,324.042,981.18,16.6
1987-07-04,324.037,980.995,17.4
1987-07-05,324.025,976.014,18.2
1987-07-06,324.014,970.74,19.2
1987-07-07,324.0,964.797,19.2
1987-07-08,324.034,979.878,18.4
1987-07-09,324.101,1009.542,18.0
1987-07-10,324.089,1004.472,18.7
1987-07-11,324.031,978.258,19.3
1987-07-12,323.983,957.168,19.5
1987-07-13,323.939,937.887,19.1
1987-07-14,323.907,923.393,20.3
1987-07-15,323.865,904.444,20.6
1987-07-16,323.941,938.437,20.3
1987-07-17,323.857,900.959,20.1
1987-07-18,323.89,915.95,19.4
1987-07-19,324.369,1131.812,18.4
1987-07-20,324.19,1049.676,18.8
1987-07-21,324.158,1035.417,18.3
1987-07-22,324.143,1028.379,17.8
1987-07-23,324.118,1015.232,18.3
1987-07-24,324.124,1017.839,18.2
1987-07-25,324.092,1003.289,18.3
1987-07-26,324.286,1091.967,17.3
1987-07-27,324.245,1072.355,17.2
1987-07-28,324.402,1144.711,16.2
1987-07-29,324.286,1091.052,16.5
1987-07-30,324.218,1057.917,16.5
1987-07-31,324.301,1095.617,15.7
1987-08-01,324.189,1045.025,16.2
1987-08-02,324.144,1024.459,14.9
1987-08-03,324.177,1039.461,15.0
1987-08-04,324.14,1020.383,15.0
1987-08-05,324.119,1011.093,15.4
1987-08-06,324.125,1013.53,15.4
1987-08-07,324.103,1001.764,15.6
1987-08-08,324.049,977.715,15.3
1987-08-09,323.999,955.469,15.3
1987-08-10,323.959,935.594,15.3
1987-08-11,323.921,917.799,15.4
1987-08-12,323.896,887.38,16.2
1987-08-13,323.842,863.719,16.2
1987-08-14,323.786,839.364,16.8
1987-08-15,323.737,818.118,16.5
1987-08-16,323.687,796.591,17.0
1987-08-17,323.633,773.535,17.7
1987-08-18,323.623,769.171,17.8
1987-08-19,323.6,759.555,16.8
1987-08-20,323.542,735.043,17.9
1987-08-21,323.489,715.095,18.8
1987-08-22,323.439,693.908,19.3
1987-08-23,323.393,674.96,19.4
1987-08-24,323.413,683.29,18.8
1987-08-25,323.551,741.033,18.7
1987-08-26,323.498,718.661,17.6
1987-08-27,323.439,694.098,17.8
1987-08-28,323.407,680.732,18.1
1987-08-29,323.386,674.226,17.9
1987-08-30,323.341,655.858,18.7
1987-08-31,323.303,640.324,18.9
1987-09-01,323.275,628.891,19.0
1987-09-02,323.278,630.411,18.9
1987-09-03,323.261,623.247,18.8
1987-09-04,323.216,605.202,19.3
1987-09-05,323.219,606.435,19.0
1987-09-06,323.357,663.105,18.6
1987-09-07,323.303,642.277,17.9
1987-09-08,323.198,600.354,18.3
1987-09-09,323.177,591.645,18.3
1987-09-10,323.151,581.409,18.6
1987-09-11,323.104,562.968,18.2
1987-09-12,323.074,551.279,18.0
1987-09-13,323.037,537.178,18.2
1987-09-14,323.005,525.101,18.5
1987-09-15,322.977,516.417,18.8
1987-09-16,322.945,504.267,19.2
1987-09-17,322.914,492.308,19.6
1987-09-18,322.881,479.717,19.7
1987-09-19,322.851,468.539,19.4
1987-09-20,322.815,455.037,19.4
1987-09-21,322.783,443.142,19.6
1987-09-22,322.752,431.76,19.6
1987-09-23,322.72,420.38,20.0
1987-09-24,322.712,419.181,19.5
1987-09-25,322.723,423.156,18.4
1987-09-26,323.29,644.012,17.9
1987-09-27,323.586,764.703,17.0
1987-09-28,323.206,607.537,16.8
1987-09-29,323.034,539.91,17.1
1987-09-30,322.966,514.109,17.0
1987-10-01,322.917,495.523,16.7
1987-10-02,322.878,480.524,16.3
1987-10-03,322.846,468.332,16.0
1987-10-04,322.812,457.339,15.9
1987-10-05,322.776,444.215,15.7
1987-10-06,322.737,430.189,15.6
1987-10-07,322.712,421.171,15.4
1987-10-08,322.702,417.647,15.0
1987-10-09,322.685,411.386,14.5
1987-10-10,322.672,406.78,14.4
1987-10-11,322.643,396.364,14.8
1987-10-12,322.616,386.8,14.6
1987-10-13,322.622,390.527,13.8
1987-10-14,322.637,395.798,13.6
1987-10-15,322.651,400.86,13.8
1987-10-16,322.607,384.974,14.1
1987-10-17,322.588,378.359,14.1
1987-10-18,322.602,383.287,13.5
1987-10-19,322.599,382.208,13.4
1987-10-20,322.567,371.162,13.3
1987-10-21,322.551,365.598,13.2
1987-10-22,322.565,370.552,13.3
1987-10-23,322.568,371.677,13.0
1987-10-24,322.542,362.527,12.7
1987-10-25,322.52,355.169,13.1
1987-10-26,322.517,355.953,13.0
1987-10-27,322.492,347.457,12.9
1987-10-28,322.477,342.365,12.8
1987-10-29,322.462,337.764,12.7
1987-10-30,322.444,331.722,12.7
1987-10-31,322.428,326.627,12.6
1987-11-01,322.41,320.803,12.5
1987-11-02,322.39,313.017,12.4
1987-11-03,322.367,306.238,12.0
1987-11-04,322.354,302.246,11.7
1987-11-05,322.335,296.514,11.3
1987-11-06,322.316,290.759,11.0
1987-11-07,322.298,285.292,10.9
1987-11-08,322.275,278.819,10.8
1987-11-09,322.243,269.905,10.8
1987-11-10,322.245,270.477,10.9
1987-11-11,322.254,271.593,10.9
1987-11-12,322.256,272.094,10.6
1987-11-13,322.361,304.479,10.1
1987-11-14,322.493,344.984,9.9
1987-11-15,322.353,300.442,9.5
1987-11-16,322.332,294.188,9.6
1987-11-17,322.413,320.115,9.9
1987-11-18,322.42,319.597,9.8
1987-11-19,322.352,298.565,9.7
1987-11-20,322.42,320.504,9.4
1987-11-21,322.492,342.899,9.0
1987-11-22,322.482,339.339,8.9
1987-11-23,322.461,332.437,8.9
1987-11-24,322.417,318.349,8.6
1987-11-25,322.387,307.631,8.4
1987-11-26,322.365,300.976,8.4
1987-11-27,322.345,295.104,8.2
1987-11-28,322.33,290.437,8.2
1987-11-29,322.31,284.627,8.1
1987-11-30,322.3,281.715,7.9
1987-12-01,322.291,279.095,7.7
1987-12-02,322.278,275.325,7.5
1987-12-03,322.264,271.548,7.3
1987-12-04,322.254,268.747,7.2
1987-12-05,322.239,263.112,7.0
1987-12-06,322.262,269.683,7.0
1987-12-07,322.518,349.474,7.2
1987-12-08,322.517,347.788,6.6
1987-12-09,322.401,310.57,5.7
1987-12-10,322.351,295.448,5.1
1987-12-11,322.32,286.148,5.0
1987-12-12,322.301,280.56,5.0
1987-12-13,322.283,275.314,5.2
1987-12-14,322.266,270.616,5.4
1987-12-15,322.255,267.575,5.4
1987-12-16,322.274,272.973,5.8
1987-12-17,322.381,304.456,6.1
1987-12-18,322.49,338.99,6.7
1987-12-19,323.08,557.732,7.2
1987-12-20,322.886,479.98,6.9
1987-12-21,322.725,420.536,6.6
1987-12-22,322.66,396.995,6.2
1987-12-23,322.628,385.681,6.1
1987-12-24,322.595,373.881,5.9
1987-12-25,322.566,363.948,5.7
1987-12-26,322.531,351.992,5.8
1987-12-27,322.505,343.507,6.1
1987-12-28,322.475,333.893,6.0
1987-12-29,322.456,327.857,5.9
1987-12-30,322.439,322.236,5.8
1987-12-31,322.422,316.776,5.8
1988-01-01,322.408,312.385,5.8
1989-01-01,322.595,373.917,5.2
1989-01-02,322.568,364.763,5.1
1989-01-03,322.536,353.768,5.1
1989-01-04,322.511,345.371,4.9
1989-01-05,322.495,340.295,4.8
1989-01-06,322.484,335.018,5.0
1989-01-07,322.46,327.448,5.2
1989-01-08,322.467,329.541,5.3
1989-01-09,322.488,336.28,5.4
1989-01-10,322.468,330.126,5.4
1989-01-11,322.457,326.378,5.4
1989-01-12,322.442,321.511,5.4
1989-01-13,322.438,320.427,5.4
1989-01-14,322.453,325.217,5.3
1989-01-15,322.421,314.862,5.2
1989-01-16,322.41,311.457,5.3
1989-01-17,322.386,304.28,5.2
1989-01-18,322.375,300.883,5.1
1989-01-19,322.365,296.558,5.0
1989-01-20,322.357,294.131,4.9
1989-01-21,322.349,291.603,4.8
1989-01-22,322.336,287.857,4.8
1989-01-23,322.319,282.883,4.9
1989-01-24,322.309,280.13,4.9
1989-01-25,322.297,276.599,4.7
1989-01-26,322.293,275.441,4.6
1989-01-27,322.284,272.959,4.5
1989-01-28,322.279,271.39,4.4
1989-01-29,322.264,265.833,4.3
1989-01-30,322.255,263.423,4.2
1989-01-31,322.245,260.702,4.3
1989-02-01,322.235,257.984,4.3
1989-02-02,322.224,254.885,4.3
1989-02-03,322.22,253.624,4.1
1989-02-04,322.215,252.246,4.1
1989-02-05,322.201,248.525,4.1
1989-02-06,322.193,246.353,4.3
1989-02-07,322.179,242.672,4.5
1989-02-08,322.166,239.109,4.4
1989-02-09,322.16,237.339,4.3
1989-02-10,322.158,236.958,4.3
1989-02-11,322.148,234.117,4.3
1989-02-12,322.132,230.107,4.4
1989-02-13,322.131,229.644,4.5
1989-02-14,322.138,231.642,4.7
1989-02-15,322.115,226.902,4.7
1989-02-16,322.123,229.018,4.6
1989-02-17,322.13,230.743,4.8
1989-02-18,322.121,228.479,4.8
1989-02-19,322.148,235.496,5.1
1989-02-20,322.222,255.575,5.3
1989-02-21,322.343,292.237,5.4
1989-02-22,322.731,420.826,5.6
1989-02-23,322.504,342.135,5.5
1989-02-24,322.407,311.187,5.6
1989-02-25,322.38,302.541,5.6
1989-02-26,322.349,293.103,5.5
1989-02-27,322.355,296.472,5.1
1989-02-28,322.457,328.106,4.8
1989-03-01,322.467,331.291,5.0
1989-03-02,322.455,327.728,5.3
1989-03-03,322.476,335.851,5.6
1989-03-04,322.706,415.441,5.8
1989-03-05,322.61,381.31,5.8
1989-03-06,322.514,348.086,5.9
1989-03-07,322.48,336.893,6.2
1989-03-08,322.46,332.357,6.4
1989-03-09,322.452,329.585,6.3
1989-03-10,322.412,316.985,6.2
1989-03-11,322.396,311.855,6.4
1989-03-12,322.377,306.18,6.7
1989-03-13,322.372,304.502,6.9
1989-03-14,322.438,326.883,7.0
1989-03-15,322.409,317.489,6.6
1989-03-16,322.527,356.557,6.5
1989-03-17,322.566,369.169,6.8
1989-03-18,322.615,386.702,6.6
1989-03-19,322.638,394.486,6.3
1989-03-20,322.568,369.92,6.4
1989-03-21,322.51,350.354,6.8
1989-03-22,322.486,342.132,6.9
1989-03-23,322.473,337.98,6.8
1989-03-24,322.5,346.879,6.8
1989-03-25,322.455,332.404,6.6
1989-03-26,322.445,327.558,7.4
1989-03-27,322.44,325.925,7.9
1989-03-28,322.428,321.969,8.3
1989-03-29,322.423,320.378,8.7
1989-03-30,322.426,321.359,8.7
1989-03-31,322.432,323.136,9.1
1989-04-01,322.433,321.906,9.2
1989-04-02,322.699,414.858,8.8
1989-04-03,322.737,426.843,8.2
1989-04-04,322.626,386.522,7.7
1989-04-05,322.606,379.461,7.8
1989-04-06,322.628,385.5,8.3
1989-04-07,322.605,377.398,8.2
1989-04-08,322.585,370.415,8.5
1989-04-09,322.601,375.941,8.7
1989-04-10,322.568,364.857,9.2
1989-04-11,322.552,357.685,9.1
1989-04-12,322.538,352.896,9.3
1989-04-13,322.555,358.552,9.0
1989-04-14,322.564,361.649,8.1
1989-04-15,322.659,393.072,7.9
1989-04-16,322.644,387.689,8.1
1989-04-17,322.787,440.082,8.7
1989-04-18,323.268,624.305,8.2
1989-04-19,322.974,507.666,8.2
1989-04-20,322.926,489.547,8.4
1989-04-21,323.021,525.582,8.8
1989-04-22,323.078,545.266,8.5
1989-04-23,322.983,509.074,8.2
1989-04-24,322.94,492.752,8.6
1989-04-25,322.873,467.246,9.3
1989-04-26,322.826,449.917,9.2
1989-04-27,322.802,440.876,9.0
1989-04-28,322.806,440.5,8.2
1989-04-29,322.805,440.326,8.2
1989-04-30,322.765,425.731,8.4
1989-05-01,322.728,412.44,8.9
1989-05-02,322.695,400.558,9.6
1989-05-03,322.679,394.837,10.3
1989-05-04,322.654,385.887,11.0
1989-05-05,322.627,376.192,11.7
1989-05-06,322.605,368.829,12.2
1989-05-07,322.594,365.166,11.4
1989-05-08,322.577,357.714,11.4
1989-05-09,322.554,349.748,13.2
1989-05-10,322.561,352.207,12.7
1989-05-11,322.602,365.973,11.1
1989-05-12,322.649,382.114,10.3
1989-05-13,322.679,393.139,10.8
1989-05-14,322.691,397.431,10.6
1989-05-15,322.765,424.104,11.3
1989-05-16,322.712,405.129,12.1
1989-05-17,322.671,390.227,13.0
1989-05-18,322.648,382.085,13.8
1989-05-19,322.647,381.567,14.7
1989-05-20,322.658,385.572,15.0
1989-05-21,322.662,386.829,15.5
1989-05-22,322.666,386.559,16.2
1989-05-23,322.672,388.64,16.5
1989-05-24,322.682,392.175,16.8
1989-05-25,322.695,397.066,17.0
1989-05-26,322.704,400.189,17.5
1989-05-27,322.716,404.507,17.1
1989-05-28,322.728,408.81,17.2
1989-05-29,322.755,418.456,18.1
1989-05-30,322.777,426.555,17.6
1989-05-31,322.779,425.568,17.5
1989-06-01,322.795,431.212,17.2
1989-06-02,322.824,441.711,17.5
1989-06-03,322.835,445.664,16.9
1989-06-04,322.91,473.851,15.9
1989-06-05,322.874,460.11,15.2
1989-06-06,322.863,453.936,14.7
1989-06-07,322.849,449.103,15.2
1989-06-08,322.839,445.415,14.8
1989-06-09,322.813,435.956,15.4
1989-06-10,322.796,429.61,16.3
1989-06-11,322.811,433.336,17.2
1989-06-12,322.777,421.068,16.3
1989-06-13,322.749,410.911,17.4
1989-06-14,322.738,407.017,18.3
1989-06-15,322.725,400.499,18.4
1989-06-16,322.722,399.692,18.3
1989-06-17,322.719,398.479,18.3
1989-06-18,322.707,393.984,18.7
1989-06-19,322.699,389.373,19.1
1989-06-20,322.685,384.297,19.6
1989-06-21,322.681,383.112,19.6
1989-06-22,322.711,393.593,19.5
1989-06-23,322.8,424.095,19.1
1989-06-24,322.806,426.344,17.8
1989-06-25,322.773,414.346,18.4
1989-06-26,322.75,404.22,19.8
1989-06-27,322.735,398.679,20.1
1989-06-28,322.825,431.591,19.5
1989-06-29,322.854,440.105,18.3
1989-06-30,322.801,420.787,19.1
1989-07-01,322.801,420.914,19.3
1989-07-02,322.871,446.087,19.3
1989-07-03,323.082,524.24,18.1
1989-07-04,323.187,564.758,17.7
1989-07-05,322.986,485.502,18.6
1989-07-06,322.92,460.439,19.9
1989-07-07,322.904,454.604,20.3
1989-07-08,322.959,473.361,20.3
1989-07-09,322.943,467.331,19.8
1989-07-10,323.057,508.969,19.6
1989-07-11,323.206,566.017,19.9
1989-07-12,323.517,690.488,19.3
1989-07-13,323.331,613.595,19.6
1989-07-14,323.198,560.557,19.9
1989-07-15,323.158,545.225,19.8
1989-07-16,323.123,529.967,20.8
1989-07-17,323.102,521.883,20.6
1989-07-18,323.071,510.196,20.5
1989-07-19,323.056,504.756,20.2
1989-07-20,323.036,496.865,20.5
1989-07-21,323.014,488.65,21.0
1989-07-22,322.995,481.543,20.9
1989-07-23,322.972,472.812,20.8
1989-07-24,322.967,470.808,21.0
1989-07-25,323.04,500.522,21.2
1989-07-26,323.114,528.676,20.9
1989-07-27,323.002,486.024,20.9
1989-07-28,323.078,514.654,21.1
1989-07-29,323.003,486.283,21.3
1989-07-30,322.942,465.164,21.8
1989-07-31,323.015,492.978,21.2
1989-08-01,323.498,685.179,19.5
1989-08-02,323.474,673.577,16.9
1989-08-03,323.264,590.402,18.3
1989-08-04,323.144,543.723,19.2
1989-08-05,323.089,522.73,19.8
1989-08-06,323.06,511.885,20.1
1989-08-07,323.014,496.398,19.8
1989-08-08,323.127,540.962,20.0
1989-08-09,323.423,658.121,18.0
1989-08-10,323.15,550.053,18.4
1989-08-11,323.088,526.166,19.3
1989-08-12,323.046,510.302,19.6
1989-08-13,322.99,489.14,19.6
1989-08-14,322.958,478.882,20.3
1989-08-15,322.956,478.125,20.9
1989-08-16,322.932,468.821,21.3
1989-08-17,322.914,464.084,21.9
1989-08-18,322.884,452.717,21.7
1989-08-19,322.857,442.765,21.8
1989-08-20,322.825,432.824,22.2
1989-08-21,322.79,420.475,22.3
1989-08-22,322.769,412.959,22.6
1989-08-23,322.758,410.802,22.6
1989-08-24,322.736,402.798,22.3
1989-08-25,322.706,391.793,22.6
1989-08-26,322.697,388.769,22.3
1989-08-27,322.69,388.03,21.3
1989-08-28,322.928,475.966,19.9
1989-08-29,322.935,477.718,18.0
1989-08-30,322.818,435.741,18.7
1989-08-31,322.765,416.915,19.5
1989-09-01,322.728,403.628,19.8
1989-09-02,322.726,402.759,19.5
1989-09-03,322.854,451.078,18.4
1989-09-04,322.949,487.003,17.8
1989-09-05,323.019,513.225,16.6
1989-09-06,322.828,443.115,17.4
1989-09-07,322.757,417.414,17.8
1989-09-08,322.707,399.563,18.1
1989-09-09,322.668,385.539,18.1
1989-09-10,322.638,376.559,18.2
1989-09-11,322.602,364.396,18.3
1989-09-12,322.787,430.83,18.4
1989-09-13,322.677,390.513,17.3
1989-09-14,322.664,387.641,17.3
1989-09-15,322.683,394.515,16.8
1989-09-16,322.624,373.633,16.5
1989-09-17,322.584,359.823,17.2
1989-09-18,322.55,350.265,17.8
1989-09-19,322.518,339.697,18.3
1989-09-20,322.489,330.148,18.3
1989-09-21,322.471,324.519,18.0
1989-09-22,322.454,319.027,18.3
1989-09-23,322.43,313.353,18.5
1989-09-24,322.404,305.33,18.3
1989-09-25,322.389,300.633,17.2
1989-09-26,322.409,306.835,17.6
1989-09-27,322.416,310.326,17.6
1989-09-28,322.389,302.161,17.1
1989-09-29,322.405,307.184,16.4
1989-09-30,322.387,301.737,16.3
1989-10-01,322.367,295.582,16.3
1989-10-02,322.346,289.37,16.6
1989-10-03,322.324,282.964,16.4
1989-10-04,322.312,279.29,16.1
1989-10-05,322.291,273.41,15.7
1989-10-06,322.275,269.021,15.7
1989-10-07,322.304,278.746,15.5
1989-10-08,322.835,458.602,14.4
1989-10-09,322.782,437.711,12.3
1989-10-10,322.625,381.175,13.0
1989-10-11,322.582,366.287,13.1
1989-10-12,322.508,341.313,13.2
1989-10-13,322.474,330.337,13.6
1989-10-14,322.451,323.096,13.5
1989-10-15,322.533,350.627,13.4
1989-10-16,322.545,353.735,12.8
1989-10-17,322.476,330.953,12.8
1989-10-18,322.449,322.229,13.0
1989-10-19,322.431,316.501,13.2
1989-10-20,322.41,309.93,13.3
1989-10-21,322.396,305.882,13.2
1989-10-22,322.376,299.882,13.3
1989-10-23,322.365,296.374,13.4
1989-10-24,322.348,291.358,13.3
1989-10-25,322.33,285.979,13.2
1989-10-26,322.316,282.089,13.2
1989-10-27,322.298,278.317,13.2
1989-10-28,322.279,272.808,13.1
1989-10-29,322.421,316.07,13.0
1989-10-30,322.418,314.495,12.6
1989-10-31,322.353,294.409,12.7
1989-11-01,322.333,288.393,12.8
1989-11-02,322.305,280.323,12.8
1989-11-03,322.286,274.83,12.9
1989-11-04,322.429,320.824,12.7
1989-11-05,322.487,336.394,11.6
1989-11-06,322.511,343.932,11.3
1989-11-07,322.523,347.779,10.9
1989-11-08,322.478,333.317,10.7
1989-11-09,322.501,341.355,10.8
1989-11-10,322.552,357.804,10.5
1989-11-11,322.463,328.241,10.1
1989-11-12,322.421,315.01,10.3
1989-11-13,322.399,308.2,10.2
1989-11-14,322.372,299.991,10.0
1989-11-15,322.35,293.604,9.9
1989-11-16,322.337,289.545,9.7
1989-11-17,322.314,282.95,9.4
1989-11-18,322.294,277.059,9.1
1989-11-19,322.278,272.575,8.9
1989-11-20,322.262,268.157,8.9
1989-11-21,322.245,263.299,8.9
1989-11-22,322.236,261.018,9.0
1989-11-23,322.235,260.624,8.9
1989-11-24,322.227,258.359,8.1
1989-11-25,322.205,252.241,7.6
1989-11-26,322.183,245.018,7.4
1989-11-27,322.172,242.0,6.8
1989-11-28,322.16,238.679,6.8
1989-11-29,322.156,237.648,6.9
1989-11-30,322.146,235.163,6.9
1989-12-01,322.128,230.36,6.9
1989-12-02,322.113,226.453,6.8
1989-12-03,322.092,220.957,6.5
1989-12-04,322.084,219.067,6.4
1989-12-05,322.074,216.529,6.4
1989-12-06,322.062,213.433,6.2
1989-12-07,322.053,211.341,6.2
1989-12-08,322.044,209.101,6.2
1989-12-09,322.026,204.709,6.1
1989-12-10,322.018,202.762,6.0
1989-12-11,322.002,199.092,5.9
1989-12-12,321.997,198.029,5.9
1989-12-13,322.013,202.073,6.1
1989-12-14,322.033,206.481,6.4
1989-12-15,322.185,246.59,6.6
1989-12-16,322.325,284.809,7.2
1989-12-17,322.262,266.745,7.1
1989-12-18,322.285,273.561,6.8
1989-12-19,322.411,314.159,6.7
1989-12-20,322.43,317.008,6.6
1989-12-21,322.311,280.725,6.5
1989-12-22,322.278,271.186,6.8
1989-12-23,322.259,264.604,6.9
1989-12-24,322.264,265.806,6.4
1989-12-25,322.259,264.53,6.1
1989-12-26,322.225,255.095,5.7
1989-12-27,322.194,246.666,5.5
1989-12-28,322.172,240.633,5.4
1989-12-29,322.151,235.042,5.3
1989-12-30,322.133,230.31,5.1
1989-12-31,322.111,224.459,5.0
1990-01-01,322.093,218.661,5.0
1990-01-02,322.075,214.319,4.9
1990-01-03,322.061,210.773,4.7
1990-01-04,322.051,208.341,4.8
1990-01-05,322.038,205.133,4.9
1990-01-06,322.031,203.471,4.9
1990-01-07,322.025,202.041,5.0
1990-01-08,322.01,198.667,5.1
1990-01-09,321.996,195.471,5.0
1990-01-10,321.978,190.574,4.8
1990-01-11,321.967,188.101,4.6
1990-01-12,321.966,187.889,4.4
1990-01-13,321.954,185.355,4.3
1990-01-14,321.944,183.236,4.1
1990-01-15,321.937,181.684,4.0
1990-01-16,321.933,180.811,4.2
1990-01-17,321.927,179.385,4.5
1990-01-18,321.945,183.345,4.8
1990-01-19,321.939,182.059,4.9
1990-01-20,321.924,178.861,4.6
1990-01-21,321.913,176.612,4.4
1990-01-22,321.915,177.077,4.6
1990-01-23,321.914,176.728,4.7
1990-01-24,321.912,177.425,4.7
1990-01-25,321.995,196.514,4.9
1990-01-26,322.198,246.735,5.3
1990-01-27,322.146,232.642,5.1
1990-01-28,322.048,207.574,4.6
1990-01-29,322.056,210.853,4.7
1990-01-30,322.034,205.43,4.9
1990-01-31,322.017,201.549,4.9
1990-02-01,321.999,198.369,4.8
1990-02-02,322.014,201.911,4.8
1990-02-03,322.01,200.975,4.8
1990-02-04,321.998,198.137,4.8
1990-02-05,322.014,203.109,4.9
1990-02-06,321.982,195.801,4.7
1990-02-07,321.968,192.619,4.5
1990-02-08,321.945,188.627,4.8
1990-02-09,321.949,189.71,5.1
1990-02-10,321.966,193.302,5.1
1990-02-11,321.988,198.133,4.8
1990-02-12,322.019,206.536,4.8
1990-02-13,322.035,210.647,4.7
1990-02-14,322.953,529.803,5.1
1990-02-15,324.289,1074.229,5.7
1990-02-16,323.472,723.028,5.5
1990-02-17,322.85,470.048,5.2
1990-02-18,322.769,439.991,5.6
1990-02-19,322.671,406.372,5.8
1990-02-20,322.606,382.941,6.0
1990-02-21,322.567,369.369,6.0
1990-02-22,322.535,358.589,6.1
1990-02-23,322.509,349.697,6.2
1990-02-24,322.485,341.789,6.2
1990-02-25,322.459,333.535,6.3
1990-02-26,322.432,324.986,6.6
1990-02-27,322.836,468.85,6.5
1990-02-28,323.049,548.032,6.1
1990-03-01,323.279,639.565,6.1
1990-03-02,322.944,507.672,5.7
1990-03-03,322.775,442.124,5.4
1990-03-04,322.707,417.522,5.5
1990-03-05,322.665,402.268,5.6
1990-03-06,322.625,388.149,5.8
1990-03-07,322.592,376.426,6.1
1990-03-08,322.578,371.555,6.3
1990-03-09,322.542,359.367,6.4
1990-03-10,322.529,354.731,6.8
1990-03-11,322.53,355.051,6.9
1990-03-12,322.516,350.654,7.2
1990-03-13,322.5,345.292,7.3
1990-03-14,322.489,341.639,7.2
1990-03-15,322.571,369.444,7.1
1990-03-16,322.513,349.521,7.3
1990-03-17,322.484,340.066,7.8
1990-03-18,322.461,332.517,7.9
1990-03-19,322.439,325.401,7.9
1990-03-20,322.429,322.25,7.9
1990-03-21,322.422,320.017,7.4
1990-03-22,322.417,318.611,7.7
1990-03-23,322.514,351.287,7.9
1990-03-24,322.544,358.459,8.0
1990-03-25,322.486,339.104,8.0
1990-03-26,322.472,334.522,7.5
1990-03-27,322.475,335.254,6.8
1990-03-28,322.567,366.075,7.0
1990-03-29,322.578,369.717,6.8
1990-03-30,322.586,372.677,7.4
1990-03-31,322.686,408.23,7.8
1990-04-01,322.652,395.868,8.4
1990-04-02,322.595,375.85,8.8
1990-04-03,322.53,353.41,9.0
1990-04-04,322.521,350.333,8.4
1990-04-05,322.481,337.448,7.9
1990-04-06,322.462,331.256,7.7
1990-04-07,322.43,321.103,7.9
1990-04-08,322.446,326.045,7.9
1990-04-09,322.449,326.982,7.9
1990-04-10,322.422,318.358,7.8
1990-04-11,322.407,313.854,8.2
1990-04-12,322.431,321.407,7.9
1990-04-13,322.457,329.626,8.3
1990-04-14,322.441,324.369,8.5
1990-04-15,322.438,323.668,8.1
1990-04-16,322.486,339.005,7.6
1990-04-17,322.458,330.006,7.7
1990-04-18,322.437,323.165,8.1
1990-04-19,322.455,329.222,8.2
1990-04-20,322.435,322.627,8.2
1990-04-21,322.42,317.923,8.5
1990-04-22,322.406,313.626,9.1
1990-04-23,322.396,310.278,9.5
1990-04-24,322.42,317.962,9.1
1990-04-25,322.423,318.754,9.2
1990-04-26,322.434,322.234,9.7
1990-04-27,322.425,319.391,9.9
1990-04-28,322.412,315.28,10.0
1990-04-29,322.414,316.179,10.5
1990-04-30,322.39,308.654,11.3
1990-05-01,322.374,303.725,12.1
1990-05-02,322.37,302.615,12.2
1990-05-03,322.374,303.684,12.8
1990-05-04,322.379,305.349,13.3
1990-05-05,322.386,307.341,13.7
1990-05-06,322.387,307.661,13.8
1990-05-07,322.416,316.544,14.2
1990-05-08,322.412,315.336,14.2
1990-05-09,322.423,318.663,14.5
1990-05-10,322.454,328.768,15.1
1990-05-11,322.562,364.409,15.0
1990-05-12,322.596,376.136,14.8
1990-05-13,322.563,364.711,14.9
1990-05-14,322.567,366.147,15.1
1990-05-15,322.579,370.297,15.2
1990-05-16,322.628,387.337,15.8
1990-05-17,322.636,390.356,16.6
1990-05-18,322.617,383.56,16.8
1990-05-19,322.621,384.77,17.0
1990-05-20,322.606,379.566,17.5
1990-05-21,322.613,380.068,17.6
1990-05-22,322.623,383.649,18.4
1990-05-23,322.62,382.735,18.7
1990-05-24,322.627,385.032,19.2
1990-05-25,323.108,572.895,18.6
1990-05-26,323.135,576.819,16.2
1990-05-27,322.865,471.835,17.7
1990-05-28,322.79,442.071,18.2
1990-05-29,322.757,430.075,17.9
1990-05-30,322.727,419.187,18.1
1990-05-31,322.708,412.579,18.0
1990-06-01,322.684,403.985,18.1
1990-06-02,322.713,412.398,18.0
1990-06-03,322.689,403.781,16.7
1990-06-04,322.694,405.472,15.3
1990-06-05,322.8,444.052,15.5
1990-06-06,322.888,476.822,15.6
1990-06-07,322.917,486.096,15.4
1990-06-08,323.065,543.138,15.5
1990-06-09,323.209,598.452,14.0
1990-06-10,323.261,619.459,14.2
1990-06-11,323.253,614.267,14.2
1990-06-12,323.155,575.1,15.2
1990-06-13,323.27,621.322,15.1
1990-06-14,323.328,644.31,14.4
1990-06-15,323.243,610.219,15.4
1990-06-16,323.199,590.515,15.6
1990-06-17,323.152,571.828,16.7
1990-06-18,323.107,554.417,17.0
1990-06-19,323.089,547.607,16.1
1990-06-20,323.088,545.395,17.1
1990-06-21,323.162,573.687,16.9
1990-06-22,323.131,561.752,17.2
1990-06-23,323.106,552.001,16.0
1990-06-24,323.103,549.238,16.3
1990-06-25,323.084,542.012,17.3
1990-06-26,323.057,531.568,18.4
1990-06-27,323.041,525.388,19.0
1990-06-28,323.325,635.747,18.5
1990-06-29,323.167,571.782,18.2
1990-06-30,323.241,601.507,19.5
1990-07-01,323.328,636.782,19.2
1990-07-02,323.281,617.359,16.7
1990-07-03,323.209,586.595,18.2
1990-07-04,323.382,656.118,17.8
1990-07-05,323.342,639.85,17.9
1990-07-06,323.528,716.893,16.6
1990-07-07,323.448,683.475,15.1
1990-07-08,323.548,725.764,16.1
1990-07-09,323.582,739.429,16.0
1990-07-10,323.522,714.035,16.7
1990-07-11,323.541,722.251,16.6
1990-07-12,323.476,694.82,17.9
1990-07-13,323.432,676.565,18.5
1990-07-14,323.395,661.493,18.3
1990-07-15,323.354,644.528,19.1
1990-07-16,323.31,627.12,19.2
1990-07-17,323.277,613.798,18.8
1990-07-18,323.26,607.035,18.8
1990-07-19,323.223,592.343,20.2
1990-07-20,323.182,575.849,20.5
1990-07-21,323.148,562.294,20.8
1990-07-22,323.114,549.284,21.3
1990-07-23,323.071,535.016,21.8
1990-07-24,323.032,520.225,21.7
1990-07-25,322.996,506.374,22.2
1990-07-26,322.96,492.749,22.2
1990-07-27,322.929,482.863,22.3
1990-07-28,322.893,469.189,22.7
1990-07-29,322.848,452.266,23.0
1990-07-30,322.891,468.621,22.4
1990-07-31,322.868,461.653,22.6
1990-08-01,322.814,441.645,23.3
1990-08-02,322.774,427.091,23.6
1990-08-03,322.739,414.515,23.8
1990-08-04,322.709,403.751,23.8
1990-08-05,322.675,393.219,24.0
1990-08-06,322.655,386.059,23.7
1990-08-07,322.748,419.706,22.5
1990-08-08,322.678,394.562,22.3
1990-08-09,322.627,376.427,22.8
1990-08-10,322.598,366.322,22.9
1990-08-11,322.576,358.922,22.9
1990-08-12,322.549,351.436,23.0
1990-08-13,322.521,342.296,23.1
1990-08-14,322.503,336.388,22.7
1990-08-15,322.578,361.569,22.3
1990-08-16,322.53,345.388,22.0
1990-08-17,322.512,339.36,21.7
1990-08-18,322.557,354.329,21.4
1990-08-19,322.491,332.436,21.0
1990-08-20,322.455,321.126,20.7
1990-08-21,322.415,308.571,20.4
1990-08-22,322.397,303.175,20.1
1990-08-23,322.392,303.154,20.1
1990-08-24,322.378,298.802,21.1
1990-08-25,322.352,291.029,21.4
1990-08-26,322.43,314.809,21.2
1990-08-27,322.416,310.506,20.1
1990-08-28,322.378,299.013,21.0
1990-08-29,322.359,293.291,21.3
1990-08-30,322.367,295.667,21.5
1990-08-31,322.409,308.462,21.2
1990-09-01,322.361,293.926,19.5
1990-09-02,322.34,287.528,18.4
1990-09-03,322.318,281.164,19.3
1990-09-04,322.306,277.73,19.8
1990-09-05,322.389,303.441,19.8
1990-09-06,322.379,299.185,19.0
1990-09-07,322.344,288.74,18.9
1990-09-08,322.463,325.592,17.9
1990-09-09,322.395,304.144,16.8
1990-09-10,322.342,288.32,17.3
1990-09-11,322.333,285.421,18.0
1990-09-12,322.33,284.597,18.1
1990-09-13,322.316,280.476,17.9
1990-09-14,322.296,275.033,17.9
1990-09-15,322.279,270.109,18.2
1990-09-16,322.265,266.117,18.3
1990-09-17,322.247,261.203,18.1
1990-09-18,322.233,257.391,17.8
1990-09-19,322.222,254.314,17.5
1990-09-20,322.207,250.159,17.4
1990-09-21,322.186,244.462,17.1
1990-09-22,322.167,239.43,16.3
1990-09-23,322.522,354.767,15.5
1990-09-24,322.894,477.559,15.1
1990-09-25,322.599,370.818,14.5
1990-09-26,322.463,325.428,14.4
1990-09-27,322.411,309.081,15.0
1990-09-28,322.39,302.433,15.5
1990-09-29,322.361,294.053,15.6
1990-09-30,322.344,288.979,15.7
1990-10-01,322.397,304.972,15.8
1990-10-02,322.524,346.866,16.0
1990-10-03,322.467,326.665,15.4
1990-10-04,322.445,319.494,16.0
1990-10-05,322.631,381.889,15.2
1990-10-06,322.471,327.574,14.7
1990-10-07,322.413,309.507,15.1
1990-10-08,322.408,308.032,15.3
1990-10-09,322.438,317.36,14.8
1990-10-10,322.382,299.971,14.6
1990-10-11,322.346,289.213,14.5
1990-10-12,322.324,282.967,14.6
1990-10-13,322.299,275.649,15.0
1990-10-14,322.275,269.085,15.3
1990-10-15,322.259,264.656,15.3
1990-10-16,322.241,260.839,15.2
1990-10-17,322.232,258.355,15.3
1990-10-18,322.221,255.324,15.4
1990-10-19,322.201,249.944,15.3
1990-10-20,322.195,248.129,15.1
1990-10-21,322.182,244.87,14.9
1990-10-22,322.163,239.491,14.5
1990-10-23,322.141,233.809,13.7
1990-10-24,322.131,231.18,13.4
1990-10-25,322.12,228.261,13.5
1990-10-26,322.109,225.355,13.6
1990-10-27,322.101,223.32,13.5
1990-10-28,322.099,222.674,13.3
1990-10-29,322.203,250.497,13.0
1990-10-30,322.779,438.934,12.4
1990-10-31,322.662,395.562,11.5
1990-11-01,322.839,459.603,11.3
1990-11-02,322.567,360.996,11.4
1990-11-03,322.522,346.041,11.1
1990-11-04,322.486,333.993,10.9
1990-11-05,322.509,343.314,10.6
1990-11-06,322.486,335.809,10.3
1990-11-07,322.442,321.785,10.2
1990-11-08,322.41,311.531,10.0
1990-11-09,322.385,303.893,9.9
1990-11-10,322.363,297.263,9.8
1990-11-11,322.422,316.313,10.0
1990-11-12,323.009,525.814,9.8
1990-11-13,322.642,389.005,9.8
1990-11-14,322.554,358.182,10.0
1990-11-15,322.833,459.222,10.1
1990-11-16,322.869,471.607,9.7
1990-11-17,322.7,409.679,10.0
1990-11-18,322.614,378.77,10.3
1990-11-19,322.575,365.311,10.0
1990-11-20,322.562,361.03,9.8
1990-11-21,322.66,395.54,10.0
1990-11-22,322.815,451.133,9.4
1990-11-23,322.828,455.867,8.7
1990-11-24,322.756,429.878,8.6
1990-11-25,322.685,406.083,8.6
1990-11-26,322.73,422.095,8.5
1990-11-27,322.681,404.646,8.3
1990-11-28,322.649,393.126,8.3
1990-11-29,322.621,383.091,8.2
1990-11-30,322.592,373.055,8.2
1990-12-01,322.564,363.36,7.8
1990-12-02,322.522,349.008,7.3
1990-12-03,322.491,339.019,7.4
1990-12-04,322.463,329.93,7.4
1990-12-05,322.436,321.246,7.3
1990-12-06,322.424,317.411,7.0
1990-12-07,322.403,310.852,6.5
1990-12-08,322.37,301.134,6.0
1990-12-09,322.352,295.567,6.0
1990-12-10,322.341,292.324,6.0
1990-12-11,322.332,289.715,5.9
1990-12-12,322.306,282.111,5.9
1990-12-13,322.305,280.355,5.8
1990-12-14,322.306,280.54,5.8
1990-12-15,322.295,277.363,5.8
1990-12-16,322.279,273.016,5.7
1990-12-17,322.269,270.213,5.5
1990-12-18,322.247,263.834,5.3
1990-12-19,322.237,261.07,5.2
1990-12-20,322.231,259.368,5.2
1990-12-21,322.222,257.138,5.0
1990-12-22,322.254,265.887,5.0
1990-12-23,322.296,277.849,5.4
1990-12-24,322.303,279.871,5.4
1990-12-25,322.275,271.726,5.3
1990-12-26,322.272,271.038,5.2
1990-12-27,322.349,293.183,5.3
1990-12-28,322.425,316.316,5.3
1990-12-29,322.354,294.747,5.1
1990-12-30,322.494,338.485,5.8
1990-12-31,322.683,403.461,6.2
1991-01-01,322.95,502.284,6.0
1991-01-02,322.739,423.629,5.4
1991-01-03,322.903,484.9,5.4
1991-01-04,322.77,435.063,5.7
1991-01-05,322.714,414.45,5.3
1991-01-06,322.658,392.589,5.3
1991-01-07,322.772,434.099,5.5
1991-01-08,322.881,474.428,5.6
1991-01-09,322.696,406.328,5.4
1991-01-10,322.622,380.018,5.3
1991-01-11,322.584,366.929,5.8
1991-01-12,322.687,403.103,6.0
1991-01-13,322.69,404.13,5.7
1991-01-14,322.686,402.932,5.2
1991-01-15,322.611,376.057,4.8
1991-01-16,322.564,360.034,4.6
1991-01-17,322.531,348.714,4.6
1991-01-18,322.502,339.279,4.6
1991-01-19,322.477,331.217,4.5
1991-01-20,322.455,322.745,4.6
1991-01-21,322.431,315.161,4.7
1991-01-22,322.419,311.244,4.7
1991-01-23,322.39,302.466,4.6
1991-01-24,322.378,298.807,4.3
1991-01-25,322.365,295.164,4.1
1991-01-26,322.344,288.808,4.0
1991-01-27,322.322,282.303,3.8
1991-01-28,322.311,279.041,3.6
1991-01-29,322.291,273.523,3.4
1991-01-30,322.279,270.205,3.2
1991-01-31,322.268,267.124,3.1
1991-02-01,322.262,265.446,3.0
1991-02-02,322.258,264.154,3.1
1991-02-03,322.242,259.674,3.0
1991-02-04,322.229,256.312,2.9
1991-02-05,322.219,253.318,3.0
1991-02-06,322.2,248.254,2.4
1991-02-07,322.196,247.169,1.9
1991-02-08,322.186,244.469,1.7
1991-02-09,322.185,244.248,1.6
1991-02-10,322.182,243.397,2.0
1991-02-11,322.164,238.625,2.3
1991-02-12,322.149,234.367,2.3
1991-02-13,322.136,231.188,2.3
1991-02-14,322.131,229.81,2.2
1991-02-15,322.123,227.756,2.1
1991-02-16,322.121,227.159,2.4
1991-02-17,322.119,226.736,2.6
1991-02-18,322.11,224.283,2.6
1991-02-19,322.103,222.609,2.9
1991-02-20,322.096,220.842,3.0
1991-02-21,322.091,219.465,2.9
1991-02-22,322.093,220.1,2.9
1991-02-23,322.102,222.226,3.1
1991-02-24,322.097,220.923,3.3
1991-02-25,322.12,226.995,3.4
1991-02-26,322.187,244.855,3.7
1991-02-27,322.198,249.071,3.7
1991-02-28,322.213,253.331,3.7
1991-03-01,322.249,263.193,3.8
1991-03-02,322.197,248.795,3.9
1991-03-03,322.223,255.85,4.1
1991-03-04,322.247,262.717,4.6
1991-03-05,322.201,251.312,4.6
1991-03-06,322.199,250.736,4.7
1991-03-07,322.203,251.666,5.1
1991-03-08,322.223,257.412,5.4
1991-03-09,322.221,256.717,5.4
1991-03-10,322.285,274.558,5.4
1991-03-11,322.246,265.096,5.6
1991-03-12,322.211,255.407,5.5
1991-03-13,322.191,249.879,5.6
1991-03-14,322.186,248.554,5.4
1991-03-15,322.183,247.68,5.6
1991-03-16,322.175,245.493,6.0
1991-03-17,322.163,242.196,6.2
1991-03-18,322.153,239.567,6.2
1991-03-19,322.149,239.853,6.1
1991-03-20,322.298,282.503,6.0
1991-03-21,322.339,293.41,6.8
1991-03-22,322.366,301.67,6.8
1991-03-23,322.519,349.976,6.4
1991-03-24,322.421,318.175,6.3
1991-03-25,322.387,307.518,6.7
1991-03-26,322.374,303.807,6.9
1991-03-27,322.419,317.664,6.8
1991-03-28,322.447,328.185,6.5
1991-03-29,322.414,317.561,6.5
1991-03-30,322.383,307.794,6.3
1991-03-31,322.359,300.818,6.6
1991-04-01,322.34,295.035,7.1
1991-04-02,322.322,289.717,7.5
1991-04-03,322.307,285.126,7.7
1991-04-04,322.329,291.827,7.7
1991-04-05,322.422,320.41,7.5
1991-04-06,322.608,381.935,7.4
1991-04-07,322.534,356.539,7.7
1991-04-08,322.449,328.784,7.1
1991-04-09,322.419,320.563,7.1
1991-04-10,322.398,314.087,7.6
1991-04-11,322.383,309.441,9.0
1991-04-12,322.368,304.913,9.6
1991-04-13,322.351,299.826,10.0
1991-04-14,322.339,296.188,9.9
1991-04-15,322.328,293.01,10.2
1991-04-16,322.302,285.293,11.3
1991-04-17,322.304,285.644,11.4
1991-04-18,322.306,286.259,9.9
1991-04-19,322.299,284.379,9.6
1991-04-20,322.308,286.79,9.2
1991-04-21,322.279,278.542,8.5
1991-04-22,322.256,272.024,8.8
1991-04-23,322.252,271.135,8.8
1991-04-24,322.267,275.308,8.4
1991-04-25,322.27,277.461,8.1
1991-04-26,322.267,276.53,9.3
1991-04-27,322.259,274.293,10.1
1991-04-28,322.267,276.566,10.7
1991-04-29,322.322,292.85,11.0
1991-04-30,322.313,289.851,10.2
1991-05-01,322.284,281.466,10.1
1991-05-02,322.458,336.008,10.0
1991-05-03,322.442,329.58,8.4
1991-05-04,322.408,318.705,8.9
1991-05-05,322.385,311.687,9.5
1991-05-06,322.382,310.76,9.7
1991-05-07,322.351,301.175,9.8
1991-05-08,322.341,298.331,10.2
1991-05-09,322.327,294.243,11.2
1991-05-10,322.325,293.561,12.0
1991-05-11,322.576,378.835,12.1
1991-05-12,323.96,933.218,9.5
1991-05-13,323.072,558.769,9.0
1991-05-14,322.861,477.88,10.2
1991-05-15,322.862,478.281,10.9
1991-05-16,322.914,498.256,10.5
1991-05-17,322.956,514.01,9.9
1991-05-18,323.021,538.779,10.0
1991-05-19,322.996,529.214,10.5
1991-05-20,322.886,487.669,11.3
1991-05-21,322.831,466.696,11.6
1991-05-22,322.801,455.18,12.4
1991-05-23,322.77,443.96,13.0
1991-05-24,322.752,435.564,13.0
1991-05-25,322.722,424.656,13.7
1991-05-26,322.685,411.469,14.0
1991-05-27,322.691,413.524,12.9
1991-05-28,322.671,406.183,13.8
1991-05-29,322.652,399.375,14.5
1991-05-30,322.638,392.592,15.0
1991-05-31,322.621,386.756,15.7
1991-06-01,322.601,379.58,16.1
1991-06-02,322.595,377.213,16.0
1991-06-03,322.626,388.215,16.7
1991-06-04,322.657,397.847,13.8
1991-06-05,322.655,397.137,12.6
1991-06-06,322.708,415.934,14.5
1991-06-07,322.718,419.5,14.6
1991-06-08,322.727,420.986,13.8
1991-06-09,322.896,483.729,14.1
1991-06-10,322.903,486.418,14.1
1991-06-11,322.867,472.608,13.9
1991-06-12,322.807,449.943,14.0
1991-06-13,322.781,440.506,15.5
1991-06-14,322.784,439.814,15.3
1991-06-15,322.825,454.979,14.5
1991-06-16,322.921,491.334,16.0
1991-06-17,324.043,962.033,14.2
1991-06-18,324.348,1095.405,12.9
1991-06-19,323.873,881.767,12.9
1991-06-20,323.733,820.919,13.9
1991-06-21,323.701,806.942,14.4
1991-06-22,323.654,786.824,14.7
1991-06-23,323.678,797.063,15.9
1991-06-24,323.651,783.516,16.0
1991-06-25,323.602,762.466,15.7
1991-06-26,323.59,757.294,16.3
1991-06-27,323.605,763.624,16.1
1991-06-28,323.794,844.744,14.3
1991-06-29,323.886,885.485,14.5
1991-06-30,323.836,863.188,14.8
1991-07-01,323.73,817.412,15.9
1991-07-02,323.663,788.463,16.4
1991-07-03,323.616,768.48,16.7
1991-07-04,323.575,751.107,17.3
1991-07-05,323.539,736.129,18.3
1991-07-06,323.511,724.29,18.8
1991-07-07,323.474,708.604,19.6
1991-07-08,323.435,692.508,19.5
1991-07-09,323.423,687.154,18.9
1991-07-10,323.406,680.102,20.0
1991-07-11,323.378,668.642,21.2
1991-07-12,323.344,654.684,21.2
1991-07-13,323.323,646.119,20.7
1991-07-14,323.34,653.153,20.8
1991-07-15,323.401,678.221,19.1
1991-07-16,323.368,664.789,20.2
1991-07-17,323.353,658.754,20.3
1991-07-18,323.394,675.381,19.9
1991-07-19,323.345,655.214,20.1
1991-07-20,323.297,635.968,19.5
1991-07-21,323.261,621.26,19.6
1991-07-22,323.221,605.549,20.7
1991-07-23,323.184,590.752,21.0
1991-07-24,323.187,591.711,21.0
1991-07-25,323.195,594.981,19.4
1991-07-26,323.364,664.408,19.0
1991-07-27,323.577,752.385,17.5
1991-07-28,323.377,668.301,18.5
1991-07-29,323.294,634.427,19.8
1991-07-30,323.239,612.404,20.2
1991-07-31,323.186,591.222,20.2
1991-08-01,323.16,580.976,19.2
1991-08-02,323.18,588.937,18.8
1991-08-03,323.203,598.292,19.2
1991-08-04,323.185,591.17,19.7
1991-08-05,323.148,576.384,20.1
1991-08-06,323.123,566.186,20.4
1991-08-07,323.094,555.232,20.7
1991-08-08,323.07,545.889,20.8
1991-08-09,323.042,535.332,19.7
1991-08-10,323.015,525.135,20.4
1991-08-11,322.977,510.641,21.3
1991-08-12,322.954,501.841,21.5
1991-08-13,322.935,494.869,21.4
1991-08-14,322.901,481.923,21.7
1991-08-15,322.875,471.714,21.9
1991-08-16,322.845,460.54,21.9
1991-08-17,322.807,446.214,21.8
1991-08-18,322.768,432.286,21.4
1991-08-19,322.745,423.922,21.0
1991-08-20,322.713,412.487,21.9
1991-08-21,322.689,403.743,22.3
1991-08-22,322.661,393.756,22.4
1991-08-23,322.655,391.562,22.6
1991-08-24,322.627,381.696,22.3
1991-08-25,322.6,372.397,22.2
1991-08-26,322.567,360.964,22.1
1991-08-27,322.54,351.98,22.4
1991-08-28,322.515,343.407,22.2
1991-08-29,322.492,335.992,22.1
1991-08-30,322.476,330.776,21.7
1991-08-31,322.452,323.217,21.5
1991-09-01,322.423,314.179,21.4
1991-09-02,322.399,308.126,21.6
1991-09-03,322.382,303.043,21.6
1991-09-04,322.367,298.497,21.4
1991-09-05,322.35,293.564,21.5
1991-09-06,322.336,289.224,21.5
1991-09-07,322.324,285.823,21.4
1991-09-08,322.298,278.298,21.2
1991-09-09,322.274,271.414,20.8
1991-09-10,322.255,266.124,20.8
1991-09-11,322.247,264.138,20.9
1991-09-12,322.324,286.008,20.7
1991-09-13,322.301,279.133,20.3
1991-09-14,322.254,265.984,20.0
1991-09-15,322.225,257.714,20.0
1991-09-16,322.206,254.049,20.2
1991-09-17,322.182,247.462,20.2
1991-09-18,322.168,243.78,20.1
1991-09-19,322.165,242.928,19.6
1991-09-20,322.147,238.12,19.7
1991-09-21,322.134,234.555,19.8
1991-09-22,322.127,232.703,19.7
1991-09-23,322.193,250.385,19.7
1991-09-24,322.234,261.932,19.1
1991-09-25,322.157,241.959,18.5
1991-09-26,322.134,235.813,18.8
1991-09-27,322.293,281.885,18.5
1991-09-28,322.38,305.793,17.0
1991-09-29,322.288,278.284,16.4
1991-09-30,322.272,275.35,16.9
1991-10-01,322.56,366.703,16.6
1991-10-02,322.448,328.455,16.5
1991-10-03,322.488,341.191,15.8
1991-10-04,322.481,339.02,15.6
1991-10-05,322.475,338.66,16.2
1991-10-06,322.467,335.948,16.2
1991-10-07,322.463,334.919,16.0
1991-10-08,322.454,331.984,16.0
1991-10-09,322.439,328.593,16.0
1991-10-10,322.43,325.667,15.9
1991-10-11,322.419,322.445,15.8
1991-10-12,322.412,321.738,15.6
1991-10-13,322.399,317.564,15.5
1991-10-14,322.383,312.615,15.1
1991-10-15,322.37,308.578,14.9
1991-10-16,322.361,305.742,15.1
1991-10-17,322.34,299.521,14.8
1991-10-18,322.329,297.77,14.1
1991-10-19,322.447,334.625,12.6
1991-10-20,322.386,315.088,12.4
1991-10-21,322.38,312.96,12.4
1991-10-22,322.361,307.244,12.2
1991-10-23,322.343,301.84,11.9
1991-10-24,322.329,297.771,11.9
1991-10-25,322.322,295.694,11.9
1991-10-26,322.315,293.536,12.0
1991-10-27,322.296,287.705,11.8
1991-10-28,322.278,282.616,11.5
1991-10-29,322.262,277.969,11.3
1991-10-30,322.253,275.574,11.1
1991-10-31,322.245,273.133,11.0
1991-11-01,322.234,270.028,11.0
1991-11-02,322.222,266.861,10.8
1991-11-03,322.207,262.451,11.0
1991-11-04,322.342,302.206,11.2
1991-11-05,322.322,295.762,10.5
1991-11-06,322.276,280.559,9.7
1991-11-07,322.259,275.63,9.5
1991-11-08,322.24,270.282,9.2
1991-11-09,322.294,285.935,9.4
1991-11-10,322.408,320.688,9.2
1991-11-11,322.32,293.486,8.6
1991-11-12,322.279,279.908,8.6
1991-11-13,322.258,274.071,8.9
1991-11-14,322.332,295.938,9.1
1991-11-15,322.366,305.83,8.7
1991-11-16,322.341,296.813,8.4
1991-11-17,322.408,317.297,8.4
1991-11-18,322.379,308.309,7.9
1991-11-19,322.569,369.825,8.0
1991-11-20,322.565,365.408,8.1
1991-11-21,322.537,356.085,8.1
1991-11-22,322.439,324.07,7.8
1991-11-23,322.393,309.406,7.7
1991-11-24,322.351,301.161,7.7
1991-11-25,322.322,292.712,7.6
1991-11-26,322.298,285.502,7.5
1991-11-27,322.277,279.461,7.3
1991-11-28,322.262,275.075,7.2
1991-11-29,322.253,274.034,7.2
1991-11-30,322.241,270.665,7.1
1991-12-01,322.223,265.55,7.1
1991-12-02,322.207,261.187,6.8
1991-12-03,322.191,256.84,6.7
1991-12-04,322.175,252.391,6.7
1991-12-05,322.166,250.011,6.5
1991-12-06,322.154,246.742,6.2
1991-12-07,322.153,246.299,6.0
1991-12-08,322.14,242.856,5.8
1991-12-09,322.137,242.171,5.8
1991-12-10,322.116,236.288,5.4
1991-12-11,322.098,231.436,4.7
1991-12-12,322.088,229.051,4.6
1991-12-13,322.072,224.972,4.6
1991-12-14,322.078,226.338,4.7
1991-12-15,322.064,222.896,4.6
1991-12-16,322.059,221.577,4.5
1991-12-17,322.063,222.474,4.5
1991-12-18,322.133,241.026,4.8
1991-12-19,322.253,274.58,5.0
1991-12-20,322.382,313.806,4.9
1991-12-21,322.364,306.802,4.6
1991-12-22,322.899,499.97,4.7
1991-12-23,323.287,647.393,5.3
1991-12-24,322.784,448.986,5.7
1991-12-25,322.688,414.103,5.0
1991-12-26,322.612,386.984,4.6
1991-12-27,322.549,365.222,4.5
1991-12-28,322.538,361.399,4.5
1991-12-29,322.509,351.351,4.2
1991-12-30,322.478,341.216,4.0
1991-12-31,322.453,333.277,4.3
1992-01-01,322.422,318.355,4.3
1992-01-02,322.396,310.439,3.9
1992-01-03,322.375,304.093,3.7
1992-01-04,322.353,297.308,3.7
1992-01-05,322.329,290.186,4.1
1992-01-06,322.313,285.488,4.3
1992-01-07,322.292,279.466,4.1
1992-01-08,322.278,276.818,3.9
1992-01-09,322.266,273.629,4.1
1992-01-10,322.276,276.279,4.2
1992-01-11,322.274,275.676,4.3
1992-01-12,322.245,267.7,4.2
1992-01-13,322.229,264.476,4.1
1992-01-14,322.21,259.187,4.1
1992-01-15,322.201,256.779,4.0
1992-01-16,322.189,253.546,4.1
1992-01-17,322.183,251.691,4.2
1992-01-18,322.175,249.553,4.1
1992-01-19,322.156,245.897,3.9
1992-01-20,322.159,246.786,3.6
1992-01-21,322.157,246.123,3.4
1992-01-22,322.125,237.589,2.8
1992-01-23,322.118,235.611,2.4
1992-01-24,322.108,232.96,2.4
1992-01-25,322.108,232.877,2.6
1992-01-26,322.095,229.452,2.6
1992-01-27,322.088,227.73,2.6
1992-01-28,322.072,224.91,2.7
1992-01-29,322.066,223.208,2.8
1992-01-30,322.052,219.842,2.6
1992-01-31,322.051,219.526,2.5
1992-02-01,322.042,217.375,2.6
1992-02-02,322.029,214.074,2.6
1992-02-03,322.013,210.11,2.8
1992-02-04,322.022,212.219,2.9
1992-02-05,322.266,279.862,3.2
1992-02-06,322.44,330.642,3.5
1992-02-07,322.331,297.034,3.4
1992-02-08,322.258,275.355,3.3
1992-02-09,322.222,265.464,3.4
1992-02-10,322.214,263.099,3.4
1992-02-11,322.213,262.727,3.5
1992-02-12,322.222,265.502,3.6
1992-02-13,322.364,308.398,4.0
1992-02-14,322.417,324.802,4.1
1992-02-15,322.365,308.542,4.0
1992-02-16,322.635,401.629,3.9
1992-02-17,322.524,360.177,3.8
1992-02-18,322.413,323.625,3.4
1992-02-19,322.372,310.662,3.1
1992-02-20,322.339,300.7,2.7
1992-02-21,322.319,294.755,2.8
1992-02-22,322.304,290.271,3.1
1992-02-23,322.282,283.744,3.5
1992-02-24,322.274,281.405,3.8
1992-02-25,322.264,278.618,4.0
1992-02-26,322.252,275.195,4.1
1992-02-27,322.247,273.773,4.2
1992-02-28,322.249,274.184,4.3
1992-03-01,322.242,272.25,4.4
1992-03-02,322.227,268.06,4.5
1992-03-03,322.243,272.682,4.6
1992-03-04,322.243,272.625,4.8
1992-03-05,322.238,271.232,5.1
1992-03-06,322.232,269.557,5.1
1992-03-07,322.236,270.637,5.1
1992-03-08,322.224,267.226,5.1
1992-03-09,322.21,263.475,5.2
1992-03-10,322.208,262.933,5.6
1992-03-11,322.2,260.542,5.7
1992-03-12,322.208,263.061,5.6
1992-03-13,322.172,251.453,5.2
1992-03-14,322.335,301.451,5.5
1992-03-15,322.939,513.331,5.7
1992-03-16,323.185,606.774,5.6
1992-03-17,322.666,408.037,5.6
1992-03-18,322.553,368.159,5.7
1992-03-19,322.504,351.417,6.0
1992-03-20,322.511,353.715,6.3
1992-03-21,322.513,354.69,6.5
1992-03-22,322.511,353.888,6.4
1992-03-23,322.738,435.654,6.0
1992-03-24,322.844,473.321,6.0
1992-03-25,322.743,435.785,5.7
1992-03-26,322.703,421.431,5.7
1992-03-27,322.677,412.231,5.9
1992-03-28,322.638,398.091,6.0
1992-03-29,322.617,390.536,6.0
1992-03-30,322.614,387.565,6.0
1992-03-31,322.623,390.909,6.5
1992-04-01,322.697,417.578,6.5
1992-04-02,322.7,418.568,6.4
1992-04-03,322.858,477.284,6.6
1992-04-04,323.088,564.514,6.3
1992-04-05,322.946,508.294,6.6
1992-04-06,322.949,509.699,6.3
1992-04-07,322.85,472.031,6.6
1992-04-08,322.79,449.415,7.1
1992-04-09,322.752,433.746,7.4
1992-04-10,322.73,425.972,7.4
1992-04-11,322.705,416.832,7.6
1992-04-12,322.681,408.007,7.8
1992-04-13,322.655,396.852,8.2
1992-04-14,322.659,398.419,7.8
1992-04-15,322.648,394.415,7.7
1992-04-16,322.648,394.457,7.1
1992-04-17,322.625,386.316,7.2
1992-04-18,322.614,380.399,7.0
1992-04-19,322.645,391.576,7.1
1992-04-20,322.754,430.928,7.6
1992-04-21,322.697,410.449,8.3
1992-04-22,322.645,391.675,8.8
1992-04-23,322.724,418.934,8.7
1992-04-24,322.944,500.299,8.0
1992-04-25,322.79,442.092,8.8
1992-04-26,322.788,441.361,9.6
1992-04-27,322.827,455.765,9.8
1992-04-28,322.871,472.368,9.1
1992-04-29,323.087,552.988,8.5
1992-04-30,323.056,540.502,8.2
1992-05-01,322.988,514.781,8.7
1992-05-02,322.972,508.873,9.3
1992-05-03,322.955,502.458,9.0
1992-05-04,322.936,495.115,9.7
1992-05-05,322.928,491.981,10.0
1992-05-06,322.933,493.874,10.5
1992-05-07,322.95,498.387,11.0
1992-05-08,322.957,501.285,11.0
1992-05-09,322.973,507.195,10.5
1992-05-10,322.989,513.497,10.0
1992-05-11,323.008,520.487,9.7
1992-05-12,323.055,538.243,10.1
1992-05-13,323.069,543.686,11.2
1992-05-14,323.082,548.519,12.5
1992-05-15,323.118,562.389,12.7
1992-05-16,323.152,575.904,12.9
1992-05-17,323.186,589.542,13.0
1992-05-18,323.213,600.111,13.7
1992-05-19,323.234,608.477,14.7
1992-05-20,323.243,612.016,14.2
1992-05-21,323.24,610.815,13.7
1992-05-22,323.233,608.266,14.2
1992-05-23,323.213,600.039,15.3
1992-05-24,323.195,593.164,15.7
1992-05-25,323.183,588.293,15.9
1992-05-26,323.172,585.667,16.0
1992-05-27,323.178,588.094,16.6
1992-05-28,323.181,589.295,16.9
1992-05-29,323.175,587.186,17.1
1992-05-30,323.183,590.127,17.0
1992-05-31,323.185,591.197,17.6
1992-06-01,323.225,606.965,17.4
1992-06-02,323.214,602.483,18.0
1992-06-03,323.215,603.087,16.5
1992-06-04,323.278,628.171,16.3
1992-06-05,323.299,636.415,16.8
1992-06-06,323.297,635.996,15.6
1992-06-07,323.285,633.105,15.0
1992-06-08,323.271,627.546,16.5
1992-06-09,323.256,621.518,15.5
1992-06-10,323.265,624.881,15.3
1992-06-11,323.313,644.475,16.4
1992-06-12,323.288,634.367,16.3
1992-06-13,323.254,620.745,16.1
1992-06-14,323.218,606.393,16.8
1992-06-15,323.184,592.685,16.9
1992-06-16,323.166,587.238,17.9
1992-06-17,323.152,581.695,18.5
1992-06-18,323.139,576.77,18.6
1992-06-19,323.19,596.815,18.2
1992-06-20,323.173,590.298,17.5
1992-06-21,323.126,571.23,17.7
1992-06-22,323.101,561.713,17.3
1992-06-23,323.071,550.15,18.3
1992-06-24,323.078,552.942,17.5
1992-06-25,323.465,709.345,17.5
1992-06-26,323.51,727.981,16.2
1992-06-27,323.332,653.955,17.4
1992-06-28,323.239,616.521,18.2
1992-06-29,323.179,592.702,18.9
1992-06-30,323.138,576.026,19.0
1992-07-01,323.104,562.992,19.2
1992-07-02,323.111,565.478,17.9
1992-07-03,323.084,555.041,18.3
1992-07-04,323.064,547.374,19.1
1992-07-05,323.094,559.146,18.3
1992-07-06,323.192,597.982,17.7
1992-07-07,323.153,582.165,18.2
1992-07-08,323.141,577.278,18.6
1992-07-09,323.096,559.836,19.3
1992-07-10,323.222,610.052,19.1
1992-07-11,323.333,655.61,18.0
1992-07-12,323.451,703.32,16.7
1992-07-13,323.318,648.168,17.4
1992-07-14,323.211,605.567,18.3
1992-07-15,323.154,582.611,18.6
1992-07-16,323.117,567.881,19.1
1992-07-17,323.088,556.561,19.7
1992-07-18,323.055,543.913,20.0
1992-07-19,323.026,533.137,19.8
1992-07-20,323.001,523.47,20.9
1992-07-21,322.992,520.112,21.7
1992-07-22,323.129,572.624,20.7
1992-07-23,323.078,553.0,20.3
1992-07-24,323.01,527.041,21.8
1992-07-25,322.969,511.591,22.0
1992-07-26,322.938,499.46,21.6
1992-07-27,322.902,485.924,22.0
1992-07-28,322.878,476.972,21.5
1992-07-29,322.855,468.265,21.8
1992-07-30,322.834,459.993,22.6
1992-07-31,322.817,453.666,22.6
1992-08-01,322.824,456.342,22.7
1992-08-02,322.842,463.035,22.6
1992-08-03,322.777,439.317,22.6
1992-08-04,322.758,432.152,22.3
1992-08-05,322.757,431.902,22.0
1992-08-06,322.725,420.234,23.1
1992-08-07,322.698,410.626,23.8
1992-08-08,322.677,403.171,24.4
1992-08-09,322.659,396.709,24.5
1992-08-10,322.652,393.99,24.2
1992-08-11,322.638,389.1,22.3
1992-08-12,322.625,386.225,22.4
1992-08-13,322.64,391.626,22.5
1992-08-14,322.582,371.32,21.6
1992-08-15,322.564,364.937,20.8
1992-08-16,322.548,359.779,21.4
1992-08-17,322.523,351.303,21.9
1992-08-18,322.496,342.071,21.9
1992-08-19,322.479,336.529,21.9
1992-08-20,322.461,330.926,22.4
1992-08-21,322.45,329.033,22.5
1992-08-22,322.493,342.846,22.2
1992-08-23,322.454,330.357,22.6
1992-08-24,322.419,319.154,21.7
1992-08-25,322.406,314.919,21.0
1992-08-26,322.386,310.346,21.7
1992-08-27,322.367,304.71,22.2
1992-08-28,322.357,301.72,22.6
1992-08-29,322.347,298.718,22.7
1992-08-30,322.393,312.632,22.4
1992-08-31,322.398,315.497,21.3
1992-09-01,322.602,386.175,20.4
1992-09-02,322.553,366.707,18.1
1992-09-03,322.477,341.03,18.6
1992-09-04,322.488,344.968,19.0
1992-09-05,322.832,467.34,16.6
1992-09-06,322.63,393.509,15.9
1992-09-07,322.553,366.53,16.9
1992-09-08,322.526,357.407,17.7
1992-09-09,322.51,351.926,17.4
1992-09-10,322.501,348.796,17.5
1992-09-11,322.494,348.095,17.8
1992-09-12,322.496,348.782,18.0
1992-09-13,322.475,341.964,17.4
1992-09-14,322.477,342.514,18.0
1992-09-15,322.531,360.863,17.5
1992-09-16,322.497,349.074,16.7
1992-09-17,322.468,339.632,17.3
1992-09-18,322.451,334.052,17.8
1992-09-19,322.436,329.441,17.9
1992-09-20,322.417,323.3,17.9
1992-09-21,322.399,317.601,18.0
1992-09-22,322.379,311.177,18.0
1992-09-23,322.36,305.388,18.1
1992-09-24,322.357,304.656,17.3
1992-09-25,322.35,302.448,17.3
1992-09-26,322.337,298.654,17.5
1992-09-27,322.318,293.045,17.5
1992-09-28,322.305,288.943,17.6
1992-09-29,322.313,291.507,17.3
1992-09-30,322.316,292.39,16.9
1992-10-01,322.31,290.479,16.9
1992-10-02,322.299,287.116,17.0
1992-10-03,322.294,285.648,16.9
1992-10-04,322.292,285.032,16.8
1992-10-05,322.271,279.227,16.4
1992-10-06,322.245,271.734,16.2
1992-10-07,322.246,272.166,16.2
1992-10-08,322.244,271.525,16.0
1992-10-09,322.24,270.262,15.8
1992-10-10,322.261,274.978,15.5
1992-10-11,322.231,266.538,15.1
1992-10-12,322.215,262.101,14.9
1992-10-13,322.196,256.775,14.6
1992-10-14,322.185,253.749,14.1
1992-10-15,322.169,249.431,14.0
1992-10-16,322.167,248.698,13.7
1992-10-17,322.223,264.408,13.2
1992-10-18,322.212,261.236,12.7
1992-10-19,322.194,256.248,12.3
1992-10-20,322.179,252.083,12.2
1992-10-21,322.174,250.657,12.3
1992-10-22,322.291,283.67,12.1
1992-10-23,322.284,281.484,11.2
1992-10-24,322.421,324.321,10.9
1992-10-25,322.556,368.401,10.1
1992-10-26,322.892,489.836,9.8
1992-10-27,322.572,371.874,9.5
1992-10-28,322.544,362.425,10.0
1992-10-29,323.289,644.569,9.9
1992-10-30,322.789,449.436,9.5
1992-10-31,322.648,397.967,9.7
1992-11-01,322.561,367.454,9.9
1992-11-02,322.503,348.078,9.8
1992-11-03,322.518,353.007,9.7
1992-11-04,322.737,430.3,9.7
1992-11-05,322.746,433.459,9.8
1992-11-06,322.657,401.388,10.0
1992-11-07,322.597,379.995,9.8
1992-11-08,322.553,364.668,9.7
1992-11-09,322.521,353.905,9.6
1992-11-10,322.518,353.071,9.5
1992-11-11,322.675,407.92,9.5
1992-11-12,322.941,506.34,9.5
1992-11-13,322.864,477.097,8.9
1992-11-14,322.801,453.542,8.6
1992-11-15,322.8,453.512,8.7
1992-11-16,323.179,596.773,8.8
1992-11-17,322.991,523.478,8.6
1992-11-18,322.858,472.994,8.1
1992-11-19,322.945,506.263,8.1
1992-11-20,323.065,552.229,7.9
1992-11-21,322.977,518.55,8.0
1992-11-22,323.733,828.108,8.5
1992-11-23,323.649,791.922,8.7
1992-11-24,323.321,653.751,8.4
1992-11-25,323.221,613.356,8.0
1992-11-26,323.251,625.559,8.2
1992-11-27,323.639,787.562,8.2
1992-11-28,323.315,651.117,7.9
1992-11-29,323.654,794.506,8.3
1992-11-30,323.704,814.82,8.3
1992-12-01,323.457,709.767,8.0
1992-12-02,323.357,668.29,8.0
1992-12-03,323.383,679.014,8.1
1992-12-04,323.429,698.13,7.7
1992-12-05,323.624,780.482,7.6
1992-12-06,323.486,722.135,7.5
1992-12-07,323.406,688.378,7.2
1992-12-08,323.56,753.268,7.3
1992-12-09,323.508,731.337,7.2
1992-12-10,323.379,677.602,7.1
1992-12-11,323.293,642.141,7.0
1992-12-12,323.284,638.596,6.8
1992-12-13,323.394,683.535,6.6
1992-12-14,323.263,630.082,6.4
1992-12-15,323.184,598.407,6.3
1992-12-16,323.129,576.615,6.3
1992-12-17,323.082,558.151,6.2
1992-12-18,323.043,543.424,6.1
1992-12-19,323.003,528.323,6.1
1992-12-20,322.96,511.624,6.1
1992-12-21,322.926,498.895,6.2
1992-12-22,322.902,489.614,6.3
1992-12-23,322.873,478.676,6.2
1992-12-24,322.836,464.713,6.1
1992-12-25,322.795,449.263,6.0
1992-12-26,322.749,432.717,5.7
1992-12-27,322.707,417.457,5.5
1992-12-28,322.679,407.584,5.0
1992-12-29,322.636,392.016,4.6
1992-12-30,322.603,380.023,4.5
1992-12-31,322.577,371.17,4.5
1993-01-01,322.546,360.759,4.4
1993-01-02,322.514,349.806,4.0
1993-01-03,322.48,338.682,3.5
1993-01-04,322.448,328.49,3.2
1993-01-05,322.431,323.037,3.2
1993-01-06,322.42,319.561,3.3
1993-01-07,322.418,318.695,3.8
1993-01-08,322.447,328.217,4.2
1993-01-09,322.564,366.859,4.2
1993-01-10,322.492,342.632,4.1
1993-01-11,322.455,330.743,4.3
1993-01-12,322.448,328.289,4.9
1993-01-13,322.571,369.634,4.9
1993-01-14,322.53,355.493,4.7
1993-01-15,322.744,431.205,4.9
1993-01-16,322.558,366.387,4.6
1993-01-17,322.499,346.501,4.6
1993-01-18,322.467,335.965,4.4
1993-01-19,322.436,326.011,4.5
1993-01-20,322.415,319.413,4.6
1993-01-21,322.397,313.605,4.7
1993-01-22,322.382,309.202,4.9
1993-01-23,322.365,303.894,5.1
1993-01-24,322.351,299.974,5.4
1993-01-25,322.386,310.415,5.7
1993-01-26,322.438,326.785,5.2
1993-01-27,322.378,308.019,4.5
1993-01-28,322.409,317.636,4.6
1993-01-29,322.515,350.283,5.1
1993-01-30,322.489,341.725,5.4
1993-01-31,322.442,326.461,5.2
1993-02-01,322.411,316.515,5.2
1993-02-02,322.382,307.569,5.1
1993-02-03,322.365,302.631,4.8
1993-02-04,322.345,296.633,4.6
1993-02-05,322.334,293.279,4.6
1993-02-06,322.325,290.505,4.6
1993-02-07,322.306,284.926,4.8
1993-02-08,322.287,279.343,5.2
1993-02-09,322.274,275.773,5.1
1993-02-10,322.265,273.337,4.9
1993-02-11,322.258,271.218,4.8
1993-02-12,322.245,267.614,4.8
1993-02-13,322.238,265.672,4.8
1993-02-14,322.224,261.624,4.8
1993-02-15,322.208,257.34,4.8
1993-02-16,322.192,252.842,4.6
1993-02-17,322.19,252.288,4.4
1993-02-18,322.201,255.387,4.4
1993-02-19,322.18,248.383,4.7
1993-02-20,322.174,246.747,4.7
1993-02-21,322.184,249.423,4.6
1993-02-22,322.179,247.89,4.5
1993-02-23,322.165,244.258,4.1
1993-02-24,322.153,240.848,3.6
1993-02-25,322.151,240.407,3.4
1993-02-26,322.146,238.958,3.6
1993-02-27,322.144,238.606,3.8
1993-02-28,322.137,236.757,3.9
1993-03-01,322.123,232.767,3.9
1993-03-02,322.125,233.484,3.7
1993-03-03,322.118,231.578,3.8
1993-03-04,322.125,233.547,4.0
1993-03-05,322.109,229.194,3.8
1993-03-06,322.106,228.292,3.8
1993-03-07,322.102,227.231,4.0
1993-03-08,322.114,230.466,4.1
1993-03-09,322.1,226.953,4.1
1993-03-10,322.098,226.395,4.1
1993-03-11,322.102,228.653,4.4
1993-03-12,322.113,231.501,4.6
1993-03-13,322.128,235.455,4.9
1993-03-14,322.146,240.392,5.0
1993-03-15,322.15,241.395,5.2
1993-03-16,322.148,240.981,5.5
1993-03-17,322.209,257.621,5.8
1993-03-18,322.352,298.795,6.0
1993-03-19,322.306,286.517,6.3
1993-03-20,322.265,274.741,6.4
1993-03-21,322.238,266.994,6.3
1993-03-22,322.254,273.035,6.7
1993-03-23,322.3,286.193,7.1
1993-03-24,322.448,331.532,6.4
1993-03-25,322.454,333.629,5.8
1993-03-26,322.385,313.108,5.6
1993-03-27,322.345,301.083,5.5
1993-03-28,322.324,294.653,5.8
1993-03-29,322.301,289.326,5.9
1993-03-30,322.282,283.664,6.2
1993-03-31,322.276,282.11,6.7
1993-04-01,322.312,292.771,7.2
1993-04-02,322.348,303.385,7.2
1993-04-03,322.333,299.016,6.6
1993-04-04,322.305,290.457,6.1
1993-04-05,322.283,283.968,6.1
1993-04-06,322.338,301.02,6.4
1993-04-07,322.599,386.057,7.0
1993-04-08,322.548,368.395,6.7
1993-04-09,322.499,351.51,6.9
1993-04-10,322.433,330.09,7.6
1993-04-11,322.466,340.61,8.0
1993-04-12,322.456,337.241,8.0
1993-04-13,322.426,327.764,7.8
1993-04-14,322.39,316.249,7.9
1993-04-15,322.376,312.042,8.2
1993-04-16,322.372,310.592,8.3
1993-04-17,322.373,311.019,8.7
1993-04-18,322.384,314.37,8.8
1993-04-19,322.372,309.081,8.5
1993-04-20,322.38,311.687,8.4
1993-04-21,322.387,313.603,8.9
1993-04-22,322.393,315.679,10.1
1993-04-23,322.398,317.133,10.8
1993-04-24,322.393,315.476,10.8
1993-04-25,322.391,314.929,11.3
1993-04-26,322.389,314.211,11.8
1993-04-27,322.392,315.198,12.4
1993-04-28,322.412,320.151,12.8
1993-04-29,322.425,324.203,13.9
1993-04-30,322.441,329.329,14.2
1993-05-01,322.463,336.336,12.9
1993-05-02,322.475,340.257,12.0
1993-05-03,322.505,350.178,12.5
1993-05-04,322.503,347.779,12.9
1993-05-05,322.486,342.069,13.5
1993-05-06,322.488,342.78,13.7
1993-05-07,322.501,347.066,13.5
1993-05-08,322.514,349.826,13.9
1993-05-09,322.517,350.852,14.2
1993-05-10,322.524,353.069,14.5
1993-05-11,322.512,349.243,14.6
1993-05-12,322.525,351.989,15.1
1993-05-13,322.562,364.398,13.9
1993-05-14,322.567,366.25,14.5
1993-05-15,322.59,374.1,13.9
1993-05-16,322.594,373.669,14.1
1993-05-17,322.596,374.473,14.4
1993-05-18,322.58,368.824,16.2
1993-05-19,322.573,366.325,16.6
1993-05-20,322.576,365.726,16.4
1993-05-21,322.605,375.693,16.8
1993-05-22,322.623,382.138,13.5
1993-05-23,322.614,378.769,15.5
1993-05-24,322.597,371.202,17.0
1993-05-25,322.587,367.688,17.6
1993-05-26,322.593,369.878,17.7
1993-05-27,322.598,371.643,17.8
1993-05-28,322.669,396.805,16.6
1993-05-29,322.68,400.554,15.6
1993-05-30,322.693,403.373,16.4
1993-05-31,322.708,408.981,17.0
1993-06-01,322.737,419.374,16.0
1993-06-02,322.738,419.778,17.2
1993-06-03,322.774,432.563,16.8
1993-06-04,322.821,449.852,15.2
1993-06-05,322.812,446.185,17.0
1993-06-06,322.792,439.037,18.2
1993-06-07,322.777,433.746,18.6
1993-06-08,322.776,433.417,19.0
1993-06-09,322.773,432.398,20.1
1993-06-10,322.783,435.882,20.4
1993-06-11,322.798,441.48,19.2
1993-06-12,322.935,492.931,17.2
1993-06-13,322.881,472.427,16.2
1993-06-14,322.828,452.387,15.6
1993-06-15,322.827,451.738,15.9
1993-06-16,322.935,492.973,16.5
1993-06-17,322.969,506.683,17.5
1993-06-18,323.21,599.553,16.2
1993-06-19,323.007,520.244,18.0
1993-06-20,322.967,504.956,18.5
1993-06-21,322.97,506.122,18.0
1993-06-22,323.007,520.174,18.4
1993-06-23,323.237,609.88,18.8
1993-06-24,323.405,678.171,17.7
1993-06-25,323.228,606.1,18.0
1993-06-26,323.143,572.428,18.8
1993-06-27,323.097,554.315,18.5
1993-06-28,323.071,544.424,18.4
1993-06-29,323.043,531.923,19.2
1993-06-30,323.014,520.738,19.9
1993-07-01,322.988,511.086,20.3
1993-07-02,322.962,501.121,20.3
1993-07-03,322.949,496.248,19.8
1993-07-04,322.933,490.142,20.2
1993-07-05,322.936,491.27,21.1
1993-07-06,323.637,774.677,20.3
1993-07-07,323.278,624.348,19.4
1993-07-08,323.116,559.941,20.4
1993-07-09,323.055,536.612,20.7
1993-07-10,323.048,533.832,20.6
1993-07-11,323.823,857.497,18.2
1993-07-12,323.693,797.345,16.7
1993-07-13,323.596,755.617,16.4
1993-07-14,323.448,693.727,17.0
1993-07-15,323.491,711.586,17.4
1993-07-16,323.58,749.084,17.2
1993-07-17,323.524,725.673,18.4
1993-07-18,323.744,819.225,18.3
1993-07-19,323.868,873.15,17.6
1993-07-20,323.764,827.432,17.6
1993-07-21,323.762,827.075,17.1
1993-07-22,323.845,862.703,17.1
1993-07-23,323.818,850.892,17.5
1993-07-24,323.684,793.097,18.2
1993-07-25,323.612,762.661,18.8
1993-07-26,323.645,776.45,17.7
1993-07-27,323.558,739.846,17.5
1993-07-28,323.519,723.392,17.9
1993-07-29,323.508,718.68,18.1
1993-07-30,323.474,704.627,19.5
1993-07-31,323.66,783.214,19.5
1993-08-01,323.593,754.445,18.1
1993-08-02,323.479,706.656,19.5
1993-08-03,323.425,683.95,19.7
1993-08-04,323.383,666.753,20.3
1993-08-05,323.36,657.285,20.2
1993-08-06,323.355,655.25,20.3
1993-08-07,323.338,648.341,20.0
1993-08-08,323.262,617.8,20.8
1993-08-09,323.226,603.383,20.8
1993-08-10,323.242,609.993,20.3
1993-08-11,323.507,718.513,18.6
1993-08-12,323.308,636.189,19.5
1993-08-13,323.238,608.058,20.5
1993-08-14,323.188,590.271,21.0
1993-08-15,323.133,568.365,21.5
1993-08-16,323.092,552.423,21.4
1993-08-17,323.059,539.967,21.7
1993-08-18,323.019,524.619,22.1
1993-08-19,322.982,510.637,22.1
1993-08-20,322.947,497.301,21.8
1993-08-21,322.917,486.119,22.0
1993-08-22,322.877,470.62,22.6
1993-08-23,322.894,477.203,22.3
1993-08-24,322.974,507.748,20.8
1993-08-25,323.016,523.675,20.4
1993-08-26,323.012,521.999,20.5
1993-08-27,322.998,516.621,20.5
1993-08-28,323.387,671.635,19.2
1993-08-29,323.279,626.9,18.2
1993-08-30,323.12,565.332,19.0
1993-08-31,323.069,545.557,19.0
1993-09-01,323.043,535.831,18.8
1993-09-02,323.009,522.853,19.0
1993-09-03,322.986,514.072,18.9
1993-09-04,323.157,580.925,18.2
1993-09-05,323.248,618.053,17.0
1993-09-06,323.172,587.795,17.1
1993-09-07,323.108,562.624,17.7
1993-09-08,323.106,561.682,17.8
1993-09-09,323.078,550.832,17.5
1993-09-10,323.063,546.977,17.5
1993-09-11,323.092,558.239,17.2
1993-09-12,323.098,560.423,17.3
1993-09-13,323.087,558.356,17.1
1993-09-14,323.457,709.318,16.3
1993-09-15,323.237,618.018,16.1
1993-09-16,323.174,594.621,16.2
1993-09-17,323.124,574.542,16.0
1993-09-18,323.091,561.563,16.3
1993-09-19,323.053,549.025,16.7
1993-09-20,323.016,535.018,16.9
1993-09-21,322.982,522.102,17.1
1993-09-22,322.951,510.445,17.0
1993-09-23,322.926,500.695,17.0
1993-09-24,322.909,494.442,16.7
1993-09-25,322.93,502.373,16.8
1993-09-26,322.963,516.741,15.7
1993-09-27,323.007,533.388,15.2
1993-09-28,322.996,529.092,15.4
1993-09-29,322.981,523.714,15.1
1993-09-30,322.975,521.244,15.1
1993-10-01,322.955,513.631,15.5
1993-10-02,322.994,528.688,15.3
1993-10-03,323.24,625.034,14.2
1993-10-04,323.142,585.676,13.7
1993-10-05,323.071,557.731,14.2
1993-10-06,323.041,546.416,14.4
1993-10-07,323.043,547.11,14.2
1993-10-08,323.067,556.302,14.3
1993-10-09,323.539,749.011,13.7
1993-10-10,323.359,673.387,13.1
1993-10-11,323.276,639.587,13.5
1993-10-12,323.23,621.178,13.7
1993-10-13,323.277,637.864,13.7
1993-10-14,323.388,683.519,13.7
1993-10-15,323.56,755.532,13.3
1993-10-16,323.515,736.547,13.2
1993-10-17,323.502,730.806,13.3
1993-10-18,323.473,718.556,13.1
1993-10-19,323.439,704.372,12.9
1993-10-20,323.408,691.393,12.8
1993-10-21,323.385,681.793,12.5
1993-10-22,323.425,698.596,12.1
1993-10-23,323.445,707.048,11.6
1993-10-24,323.504,731.845,11.5
1993-10-25,323.494,727.527,11.2
1993-10-26,323.427,699.443,11.1
1993-10-27,323.375,678.036,10.9
1993-10-28,323.325,657.338,10.8
1993-10-29,323.285,641.085,10.7
1993-10-30,323.244,624.721,10.5
1993-10-31,323.196,605.359,10.3
1993-11-01,323.15,586.891,10.2
1993-11-02,323.106,569.449,10.2
1993-11-03,323.071,556.061,10.1
1993-11-04,323.041,544.294,10.1
1993-11-05,323.005,530.618,9.9
1993-11-06,322.992,525.834,9.8
1993-11-07,323.285,641.506,9.8
1993-11-08,323.152,587.734,10.0
1993-11-09,323.047,546.609,9.8
1993-11-10,322.987,522.234,9.6
1993-11-11,322.968,514.739,9.6
1993-11-12,323.009,530.267,9.4
1993-11-13,322.947,506.846,9.2
1993-11-14,322.877,480.434,9.2
1993-11-15,322.824,460.154,9.0
1993-11-16,322.87,477.72,8.7
1993-11-17,322.86,473.909,8.3
1993-11-18,322.83,462.446,8.0
1993-11-19,322.798,450.284,7.6
1993-11-20,322.763,437.616,7.2
1993-11-21,322.729,425.617,6.9
1993-11-22,322.697,413.936,6.8
1993-11-23,322.664,402.106,6.7
1993-11-24,322.642,394.237,6.5
1993-11-25,322.62,386.338,6.3
1993-11-26,322.603,380.184,6.2
1993-11-27,322.581,372.544,6.0
1993-11-28,322.55,362.0,5.9
1993-11-29,322.528,354.656,5.5
1993-11-30,322.51,348.481,5.3
1993-12-01,322.49,341.717,5.0
1993-12-02,322.483,339.649,5.2
1993-12-03,322.472,335.962,5.5
1993-12-04,322.458,333.191,5.5
1993-12-05,322.455,332.249,5.4
1993-12-06,322.483,341.173,5.4
1993-12-07,322.46,333.687,5.2
1993-12-08,322.499,346.789,5.4
1993-12-09,322.579,373.745,5.8
1993-12-10,322.552,364.399,6.0
1993-12-11,322.605,383.085,5.8
1993-12-12,322.61,384.646,5.3
1993-12-13,322.558,366.426,5.2
1993-12-14,322.608,383.712,5.6
1993-12-15,322.593,378.412,5.6
1993-12-16,322.603,382.064,5.5
1993-12-17,322.6,381.025,5.4
1993-12-18,322.747,433.789,5.6
1993-12-19,322.711,420.712,5.6
1993-12-20,323.059,555.882,6.3
1993-12-21,323.147,587.854,7.2
1993-12-22,322.943,509.347,6.0
1993-12-23,322.844,471.612,5.4
1993-12-24,322.86,477.591,5.5
1993-12-25,322.797,453.945,5.2
1993-12-26,322.742,433.591,5.1
1993-12-27,322.689,416.444,4.7
1993-12-28,322.653,403.501,4.7
1993-12-29,322.628,394.497,4.7
1993-12-30,322.616,390.129,5.0
1993-12-31,322.694,418.162,5.3
1994-01-01,323.338,670.943,5.5
1994-01-02,323.052,554.782,4.9
1994-01-03,323.238,628.431,5.1
1994-01-04,323.225,623.171,5.4
1994-01-05,323.141,589.298,5.3
1994-01-06,322.982,529.608,5.3
1994-01-07,322.902,499.409,5.1
1994-01-08,322.865,485.193,5.2
1994-01-09,322.813,465.629,5.2
1994-01-10,322.771,451.527,5.2
1994-01-11,322.72,433.065,5.0
1994-01-12,322.683,419.696,5.0
1994-01-13,322.646,408.263,5.2
1994-01-14,322.745,444.509,5.6
1994-01-15,322.84,479.404,5.4
1994-01-16,322.745,443.79,5.1
1994-01-17,322.704,428.888,4.8
1994-01-18,322.656,411.85,4.5
1994-01-19,322.618,398.149,4.0
1994-01-20,322.597,390.526,3.9
1994-01-21,322.584,386.005,4.0
1994-01-22,322.56,377.412,4.2
1994-01-23,322.528,366.433,4.0
1994-01-24,322.697,427.267,4.3
1994-01-25,323.127,592.299,4.8
1994-01-26,323.366,688.792,5.5
1994-01-27,323.019,549.852,5.0
1994-01-28,322.91,507.935,4.9
1994-01-29,322.865,490.861,4.4
1994-01-30,322.814,471.625,4.4
1994-01-31,322.777,457.43,4.7
1994-02-01,322.742,444.486,4.6
1994-02-02,322.711,433.468,4.4
1994-02-03,322.686,424.18,4.7
1994-02-04,322.661,415.277,5.0
1994-02-05,322.644,409.296,4.8
1994-02-06,322.617,397.805,4.8
1994-02-07,322.594,389.509,4.9
1994-02-08,322.641,406.445,5.0
1994-02-09,322.638,405.44,4.9
1994-02-10,322.611,395.553,4.7
1994-02-11,322.592,388.784,4.6
1994-02-12,322.581,384.667,4.4
1994-02-13,322.556,376.014,4.0
1994-02-14,322.523,364.746,3.6
1994-02-15,322.486,352.26,3.4
1994-02-16,322.473,347.667,3.6
1994-02-17,322.453,341.294,3.8
1994-02-18,322.44,337.016,3.8
1994-02-19,322.423,331.523,3.9
1994-02-20,322.411,327.665,3.7
1994-02-21,322.412,328.055,3.6
1994-02-22,322.397,323.408,4.0
1994-02-23,322.394,322.256,4.1
1994-02-24,322.419,330.333,4.2
1994-02-25,322.477,349.302,4.5
1994-02-26,322.495,355.172,4.8
1994-02-27,322.46,343.328,4.6
1994-02-28,322.465,345.322,4.7
1994-03-01,322.449,340.11,5.0
1994-03-02,322.504,358.644,5.1
1994-03-03,322.531,367.611,5.4
1994-03-04,322.603,392.696,5.6
1994-03-05,322.568,380.28,5.5
1994-03-06,322.52,363.664,5.3
1994-03-07,322.531,367.557,5.5
1994-03-08,322.497,355.839,5.7
1994-03-09,322.495,353.666,6.0
1994-03-10,322.519,361.645,6.3
1994-03-11,322.513,359.741,6.5
1994-03-12,322.505,356.789,6.6
1994-03-13,322.484,349.901,6.9
1994-03-14,322.472,345.901,6.5
1994-03-15,322.496,354.049,6.6
1994-03-16,322.469,344.706,6.6
1994-03-17,322.462,342.427,6.4
1994-03-18,322.469,344.808,6.1
1994-03-19,322.481,347.234,6.1
1994-03-20,322.655,409.45,6.4
1994-03-21,322.753,443.642,6.7
1994-03-22,322.624,396.592,7.0
1994-03-23,322.57,377.327,7.2
1994-03-24,322.541,367.395,7.4
1994-03-25,322.554,371.914,8.1
1994-03-26,322.916,506.256,8.6
1994-03-27,322.938,511.309,7.5
1994-03-28,322.767,446.338,7.4
1994-03-29,322.699,421.779,7.8
1994-03-30,322.676,413.603,8.2
1994-03-31,322.673,412.579,8.4
1994-04-01,322.685,415.026,8.0
1994-04-02,322.838,470.993,7.4
1994-04-03,322.755,440.142,7.1
1994-04-04,322.752,438.997,6.9
1994-04-05,322.82,464.647,6.7
1994-04-06,322.768,443.069,7.0
1994-04-07,322.727,428.492,7.3
1994-04-08,322.736,431.63,7.8
1994-04-09,322.779,446.914,7.4
1994-04-10,322.756,436.953,7.1
1994-04-11,322.709,420.142,7.4
1994-04-12,322.706,419.113,7.3
1994-04-13,322.992,526.817,7.0
1994-04-14,323.135,579.5,6.7
1994-04-15,323.026,537.058,6.8
1994-04-16,322.945,505.995,7.0
1994-04-17,322.934,501.84,7.5
1994-04-18,323.021,533.164,7.3
1994-04-19,322.951,506.481,7.2
1994-04-20,322.898,486.187,7.6
1994-04-21,322.902,487.726,8.2
1994-04-22,322.919,494.289,8.2
1994-04-23,322.901,487.41,8.7
1994-04-24,322.884,478.953,9.1
1994-04-25,322.86,470.013,9.4
1994-04-26,323.265,629.736,8.7
1994-04-27,323.055,544.212,8.1
1994-04-28,322.956,506.409,8.8
1994-04-29,322.923,494.055,10.4
1994-04-30,322.903,486.464,11.3
1994-05-01,322.899,484.986,11.2
1994-05-02,322.906,487.379,10.7
1994-05-03,322.883,478.669,12.2
1994-05-04,322.869,473.596,12.8
1994-05-05,322.888,480.63,10.8
1994-05-06,322.925,494.596,8.3
1994-05-07,322.907,488.048,10.1
1994-05-08,322.893,482.577,12.2
1994-05-09,322.97,511.661,11.6
1994-05-10,323.063,549.282,11.1
1994-05-11,322.991,521.852,12.5
1994-05-12,322.942,503.144,13.5
1994-05-13,322.928,497.721,13.0
1994-05-14,322.902,487.749,13.1
1994-05-15,322.912,491.639,13.3
1994-05-16,322.895,485.353,13.5
1994-05-17,322.887,482.14,14.2
1994-05-18,322.957,508.989,13.9
1994-05-19,324.511,1179.518,13.0
1994-05-20,323.816,861.448,10.2
1994-05-21,323.548,746.242,12.0
1994-05-22,323.788,849.121,12.8
1994-05-23,323.555,748.917,13.3
1994-05-24,323.458,708.422,12.5
1994-05-25,324.091,985.178,12.8
1994-05-26,323.686,804.821,11.4
1994-05-27,323.737,827.161,12.1
1994-05-28,323.703,812.228,11.4
1994-05-29,323.638,784.377,13.0
1994-05-30,323.635,783.098,13.2
1994-05-31,323.573,758.769,13.7
1994-06-01,323.531,741.005,14.3
1994-06-02,323.508,731.294,14.8
1994-06-03,323.618,777.713,14.3
1994-06-04,323.559,752.593,13.5
1994-06-05,323.579,761.289,12.4
1994-06-06,323.667,798.94,11.0
1994-06-07,323.58,761.497,12.8
1994-06-08,323.548,748.042,13.8
1994-06-09,323.899,901.407,14.0
1994-06-10,323.899,900.025,12.2
1994-06-11,323.79,852.176,12.6
1994-06-12,323.835,871.379,13.2
1994-06-13,323.703,814.191,13.8
1994-06-14,323.633,784.219,14.2
1994-06-15,323.579,761.254,14.2
1994-06-16,323.53,742.561,14.3
1994-06-17,323.491,726.222,13.8
1994-06-18,323.463,714.503,14.3
1994-06-19,323.425,698.739,14.8
1994-06-20,323.542,747.753,15.1
1994-06-21,323.461,713.899,14.8
1994-06-22,323.401,688.718,16.1
1994-06-23,323.372,676.757,15.7
1994-06-24,323.352,668.576,17.2
1994-06-25,323.342,664.362,17.8
1994-06-26,323.327,660.358,18.0
1994-06-27,323.308,652.259,18.4
1994-06-28,323.281,641.323,18.6
1994-06-29,323.284,642.708,19.5
1994-06-30,323.265,634.991,19.0
1994-07-01,323.259,632.41,20.4
1994-07-02,323.224,618.673,21.4
1994-07-03,323.201,609.564,21.9
1994-07-04,323.172,597.77,22.6
1994-07-05,323.179,602.545,22.0
1994-07-06,323.189,606.527,22.3
1994-07-07,323.891,906.692,21.2
1994-07-08,323.405,694.764,20.1
1994-07-09,323.317,658.362,20.7
1994-07-10,323.302,651.873,21.1
1994-07-11,323.208,614.393,21.9
1994-07-12,323.15,591.184,22.2
1994-07-13,323.12,580.915,22.1
1994-07-14,323.105,575.033,22.1
1994-07-15,323.076,563.537,22.0
1994-07-16,323.034,547.481,22.1
1994-07-17,322.998,533.689,22.6
1994-07-18,322.981,527.386,22.5
1994-07-19,322.968,522.589,21.9
1994-07-20,322.948,514.836,21.2
1994-07-21,323.008,537.743,20.8
1994-07-22,322.983,527.998,21.9
1994-07-23,322.928,507.204,22.5
1994-07-24,322.897,495.514,22.7
1994-07-25,322.875,487.001,23.0
1994-07-26,322.913,501.673,22.8
1994-07-27,322.871,485.556,23.2
1994-07-28,322.831,468.412,23.7
1994-07-29,322.817,463.19,23.9
1994-07-30,322.792,453.804,24.0
1994-07-31,322.78,449.116,23.9
1994-08-01,322.756,440.453,23.9
1994-08-02,322.746,436.794,23.2
1994-08-03,322.73,431.334,23.7
1994-08-04,322.695,418.495,24.7
1994-08-05,322.67,409.702,24.9
1994-08-06,322.648,401.524,25.0
1994-08-07,322.659,403.822,25.1
1994-08-08,322.65,400.709,25.0
1994-08-09,322.626,391.952,24.0
1994-08-10,322.652,401.177,24.4
1994-08-11,322.78,447.875,24.1
1994-08-12,322.724,427.244,23.0
1994-08-13,322.758,437.684,21.5
1994-08-14,322.706,418.788,22.1
1994-08-15,322.693,414.187,22.4
1994-08-16,322.66,402.259,22.3
1994-08-17,322.675,406.004,22.3
1994-08-18,322.834,464.758,21.3
1994-08-19,322.796,449.695,18.8
1994-08-20,322.712,419.185,19.5
1994-08-21,322.685,409.431,20.5
1994-08-22,322.673,403.58,21.2
1994-08-23,322.647,393.984,21.5
1994-08-24,322.652,395.857,21.3
1994-08-25,323.051,546.329,19.9
1994-08-26,322.861,472.35,19.1
1994-08-27,322.779,441.724,19.9
1994-08-28,322.744,427.186,20.0
1994-08-29,322.72,418.426,20.2
1994-08-30,322.713,415.91,20.3
1994-08-31,322.692,408.667,20.8
1994-09-01,322.73,422.152,20.4
1994-09-02,322.855,468.86,20.1
1994-09-03,322.986,517.934,19.0
1994-09-04,322.907,485.898,19.0
1994-09-05,322.831,456.932,19.5
1994-09-06,322.798,445.045,19.6
1994-09-07,322.798,445.002,20.0
1994-09-08,322.813,450.394,19.8
1994-09-09,323.063,546.309,18.6
1994-09-10,322.941,498.97,17.7
1994-09-11,322.892,480.147,18.2
1994-09-12,322.893,480.577,18.3
1994-09-13,322.862,468.701,18.3
1994-09-14,322.923,491.929,18.0
1994-09-15,323.219,606.834,17.1
1994-09-16,323.212,605.628,15.5
1994-09-17,323.247,619.803,15.5
1994-09-18,323.25,621.071,14.7
1994-09-19,323.169,588.64,15.0
1994-09-20,323.136,575.484,15.3
1994-09-21,323.108,564.48,15.6
1994-09-22,323.086,556.041,15.6
1994-09-23,323.067,548.747,15.7
1994-09-24,323.043,539.513,16.2
1994-09-25,323.021,531.066,16.1
1994-09-26,323.005,524.994,16.0
1994-09-27,322.982,516.501,16.0
1994-09-28,322.962,508.812,15.9
1994-09-29,322.946,504.672,15.9
1994-09-30,322.928,497.674,16.1
1994-10-01,322.912,491.53,16.2
1994-10-02,322.896,485.525,16.5
1994-10-03,322.886,481.925,16.3
1994-10-04,322.948,505.586,15.3
1994-10-05,323.029,536.308,14.3
1994-10-06,322.921,495.25,14.4
1994-10-07,322.875,477.554,14.2
1994-10-08,322.838,463.5,13.9
1994-10-09,322.797,448.274,14.0
1994-10-10,322.765,436.47,14.0
1994-10-11,322.731,426.057,13.9
1994-10-12,322.71,418.579,13.8
1994-10-13,322.685,409.584,13.8
1994-10-14,322.665,402.234,13.8
1994-10-15,322.641,393.779,13.7
1994-10-16,322.618,385.628,13.7
1994-10-17,322.591,375.988,13.5
1994-10-18,322.561,365.855,13.2
1994-10-19,322.541,358.989,12.9
1994-10-20,322.52,351.905,12.9
1994-10-21,322.502,345.895,12.9
1994-10-22,322.486,342.277,12.9
1994-10-23,322.48,340.137,12.8
1994-10-24,322.464,335.182,12.8
1994-10-25,322.448,329.889,12.5
1994-10-26,322.618,388.235,12.4
1994-10-27,322.677,408.724,11.6
1994-10-28,322.548,362.881,11.5
1994-10-29,322.523,354.443,11.6
1994-10-30,322.495,345.185,11.8
1994-10-31,322.469,336.731,12.0
1994-11-01,322.452,332.772,12.0
1994-11-02,322.427,324.983,11.7
1994-11-03,322.407,318.422,11.6
1994-11-04,322.385,311.505,11.6
1994-11-05,322.365,305.573,11.5
1994-11-06,322.346,299.749,11.6
1994-11-07,322.331,295.169,11.6
1994-11-08,322.317,290.999,11.6
1994-11-09,322.303,287.106,11.3
1994-11-10,322.326,295.48,11.3
1994-11-11,322.369,308.486,11.3
1994-11-12,322.675,411.582,11.0
1994-11-13,322.505,351.97,10.7
1994-11-14,322.442,331.144,10.8
1994-11-15,322.41,320.937,10.9
1994-11-16,322.399,317.403,10.9
1994-11-17,322.406,319.777,10.7
1994-11-18,322.384,314.342,10.4
1994-11-19,322.437,331.4,10.4
1994-11-20,322.57,375.775,10.5
1994-11-21,322.542,366.075,10.5
1994-11-22,322.499,351.433,10.5
1994-11-23,322.475,343.367,10.5
1994-11-24,322.455,336.86,10.6
1994-11-25,322.439,331.742,10.5
1994-11-26,322.421,326.104,10.4
1994-11-27,322.411,324.404,10.1
1994-11-28,322.395,319.33,10.1
1994-11-29,322.37,311.618,10.0
1994-11-30,322.358,307.922,9.9
1994-12-01,322.349,305.306,9.6
1994-12-02,322.335,301.066,9.3
1994-12-03,322.32,296.354,9.2
1994-12-04,322.311,293.658,9.1
1994-12-05,322.333,300.421,9.3
1994-12-06,322.356,308.783,9.5
1994-12-07,322.369,313.025,9.1
1994-12-08,322.347,306.278,8.6
1994-12-09,322.39,320.133,8.8
1994-12-10,323.056,561.115,8.9
1994-12-11,322.776,454.113,8.9
1994-12-12,322.604,391.319,9.2
1994-12-13,322.53,365.528,9.1
1994-12-14,322.5,355.131,8.7
1994-12-15,322.51,358.728,8.2
1994-12-16,322.475,346.71,7.7
1994-12-17,322.449,338.397,7.8
1994-12-18,322.429,331.744,8.1
1994-12-19,322.411,326.464,7.9
1994-12-20,322.434,335.072,7.9
1994-12-21,322.471,347.055,7.8
1994-12-22,322.454,341.45,7.4
1994-12-23,322.439,336.748,7.0
1994-12-24,322.406,326.134,6.5
1994-12-25,322.38,316.381,6.2
1994-12-26,322.353,307.901,6.2
1994-12-27,322.34,304.097,6.2
1994-12-28,322.629,402.541,6.8
1994-12-29,322.745,442.835,6.9
1994-12-30,322.998,542.7,6.9
1994-12-31,323.122,587.254,6.5
1995-01-01,322.866,485.71,6.4
1995-01-02,322.734,436.184,5.7
1995-01-03,322.65,406.167,5.3
1995-01-04,322.612,392.428,5.1
1995-01-05,322.572,378.021,4.7
1995-01-06,322.526,362.268,4.3
1995-01-07,322.498,352.763,4.1
1995-01-08,322.484,348.243,4.5
1995-01-09,322.458,337.953,4.7
1995-01-10,322.45,335.46,4.7
1995-01-11,322.742,438.015,4.8
1995-01-12,322.653,405.174,4.5
1995-01-13,322.564,373.602,4.3
1995-01-14,322.524,360.052,4.1
1995-01-15,322.489,346.277,3.8
1995-01-16,322.467,339.316,3.9
1995-01-17,322.437,329.493,3.8
1995-01-18,322.421,324.404,3.7
1995-01-19,322.422,324.863,3.9
1995-01-20,322.408,320.503,4.1
1995-01-21,322.401,317.996,4.2
1995-01-22,322.571,375.52,4.4
1995-01-23,323.039,548.278,4.9
1995-01-24,323.38,686.275,4.8
1995-01-25,323.41,701.639,4.7
1995-01-26,323.82,871.873,5.5
1995-01-27,323.221,617.398,5.2
1995-01-28,323.04,546.044,4.7
1995-01-29,323.004,532.378,5.1
1995-01-30,323.087,564.547,5.3
1995-01-31,323.239,624.97,5.1
1995-02-01,323.01,534.482,4.6
1995-02-02,322.921,500.619,4.7
1995-02-03,322.873,482.388,4.9
1995-02-04,322.831,466.462,5.1
1995-02-05,322.787,450.06,5.2
1995-02-06,322.777,446.167,5.3
1995-02-07,322.741,433.237,5.4
1995-02-08,322.739,432.484,5.6
1995-02-09,322.804,456.331,5.9
1995-02-10,322.841,470.209,5.9
1995-02-11,322.76,440.127,5.8
1995-02-12,322.717,424.855,5.9
1995-02-13,322.701,419.113,5.8
1995-02-14,322.681,411.754,5.7
1995-02-15,322.695,416.919,5.9
1995-02-16,322.857,477.727,5.7
1995-02-17,322.886,487.584,6.1
1995-02-18,323.047,548.852,6.0
1995-02-19,322.971,519.613,6.0
1995-02-20,322.875,483.414,6.0
1995-02-21,322.882,485.953,6.2
1995-02-22,322.91,496.416,6.2
1995-02-23,322.849,473.559,6.3
1995-02-24,322.847,472.849,6.1
1995-02-25,323.076,560.402,5.8
1995-02-26,323.236,623.388,6.0
1995-02-27,322.998,530.055,6.0
1995-02-28,322.895,490.974,5.9
1995-03-01,322.853,475.045,5.7
1995-03-02,322.803,455.95,6.0
1995-03-03,322.786,449.518,5.8
1995-03-04,322.757,439.051,5.6
1995-03-05,322.721,426.256,5.5
1995-03-06,322.703,419.582,5.5
1995-03-07,322.701,418.849,5.6
1995-03-08,322.675,409.612,5.4
1995-03-09,322.643,397.924,5.4
1995-03-10,322.627,392.145,5.4
1995-03-11,322.609,385.666,5.7
1995-03-12,322.598,382.066,6.0
1995-03-13,322.609,385.809,6.2
1995-03-14,322.573,373.378,6.2
1995-03-15,322.536,360.658,6.0
1995-03-16,322.519,355.016,5.8
1995-03-17,322.506,350.618,5.7
1995-03-18,322.735,435.129,6.0
1995-03-19,323.093,566.852,6.2
1995-03-20,323.256,631.846,6.0
1995-03-21,322.942,508.834,5.5
1995-03-22,322.836,468.519,5.6
1995-03-23,322.811,458.969,6.0
1995-03-24,322.793,452.055,6.4
1995-03-25,322.804,456.414,6.9
1995-03-26,322.786,449.733,7.0
1995-03-27,322.87,481.744,6.7
1995-03-28,323.014,536.798,5.9
1995-03-29,322.875,483.304,5.6
1995-03-30,322.819,461.974,5.8
1995-03-31,322.755,438.37,5.9
1995-04-01,322.806,455.816,6.0
1995-04-02,323.08,559.523,6.3
1995-04-03,323.097,566.495,7.2
1995-04-04,322.988,524.174,7.7
1995-04-05,322.978,520.42,8.1
1995-04-06,322.977,519.972,8.1
1995-04-07,322.954,511.528,7.8
1995-04-08,322.923,499.817,7.9
1995-04-09,322.9,490.754,7.5
1995-04-10,322.85,471.747,7.8
1995-04-11,322.818,459.617,8.3
1995-04-12,322.798,452.297,8.6
1995-04-13,322.796,451.574,8.9
1995-04-14,322.779,445.245,8.8
1995-04-15,322.747,433.717,8.8
1995-04-16,322.73,427.534,8.6
1995-04-17,322.696,413.654,8.2
1995-04-18,322.673,405.19,7.9
1995-04-19,322.67,404.226,7.9
1995-04-20,322.73,425.796,8.2
1995-04-21,322.766,438.649,7.8
1995-04-22,322.782,444.708,8.7
1995-04-23,322.805,452.928,9.1
1995-04-24,322.801,451.738,9.3
1995-04-25,322.829,462.225,9.3
1995-04-26,323.67,802.706,8.5
1995-04-27,323.361,672.473,8.0
1995-04-28,323.303,648.237,8.7
1995-04-29,323.206,609.241,9.4
1995-04-30,323.209,610.513,9.9
1995-05-01,323.196,605.584,9.7
1995-05-02,323.158,590.19,10.3
1995-05-03,323.136,581.387,11.5
1995-05-04,323.127,577.968,11.8
1995-05-05,323.124,576.606,11.8
1995-05-06,323.118,574.258,12.3
1995-05-07,323.116,573.502,12.4
1995-05-08,323.114,572.707,12.1
1995-05-09,323.158,592.137,11.3
1995-05-10,323.184,602.419,11.3
1995-05-11,323.158,592.358,13.9
1995-05-12,323.144,586.422,14.1
1995-05-13,323.355,673.516,13.8
1995-05-14,323.685,810.951,10.6
1995-05-15,323.514,738.175,10.0
1995-05-16,323.461,715.753,11.8
1995-05-17,323.401,690.86,12.0
1995-05-18,323.369,677.384,10.4
1995-05-19,323.48,724.02,10.2
1995-05-20,323.416,698.933,10.9
1995-05-21,323.364,677.311,11.3
1995-05-22,323.31,655.434,11.7
1995-05-23,323.265,637.194,12.6
1995-05-24,323.236,625.596,12.7
1995-05-25,323.218,618.196,13.3
1995-05-26,323.221,619.54,13.3
1995-05-27,323.242,627.91,12.2
1995-05-28,323.239,626.678,12.4
1995-05-29,323.23,622.876,13.8
1995-05-30,323.31,655.539,13.4
1995-05-31,324.087,990.734,13.2
1995-06-01,324.944,1392.358,12.5
1995-06-02,324.767,1307.146,12.0
1995-06-03,324.128,1008.46,13.3
1995-06-04,323.969,937.661,13.8
1995-06-05,323.957,932.19,13.0
1995-06-06,324.038,968.253,12.8
1995-06-07,324.104,997.539,12.5
1995-06-08,323.958,932.873,13.2
1995-06-09,324.062,979.009,13.1
1995-06-10,324.017,959.022,13.7
1995-06-11,324.393,1131.493,13.5
1995-06-12,324.267,1071.35,13.0
1995-06-13,324.24,1058.864,13.6
1995-06-14,324.279,1076.313,13.5
1995-06-15,324.193,1037.419,13.6
1995-06-16,324.06,977.928,14.0
1995-06-17,323.994,949.016,14.3
1995-06-18,323.93,920.391,14.6
1995-06-19,323.89,902.282,14.8
1995-06-20,323.841,880.715,15.1
1995-06-21,324.021,961.22,15.4
1995-06-22,324.034,966.693,15.7
1995-06-23,323.949,928.595,15.9
1995-06-24,323.925,917.78,16.2
1995-06-25,323.909,910.933,16.2
1995-06-26,323.835,878.192,16.6
1995-06-27,323.775,851.895,17.2
1995-06-28,323.733,831.433,17.9
1995-06-29,323.71,821.502,18.0
1995-06-30,323.666,802.822,18.4
1995-07-01,323.634,789.056,18.6
1995-07-02,323.628,786.384,18.6
1995-07-03,323.693,814.083,19.0
1995-07-04,323.679,808.434,18.1
1995-07-05,323.635,789.488,18.0
1995-07-06,323.606,776.932,19.2
1995-07-07,323.584,767.641,19.6
1995-07-08,323.559,757.164,19.9
1995-07-09,323.528,743.968,20.4
1995-07-10,323.501,732.636,20.9
1995-07-11,323.469,719.333,21.4
1995-07-12,323.59,770.222,21.8
1995-07-13,323.474,721.274,22.1
1995-07-14,323.452,711.855,22.3
1995-07-15,323.521,740.84,21.2
1995-07-16,323.484,725.395,21.5
1995-07-17,323.457,714.02,20.7
1995-07-18,323.383,683.043,21.6
1995-07-19,323.346,667.842,21.1
1995-07-20,323.327,660.06,22.0
1995-07-21,323.314,654.812,22.5
1995-07-22,323.287,643.84,22.1
1995-07-23,323.403,691.8,21.5
1995-07-24,323.323,658.787,21.1
1995-07-25,323.252,629.873,21.9
1995-07-26,323.22,617.178,22.2
1995-07-27,323.181,601.371,22.3
1995-07-28,323.17,597.109,21.5
1995-07-29,323.162,593.682,21.7
1995-07-30,323.122,577.681,22.4
1995-07-31,323.078,560.583,22.9
1995-08-01,323.051,550.095,23.0
1995-08-02,323.027,541.053,22.8
1995-08-03,322.99,528.777,22.9
1995-08-04,322.954,515.131,23.4
1995-08-05,322.918,501.663,23.5
1995-08-06,322.887,489.949,23.6
1995-08-07,322.889,490.389,23.0
1995-08-08,322.953,514.681,22.8
1995-08-09,323.538,756.224,20.9
1995-08-10,323.093,568.953,20.2
1995-08-11,322.926,504.679,21.8
1995-08-12,322.947,512.457,22.4
1995-08-13,322.978,524.423,21.7
1995-08-14,322.988,528.158,21.2
1995-08-15,322.976,525.595,21.3
1995-08-16,322.906,499.052,21.6
1995-08-17,322.865,483.17,21.7
1995-08-18,322.832,470.705,21.5
1995-08-19,322.804,460.226,21.7
1995-08-20,322.821,466.737,21.7
1995-08-21,322.842,474.669,21.4
1995-08-22,322.802,459.377,21.5
1995-08-23,322.75,440.069,22.1
1995-08-24,322.764,445.489,21.6
1995-08-25,322.719,428.965,21.0
1995-08-26,322.733,433.968,20.9
1995-08-27,322.724,430.703,20.3
1995-08-28,323.077,565.588,19.5
1995-08-29,323.261,636.386,17.1
1995-08-30,323.595,774.568,15.4
1995-08-31,323.32,659.58,16.4
1995-09-01,323.235,625.186,16.7
1995-09-02,323.177,601.955,16.1
1995-09-03,323.145,589.079,15.6
1995-09-04,323.151,591.311,15.5
1995-09-05,323.147,589.809,14.5
1995-09-06,323.109,574.613,15.6
1995-09-07,323.076,561.443,16.1
1995-09-08,323.073,560.643,15.5
1995-09-09,323.084,564.646,15.1
1995-09-10,323.109,574.428,14.5
1995-09-11,323.063,556.61,15.2
1995-09-12,323.056,554.102,15.5
1995-09-13,323.075,559.48,15.5
1995-09-14,323.159,592.775,15.1
1995-09-15,323.222,617.796,14.7
1995-09-16,323.134,582.515,14.8
1995-09-17,323.121,577.393,15.2
1995-09-18,323.086,563.598,15.5
1995-09-19,323.047,548.509,15.4
1995-09-20,323.018,537.761,15.3
1995-09-21,323.142,586.414,14.8
1995-09-22,323.174,598.684,14.3
1995-09-23,323.076,559.878,14.9
1995-09-24,323.026,540.571,15.1
1995-09-25,322.986,525.524,14.8
1995-09-26,322.964,517.092,14.6
1995-09-27,322.931,504.654,14.5
1995-09-28,323.238,625.556,14.1
1995-09-29,323.139,584.857,13.5
1995-09-30,323.021,538.85,13.5
1995-10-01,322.963,516.858,13.4
1995-10-02,322.927,503.205,13.7
1995-10-03,322.9,492.877,14.0
1995-10-04,322.861,478.082,14.2
1995-10-05,322.826,464.708,14.6
1995-10-06,322.795,453.111,14.7
1995-10-07,322.768,443.132,14.4
1995-10-08,322.734,430.677,14.7
1995-10-09,322.701,418.787,14.9
1995-10-10,322.673,408.918,14.9
1995-10-11,322.653,401.666,15.0
1995-10-12,322.629,392.869,15.1
1995-10-13,322.607,385.039,15.0
1995-10-14,322.589,378.598,15.0
1995-10-15,322.558,368.151,15.1
1995-10-16,322.532,359.127,15.1
1995-10-17,322.509,353.1,15.0
1995-10-18,322.489,346.47,15.1
1995-10-19,322.469,339.799,15.0
1995-10-20,322.451,334.05,14.8
1995-10-21,322.432,327.933,14.4
1995-10-22,322.408,320.474,14.0
1995-10-23,322.387,313.591,13.9
1995-10-24,322.371,308.927,13.6
1995-10-25,322.353,303.464,13.6
1995-10-26,322.34,299.58,13.8
1995-10-27,322.332,296.986,13.7
1995-10-28,322.318,292.828,13.8
1995-10-29,322.314,291.832,14.0
1995-10-30,322.292,285.164,14.0
1995-10-31,322.277,280.905,14.0
1995-11-01,322.262,276.613,13.9
1995-11-02,322.265,277.488,13.5
1995-11-03,322.288,284.181,12.8
1995-11-04,322.279,281.536,12.0
1995-11-05,322.276,282.103,11.0
1995-11-06,322.252,275.027,10.7
1995-11-07,322.236,270.64,10.5
1995-11-08,322.223,267.12,10.7
1995-11-09,322.228,268.382,10.8
1995-11-10,322.22,266.274,10.5
1995-11-11,322.217,265.295,10.4
1995-11-12,322.22,266.298,10.5
1995-11-13,322.219,266.041,10.3
1995-11-14,322.211,263.803,10.4
1995-11-15,322.209,263.211,10.5
1995-11-16,322.329,299.03,10.4
1995-11-17,322.81,462.937,10.3
1995-11-18,322.954,518.571,9.1
1995-11-19,322.579,379.142,8.2
1995-11-20,322.496,350.613,8.1
1995-11-21,322.479,344.957,8.2
1995-11-22,322.445,333.954,8.0
1995-11-23,322.43,328.89,8.1
1995-11-24,322.43,329.052,8.4
1995-11-25,322.422,326.429,8.4
1995-11-26,322.403,320.345,8.2
1995-11-27,322.392,316.822,8.0
1995-11-28,322.391,316.49,7.7
1995-11-29,322.406,321.438,7.9
1995-11-30,322.404,322.196,8.0
1995-12-01,322.387,316.982,7.8
1995-12-02,322.363,309.539,7.6
1995-12-03,322.346,304.387,7.5
1995-12-04,322.335,300.927,7.4
1995-12-05,322.315,294.989,7.0
1995-12-06,322.304,291.587,6.6
1995-12-07,322.29,287.662,6.5
1995-12-08,322.288,286.841,6.3
1995-12-09,322.271,282.029,6.2
1995-12-10,322.266,280.395,6.2
1995-12-11,322.251,276.339,6.2
1995-12-12,322.24,273.241,6.2
1995-12-13,322.24,273.163,6.1
1995-12-14,322.232,270.968,5.5
1995-12-15,322.226,269.262,5.1
1995-12-16,322.213,265.655,5.1
1995-12-17,322.207,264.047,5.3
1995-12-18,322.22,267.482,5.5
1995-12-19,322.283,285.671,5.6
1995-12-20,322.269,281.442,5.5
1995-12-21,322.701,428.584,5.6
1995-12-22,322.707,426.421,5.6
1995-12-23,322.617,393.967,6.0
1995-12-24,322.661,409.952,6.4
1995-12-25,323.84,891.451,6.6
1995-12-26,323.717,832.665,6.0
1995-12-27,323.153,596.107,5.1
1995-12-28,322.975,526.857,4.8
1995-12-29,322.878,490.097,4.4
1995-12-30,322.816,466.482,4.3
1995-12-31,322.764,447.096,4.5
1996-01-01,322.769,449.173,4.9
1996-01-02,322.781,453.263,5.1
1996-01-03,322.734,436.324,5.2
1996-01-04,322.696,422.506,5.1
1996-01-05,322.648,405.324,5.0
1996-01-06,322.608,390.833,4.7
1996-01-07,322.58,380.818,4.5
1996-01-08,322.57,377.366,4.7
1996-01-09,322.612,392.288,4.9
1996-01-10,322.558,373.128,4.9
1996-01-11,322.534,365.003,4.8
1996-01-12,322.523,361.211,4.6
1996-01-13,322.502,354.039,4.7
1996-01-14,322.468,342.785,4.9
1996-01-15,322.432,331.297,4.8
1996-01-16,322.404,322.439,4.7
1996-01-17,322.378,314.221,4.6
1996-01-18,322.358,308.052,4.5
1996-01-19,322.339,302.172,4.4
1996-01-20,322.322,297.193,4.2
1996-01-21,322.301,290.922,4.2
1996-01-22,322.281,284.997,4.1
1996-01-23,322.265,279.547,3.9
1996-01-24,322.251,275.598,4.0
1996-01-25,322.24,272.698,4.0
1996-01-26,322.232,270.341,3.9
1996-01-27,322.223,268.005,3.9
1996-01-28,322.206,263.0,4.0
1996-01-29,322.18,255.854,3.8
1996-01-30,322.19,259.135,3.6
1996-01-31,322.169,253.506,3.4
1996-02-01,322.137,244.85,3.1
1996-02-02,322.119,239.883,3.0
1996-02-03,322.115,238.8,3.5
1996-02-04,322.111,237.588,3.9
1996-02-05,322.099,234.723,3.6
1996-02-06,322.086,231.674,3.2
1996-02-07,322.068,227.092,2.8
1996-02-08,322.059,224.642,2.8
1996-02-09,322.055,223.75,3.0
1996-02-10,322.048,222.037,2.9
1996-02-11,322.043,220.737,3.1
1996-02-12,322.04,220.077,3.2
1996-02-13,322.054,223.983,3.6
1996-02-14,322.057,224.742,3.6
1996-02-15,322.051,223.145,3.6
1996-02-16,322.045,221.75,3.6
1996-02-17,322.045,221.735,3.6
1996-02-18,322.062,225.925,3.6
1996-02-19,322.243,275.36,3.8
1996-02-20,322.201,264.502,3.7
1996-02-21,322.157,252.397,3.5
1996-02-22,322.119,241.955,3.3
1996-02-23,322.087,233.533,2.9
1996-02-24,322.068,228.371,2.8
1996-02-25,322.054,224.634,3.0
1996-02-26,322.041,221.552,3.4
1996-02-27,322.034,220.0,3.7
1996-02-28,322.029,218.964,3.9
1996-03-01,322.035,220.5,3.9
1996-03-02,322.029,218.977,3.8
1996-03-03,322.02,216.626,3.8
1996-03-04,322.008,213.667,3.8
1996-03-05,321.995,210.529,3.8
1996-03-06,321.98,207.403,3.8
1996-03-07,321.975,206.25,4.0
1996-03-08,321.967,204.172,4.1
1996-03-09,321.957,201.975,4.1
1996-03-10,321.949,200.061,4.1
1996-03-11,321.945,199.26,4.0
1996-03-12,321.939,197.905,3.9
1996-03-13,321.928,195.507,3.8
1996-03-14,321.917,192.891,3.6
1996-03-15,321.907,190.573,4.0
1996-03-16,321.905,190.02,4.4
1996-03-17,321.907,190.36,4.6
1996-03-18,321.929,195.362,5.0
1996-03-19,321.962,202.6,5.4
1996-03-20,321.986,208.417,5.2
1996-03-21,322.111,241.28,5.3
1996-03-22,322.535,371.217,6.0
1996-03-23,322.681,421.811,5.7
1996-03-24,322.603,392.753,6.3
1996-03-25,322.492,353.55,6.6
1996-03-26,322.481,349.946,6.6
1996-03-27,322.633,403.24,6.9
1996-03-28,322.522,363.975,5.6
1996-03-29,322.4,323.743,5.6
1996-03-30,322.353,308.72,5.5
1996-03-31,322.323,299.652,5.3
1996-04-01,322.305,294.414,5.6
1996-04-02,322.286,287.763,5.7
1996-04-03,322.265,281.658,5.7
1996-04-04,322.253,278.284,5.4
1996-04-05,322.237,273.881,5.3
1996-04-06,322.244,275.788,5.7
1996-04-07,322.26,280.349,6.6
1996-04-08,322.269,282.979,7.3
1996-04-09,322.258,279.605,7.6
1996-04-10,322.243,275.432,7.5
1996-04-11,322.252,276.999,7.6
1996-04-12,322.378,315.047,8.1
1996-04-13,322.458,340.701,7.5
1996-04-14,322.46,341.125,7.0
1996-04-15,322.354,307.477,7.4
1996-04-16,322.304,292.474,8.0
1996-04-17,322.276,283.953,8.6
1996-04-18,322.255,278.038,9.1
1996-04-19,322.26,279.446,9.5
1996-04-20,322.254,276.95,9.4
1996-04-21,322.25,275.735,10.2
1996-04-22,322.246,274.715,11.4
1996-04-23,322.24,272.85,11.8
1996-04-24,322.24,272.962,12.5
1996-04-25,322.241,273.221,10.3
1996-04-26,322.231,270.42,8.8
1996-04-27,322.223,268.088,10.6
1996-04-28,322.228,269.593,12.8
1996-04-29,322.288,285.696,13.3
1996-04-30,322.336,300.295,12.0
1996-05-01,322.287,285.464,12.5
1996-05-02,322.283,284.304,11.7
1996-05-03,322.286,285.061,12.3
1996-05-04,322.274,281.619,10.6
1996-05-05,322.261,278.059,10.2
1996-05-06,322.259,277.478,10.0
1996-05-07,322.234,270.508,12.7
1996-05-08,322.263,278.489,14.2
1996-05-09,322.277,281.676,14.1
1996-05-10,322.299,288.158,13.5
1996-05-11,322.286,284.208,13.2
1996-05-12,322.284,283.771,13.1
1996-05-13,322.573,377.896,12.8
1996-05-14,322.583,379.896,11.9
1996-05-15,322.433,328.817,12.2
1996-05-16,322.395,316.457,13.3
1996-05-17,322.394,316.422,14.1
1996-05-18,322.383,312.713,14.4
1996-05-19,322.421,324.987,14.2
1996-05-20,322.941,514.175,12.9
1996-05-21,322.858,479.236,11.1
1996-05-22,322.817,462.612,12.4
1996-05-23,322.696,418.393,11.7
1996-05-24,322.634,395.879,12.8
1996-05-25,322.604,385.099,13.9
1996-05-26,322.805,458.935,13.7
1996-05-27,322.898,493.074,12.4
1996-05-28,323.181,603.258,11.3
1996-05-29,323.022,539.342,11.2
1996-05-30,322.9,492.914,14.0
1996-05-31,322.848,472.864,15.0
1996-06-01,322.82,462.252,15.4
1996-06-02,322.812,459.482,14.4
1996-06-03,322.785,449.088,14.0
1996-06-04,322.772,444.375,16.1
1996-06-05,322.755,437.399,16.8
1996-06-06,322.74,432.006,17.2
1996-06-07,322.73,428.437,17.6
1996-06-08,322.718,424.117,17.8
1996-06-09,322.726,426.94,17.4
1996-06-10,322.708,420.55,17.8
1996-06-11,322.697,416.304,19.3
1996-06-12,322.685,411.063,20.5
1996-06-13,322.817,459.431,20.1
1996-06-14,322.769,441.29,20.6
1996-06-15,322.716,422.21,21.1
1996-06-16,322.677,408.321,21.0
1996-06-17,322.651,398.971,20.8
1996-06-18,322.612,384.036,21.0
1996-06-19,322.575,371.173,20.1
1996-06-20,322.577,371.942,18.1
1996-06-21,322.596,378.705,17.1
1996-06-22,322.752,434.772,18.1
1996-06-23,322.874,479.962,17.2
1996-06-24,322.86,474.513,16.3
1996-06-25,322.753,433.839,17.3
1996-06-26,322.723,422.878,17.8
1996-06-27,322.695,412.997,18.0
1996-06-28,322.664,401.794,18.0
1996-06-29,322.629,388.972,17.8
1996-06-30,322.593,376.433,17.1
1996-07-01,322.601,379.177,15.3
1996-07-02,322.598,377.102,16.2
1996-07-03,322.678,405.636,16.4
1996-07-04,322.642,392.758,17.4
1996-07-05,322.627,387.161,17.3
1996-07-06,322.704,414.88,16.8
1996-07-07,322.727,423.456,16.3
1996-07-08,323.384,688.026,15.8
1996-07-09,323.664,797.025,13.9
1996-07-10,323.205,604.074,14.8
1996-07-11,323.389,679.055,14.9
1996-07-12,323.28,634.106,16.4
1996-07-13,323.218,609.21,17.2
1996-07-14,323.173,591.457,17.7
1996-07-15,323.135,576.375,18.2
1996-07-16,323.106,563.72,18.8
1996-07-17,323.069,549.535,19.6
1996-07-18,323.037,537.354,19.7
1996-07-19,323.01,527.04,19.6
1996-07-20,322.971,512.104,19.8
1996-07-21,322.933,497.866,20.0
1996-07-22,322.896,483.841,20.1
1996-07-23,322.857,467.677,20.2
1996-07-24,322.853,466.06,20.2
1996-07-25,322.818,453.105,18.4
1996-07-26,322.791,443.892,18.7
1996-07-27,322.766,434.758,20.2
1996-07-28,322.774,438.0,20.7
1996-07-29,322.803,448.467,20.7
1996-07-30,322.786,443.289,21.0
1996-07-31,322.818,455.177,20.1
1996-08-01,322.731,423.248,20.2
1996-08-02,322.722,420.167,21.1
1996-08-03,323.036,539.182,20.7
1996-08-04,322.958,509.059,19.4
1996-08-05,322.813,454.225,20.1
1996-08-06,322.758,433.992,20.7
1996-08-07,322.744,430.036,20.8
1996-08-08,322.753,433.308,20.5
1996-08-09,322.706,416.564,20.9
1996-08-10,322.669,403.047,21.4
1996-08-11,322.722,423.294,21.4
1996-08-12,323.141,585.139,20.1
1996-08-13,323.057,549.425,18.4
1996-08-14,322.864,476.564,18.6
1996-08-15,322.826,462.024,18.5
1996-08-16,322.807,454.746,19.5
1996-08-17,322.774,442.745,20.0
1996-08-18,322.736,430.115,20.4
1996-08-19,322.703,418.269,20.7
1996-08-20,322.671,406.603,21.0
1996-08-21,322.662,403.654,20.8
1996-08-22,322.647,399.274,20.4
1996-08-23,322.638,396.087,20.2
1996-08-24,322.626,391.581,20.3
1996-08-25,322.617,388.456,20.0
1996-08-26,322.598,382.818,19.8
1996-08-27,322.579,376.097,20.1
1996-08-28,322.788,453.251,20.2
1996-08-29,322.773,446.081,18.1
1996-08-30,322.733,432.217,18.2
1996-08-31,322.754,439.872,18.5
1996-09-01,322.782,450.221,18.6
1996-09-02,322.894,492.267,17.8
1996-09-03,322.758,442.255,17.7
1996-09-04,322.708,424.478,17.8
1996-09-05,322.669,410.446,18.0
1996-09-06,322.645,401.689,18.0
1996-09-07,322.617,390.73,17.9
1996-09-08,322.592,381.932,17.5
1996-09-09,322.561,371.306,17.2
1996-09-10,322.536,362.754,17.1
1996-09-11,322.516,355.79,17.2
1996-09-12,322.494,347.561,17.2
1996-09-13,322.494,347.478,16.7
1996-09-14,322.68,413.971,15.8
1996-09-15,322.723,428.301,14.4
1996-09-16,322.633,395.682,15.5
1996-09-17,322.601,382.932,15.7
1996-09-18,322.577,374.528,15.5
1996-09-19,322.554,366.681,15.1
1996-09-20,322.554,366.783,15.2
1996-09-21,322.537,361.123,15.1
1996-09-22,322.519,353.785,15.1
1996-09-23,322.622,390.977,14.8
1996-09-24,322.895,490.008,13.8
1996-09-25,322.684,411.659,13.6
1996-09-26,322.615,385.788,14.0
1996-09-27,322.572,370.86,14.3
1996-09-28,322.552,364.011,14.2
1996-09-29,322.555,365.009,14.1
1996-09-30,322.524,354.459,14.0
1996-10-01,322.492,342.803,14.4
1996-10-02,322.504,347.347,14.3
1996-10-03,322.586,374.842,13.3
1996-10-04,322.52,352.167,13.4
1996-10-05,322.506,347.453,13.5
1996-10-06,322.479,337.516,13.2
1996-10-07,322.459,331.256,13.1
1996-10-08,322.436,324.017,13.2
1996-10-09,322.423,319.818,13.2
1996-10-10,322.411,315.899,13.3
1996-10-11,322.405,313.256,13.3
1996-10-12,322.392,309.074,13.2
1996-10-13,322.37,302.517,13.1
1996-10-14,322.354,297.741,13.1
1996-10-15,322.337,291.579,13.0
1996-10-16,322.415,315.603,12.9
1996-10-17,322.922,495.167,12.4
1996-10-18,322.7,412.154,11.6
1996-10-19,322.595,374.911,12.0
1996-10-20,322.823,456.111,11.7
1996-10-21,322.753,430.331,11.5
1996-10-22,322.908,487.751,11.7
1996-10-23,322.767,435.158,11.8
1996-10-24,322.709,414.314,11.6
1996-10-25,322.675,400.823,11.5
1996-10-26,322.685,404.479,11.7
1996-10-27,322.712,414.13,11.8
1996-10-28,322.649,391.669,11.7
1996-10-29,322.603,375.343,11.9
1996-10-30,322.754,428.912,11.3
1996-10-31,322.711,412.86,10.4
1996-11-01,322.657,393.413,10.6
1996-11-02,322.687,404.221,10.7
1996-11-03,322.659,393.978,10.8
1996-11-04,322.627,382.767,10.8
1996-11-05,322.595,371.739,10.8
1996-11-06,322.59,369.712,10.5
1996-11-07,322.564,360.937,10.4
1996-11-08,322.783,439.899,10.3
1996-11-09,322.69,405.108,9.6
1996-11-10,322.625,382.051,9.5
1996-11-11,322.586,368.991,9.6
1996-11-12,322.552,357.647,9.8
1996-11-13,322.583,368.407,10.0
1996-11-14,322.777,438.171,9.7
1996-11-15,322.786,440.633,9.0
1996-11-16,322.708,412.599,9.0
1996-11-17,322.691,406.261,9.0
1996-11-18,322.669,398.486,8.9
1996-11-19,322.643,389.148,8.6
1996-11-20,322.627,383.409,8.6
1996-11-21,322.634,385.872,8.4
1996-11-22,322.627,383.39,8.0
1996-11-23,322.604,376.519,7.8
1996-11-24,322.583,369.108,7.6
1996-11-25,322.576,366.837,7.5
1996-11-26,322.684,405.142,7.6
1996-11-27,322.753,429.726,7.3
1996-11-28,322.703,411.624,7.1
1996-11-29,322.668,399.154,6.9
1996-11-30,323.106,564.399,6.4
1996-12-01,323.002,523.207,6.4
1996-12-02,322.941,500.096,6.7
1996-12-03,322.989,518.178,6.6
1996-12-04,322.875,474.87,6.5
1996-12-05,322.818,453.421,6.2
1996-12-06,322.779,440.132,6.1
1996-12-07,322.749,429.28,6.1
1996-12-08,322.719,418.487,6.1
1996-12-09,322.683,405.714,5.9
1996-12-10,322.663,398.357,5.7
1996-12-11,322.656,395.754,5.7
1996-12-12,322.639,389.716,5.7
1996-12-13,322.673,402.08,5.7
1996-12-14,322.871,474.818,5.8
1996-12-15,322.861,470.782,5.7
1996-12-16,322.739,425.763,5.5
1996-12-17,322.679,404.06,5.6
1996-12-18,322.681,405.835,5.8
1996-12-19,322.7,413.003,5.8
1996-12-20,322.73,423.813,5.8
1996-12-21,322.899,486.295,6.0
1996-12-22,322.904,488.222,5.9
1996-12-23,322.995,523.287,5.7
1996-12-24,323.266,629.132,5.3
1996-12-25,322.971,513.702,4.9
1996-12-26,322.852,468.37,4.2
1996-12-27,322.771,438.526,3.5
1996-12-28,322.72,420.15,3.5
1996-12-29,322.672,402.837,3.3
1996-12-30,322.63,387.784,3.2
1996-12-31,322.607,380.543,3.4
1997-01-01,322.571,368.055,3.4
1997-01-02,322.541,358.019,3.2
1997-01-03,322.518,350.086,3.3
1997-01-04,322.5,344.239,3.3
1997-01-05,322.473,335.446,3.1
1997-01-06,322.457,330.132,3.2
1997-01-07,322.43,321.804,3.3
1997-01-08,322.418,318.011,3.1
1997-01-09,322.409,315.228,2.8
1997-01-10,322.399,312.328,2.6
1997-01-11,322.383,307.185,2.7
1997-01-12,322.372,304.042,3.1
1997-01-13,322.355,298.898,3.1
1997-01-14,322.335,293.363,2.8
1997-01-15,322.327,291.222,2.3
1997-01-16,322.323,289.917,2.5
1997-01-17,322.325,290.382,2.6
1997-01-18,322.316,287.902,2.6
1997-01-19,322.311,286.437,2.7
1997-01-20,322.306,284.844,3.1
1997-01-21,322.303,283.969,3.5
1997-01-22,322.303,283.964,3.6
1997-01-23,322.31,286.128,3.7
1997-01-24,322.327,291.204,3.6
1997-01-25,322.325,290.638,3.5
1997-01-26,322.306,284.863,3.6
1997-01-27,322.284,278.687,3.8
1997-01-28,322.268,274.066,3.9
1997-01-29,322.26,271.902,3.9
1997-01-30,322.254,270.211,3.6
1997-01-31,322.247,268.212,3.4
1997-02-01,322.236,265.206,3.4
1997-02-02,322.222,261.052,3.4
1997-02-03,322.203,255.988,3.4
1997-02-04,322.171,247.201,3.5
1997-02-05,322.159,244.042,3.7
1997-02-06,322.196,254.147,3.8
1997-02-07,322.212,258.421,3.8
1997-02-08,322.199,254.696,3.7
1997-02-09,322.167,246.012,3.8
1997-02-10,322.133,236.953,3.8
1997-02-11,322.119,233.152,4.0
1997-02-12,322.136,237.599,4.6
1997-02-13,322.262,272.548,5.0
1997-02-14,322.339,295.409,4.9
1997-02-15,322.763,439.525,4.5
1997-02-16,322.654,399.263,4.2
1997-02-17,322.48,338.919,4.0
1997-02-18,322.433,323.922,4.1
1997-02-19,322.506,347.581,4.4
1997-02-20,322.455,330.948,4.7
1997-02-21,322.442,326.647,4.9
1997-02-22,322.417,318.881,5.0
1997-02-23,322.393,311.163,5.2
1997-02-24,322.375,305.79,5.1
1997-02-25,322.369,303.914,5.6
1997-02-26,322.632,394.234,6.1
1997-02-27,322.849,470.577,6.0
1997-02-28,322.603,380.615,5.2
1997-03-01,322.535,357.225,5.3
1997-03-02,322.506,347.285,5.6
1997-03-03,322.478,338.146,6.0
1997-03-04,322.461,332.834,6.4
1997-03-05,322.455,330.862,6.6
1997-03-06,322.48,338.96,6.7
1997-03-07,322.449,329.0,6.2
1997-03-08,322.419,319.371,5.9
1997-03-09,322.395,311.887,6.1
1997-03-10,322.379,307.07,6.5
1997-03-11,322.367,303.457,6.8
1997-03-12,322.359,300.859,7.0
1997-03-13,322.359,301.055,7.2
1997-03-14,322.355,299.771,6.7
1997-03-15,322.348,297.809,6.8
1997-03-16,322.341,295.713,6.8
1997-03-17,322.331,292.775,7.0
1997-03-18,322.324,291.259,7.1
1997-03-19,322.303,284.755,7.1
1997-03-20,322.328,292.439,6.7
1997-03-21,322.326,291.642,6.3
1997-03-22,322.324,291.057,6.5
1997-03-23,322.317,288.977,6.7
1997-03-24,322.328,292.2,6.9
1997-03-25,322.358,301.319,7.2
1997-03-26,322.341,296.304,7.3
1997-03-27,322.34,295.908,7.7
1997-03-28,322.351,299.119,7.8
1997-03-29,322.572,371.701,7.4
1997-03-30,322.405,315.766,6.7
1997-03-31,322.384,309.245,7.2
1997-04-01,322.362,302.399,7.8
1997-04-02,322.354,300.172,8.5
1997-04-03,322.344,297.121,9.0
1997-04-04,322.348,297.896,9.1
1997-04-05,322.365,302.986,7.6
1997-04-06,322.396,313.375,7.3
1997-04-07,322.548,362.422,7.5
1997-04-08,322.428,322.705,7.6
1997-04-09,322.399,313.391,8.1
1997-04-10,322.395,312.223,8.8
1997-04-11,322.384,308.68,9.4
1997-04-12,322.385,309.157,9.2
1997-04-13,322.386,309.329,8.4
1997-04-14,322.357,300.55,8.9
1997-04-15,322.342,296.135,9.6
1997-04-16,322.337,294.751,9.6
1997-04-17,322.331,292.846,9.1
1997-04-18,322.318,289.095,9.4
1997-04-19,322.302,284.184,9.8
1997-04-20,322.316,288.443,10.0
1997-04-21,322.317,288.759,9.1
1997-04-22,322.294,281.286,9.2
1997-04-23,322.281,277.702,9.3
1997-04-24,322.27,274.723,9.7
1997-04-25,322.268,274.011,10.2
1997-04-26,322.283,277.614,10.1
1997-04-27,322.443,326.678,9.9
1997-04-28,322.465,333.34,9.4
1997-04-29,322.603,382.571,9.4
1997-04-30,322.852,470.103,8.9
1997-05-01,322.814,455.016,8.7
1997-05-02,322.625,386.317,9.7
1997-05-03,322.55,360.432,11.0
1997-05-04,322.535,355.17,11.7
1997-05-05,322.525,350.657,11.2
1997-05-06,322.547,358.359,10.5
1997-05-07,322.712,416.596,9.6
1997-05-08,322.65,394.114,9.5
1997-05-09,322.645,392.259,9.7
1997-05-10,322.676,402.846,9.8
1997-05-11,322.659,396.57,10.6
1997-05-12,322.615,380.985,11.3
1997-05-13,322.6,375.648,11.4
1997-05-14,322.593,372.375,11.6
1997-05-15,322.61,378.236,12.0
1997-05-16,322.65,392.219,13.0
1997-05-17,322.67,399.639,14.0
1997-05-18,322.679,402.791,14.0
1997-05-19,322.701,409.46,12.5
1997-05-20,322.734,421.531,12.8
1997-05-21,322.781,438.443,13.1
1997-05-22,322.782,438.857,12.3
1997-05-23,322.814,449.474,11.5
1997-05-24,322.81,447.644,13.7
1997-05-25,322.8,444.23,14.5
1997-05-26,322.79,440.714,15.3
1997-05-27,322.787,439.313,15.3
1997-05-28,322.798,442.622,15.0
1997-05-29,322.802,444.334,15.9
1997-05-30,322.795,441.7,16.2
1997-05-31,322.796,442.167,15.8
1997-06-01,322.781,435.561,15.3
1997-06-02,322.763,429.041,14.8
1997-06-03,322.763,429.097,15.1
1997-06-04,322.796,440.831,15.0
1997-06-05,322.78,435.087,15.8
1997-06-06,322.771,430.782,16.0
1997-06-07,322.77,430.614,16.2
1997-06-08,322.788,436.876,16.8
1997-06-09,322.817,447.467,16.3
1997-06-10,322.811,445.294,17.5
1997-06-11,322.806,442.285,18.6
1997-06-12,322.83,451.277,19.0
1997-06-13,322.884,471.409,18.7
1997-06-14,322.899,477.051,18.5
1997-06-15,322.914,482.781,17.3
1997-06-16,322.904,479.102,17.3
1997-06-17,322.886,473.203,18.8
1997-06-18,322.968,504.176,18.6
1997-06-19,322.967,503.846,17.7
1997-06-20,322.99,512.418,18.0
1997-06-21,323.065,540.995,16.8
1997-06-22,323.235,608.293,16.7
1997-06-23,323.267,621.894,15.9
1997-06-24,323.174,584.428,15.3
1997-06-25,323.244,612.721,15.3
1997-06-26,323.214,600.59,16.2
1997-06-27,323.246,613.406,16.3
1997-06-28,323.251,615.463,16.1
1997-06-29,323.253,617.327,16.9
1997-06-30,323.393,674.295,16.3
1997-07-01,323.383,670.146,15.4
1997-07-02,323.351,656.75,15.8
1997-07-03,323.321,644.484,16.8
1997-07-04,323.339,651.979,16.5
1997-07-05,323.507,723.107,16.4
1997-07-06,323.98,926.997,15.3
1997-07-07,324.072,968.193,15.0
1997-07-08,323.778,837.773,16.0
1997-07-09,323.686,798.512,17.0
1997-07-10,323.632,775.118,17.7
1997-07-11,323.599,762.591,17.6
1997-07-12,323.579,753.954,17.9
1997-07-13,323.54,737.691,18.3
1997-07-14,323.494,718.176,18.7
1997-07-15,323.528,732.479,18.0
1997-07-16,323.493,717.79,18.4
1997-07-17,323.445,699.115,19.1
1997-07-18,323.588,760.081,18.8
1997-07-19,323.894,891.414,16.3
1997-07-20,323.91,898.533,15.6
1997-07-21,323.811,854.764,16.6
1997-07-22,323.681,798.82,17.5
1997-07-23,323.622,774.176,17.8
1997-07-24,323.58,756.363,17.7
1997-07-25,323.667,793.892,17.9
1997-07-26,324.011,944.924,16.1
1997-07-27,323.832,865.282,16.9
1997-07-28,323.69,803.485,17.6
1997-07-29,323.615,772.685,18.7
1997-07-30,323.574,755.172,19.0
1997-07-31,323.52,732.55,19.2
1997-08-01,323.498,723.185,17.7
1997-08-02,323.631,779.558,17.4
1997-08-03,323.613,771.813,17.8
1997-08-04,323.5,724.18,18.8
1997-08-05,323.434,697.911,19.5
1997-08-06,323.393,680.777,19.8
1997-08-07,323.394,681.015,19.4
1997-08-08,323.386,678.678,19.4
1997-08-09,323.395,682.191,19.4
1997-08-10,323.339,659.478,20.2
1997-08-11,323.294,642.337,20.7
1997-08-12,323.256,626.972,21.0
1997-08-13,323.224,614.058,21.3
1997-08-14,323.196,604.258,21.3
1997-08-15,323.168,593.157,21.3
1997-08-16,323.134,579.451,21.9
1997-08-17,323.093,564.068,22.2
1997-08-18,323.068,554.386,21.4
1997-08-19,323.044,545.149,21.9
1997-08-20,323.006,530.88,22.2
1997-08-21,322.972,519.085,22.2
1997-08-22,322.942,507.721,22.3
1997-08-23,322.907,494.499,22.6
1997-08-24,322.879,484.758,22.8
1997-08-25,322.845,471.729,23.0
1997-08-26,322.818,461.464,23.3
1997-08-27,322.831,467.471,22.6
1997-08-28,322.837,469.681,22.8
1997-08-29,323.104,572.65,20.4
1997-08-30,322.995,530.876,18.9
1997-08-31,322.918,501.481,19.6
1997-09-01,322.893,491.888,20.4
1997-09-02,322.848,474.905,20.9
1997-09-03,322.821,465.956,20.2
1997-09-04,322.801,458.283,20.3
1997-09-05,322.782,450.949,20.3
1997-09-06,322.78,450.404,20.1
1997-09-07,322.797,456.9,20.0
1997-09-08,322.817,464.13,20.0
1997-09-09,322.738,435.067,20.0
1997-09-10,322.701,422.01,19.7
1997-09-11,322.673,411.647,19.4
1997-09-12,322.652,404.206,19.9
1997-09-13,322.722,430.677,19.9
1997-09-14,322.869,484.68,18.0
1997-09-15,322.713,427.035,18.0
1997-09-16,322.648,403.303,18.4
1997-09-17,322.608,389.08,18.7
1997-09-18,322.575,377.382,18.8
1997-09-19,322.545,367.209,18.8
1997-09-20,322.528,361.158,18.7
1997-09-21,322.494,349.889,18.2
1997-09-22,322.47,341.713,18.2
1997-09-23,322.446,334.911,18.1
1997-09-24,322.42,326.787,18.0
1997-09-25,322.397,319.269,17.9
1997-09-26,322.38,314.135,17.6
1997-09-27,322.362,308.652,17.6
1997-09-28,322.345,303.371,17.4
1997-09-29,322.339,301.747,17.2
1997-09-30,322.324,297.062,17.3
1997-10-01,322.315,294.363,17.5
1997-10-02,322.287,286.142,17.5
1997-10-03,322.259,278.749,17.4
1997-10-04,322.239,273.298,16.6
1997-10-05,322.22,267.751,16.7
1997-10-06,322.204,263.292,16.8
1997-10-07,322.185,257.987,16.9
1997-10-08,322.165,252.447,17.0
1997-10-09,322.148,248.023,17.1
1997-10-10,322.141,246.013,17.0
1997-10-11,322.151,248.882,16.2
1997-10-12,322.524,368.389,15.5
1997-10-13,322.666,413.621,13.8
1997-10-14,322.462,342.098,13.5
1997-10-15,322.433,332.454,13.5
1997-10-16,322.459,340.859,13.2
1997-10-17,322.527,363.737,13.3
1997-10-18,322.479,347.537,13.4
1997-10-19,322.452,338.532,13.5
1997-10-20,322.435,333.061,13.7
1997-10-21,322.414,326.42,13.7
1997-10-22,322.399,321.5,13.4
1997-10-23,322.386,318.305,13.2
1997-10-24,322.374,314.714,12.9
1997-10-25,322.359,310.144,12.6
1997-10-26,322.346,306.26,12.3
1997-10-27,322.335,302.86,12.2
1997-10-28,322.323,299.059,11.7
1997-10-29,322.308,294.821,10.7
1997-10-30,322.301,292.51,10.3
1997-10-31,322.292,289.931,10.1
1997-11-01,322.285,287.966,10.0
1997-11-02,322.26,281.469,10.0
1997-11-03,322.232,273.446,9.9
1997-11-04,322.208,266.694,9.8
1997-11-05,322.189,261.474,9.9
1997-11-06,322.178,258.5,10.2
1997-11-07,322.161,253.737,10.4
1997-11-08,322.153,251.473,10.2
1997-11-09,322.155,252.03,9.9
1997-11-10,322.159,253.093,9.7
1997-11-11,322.146,249.581,9.7
1997-11-12,322.138,247.452,9.6
1997-11-13,322.147,250.554,9.4
1997-11-14,322.14,248.668,9.4
1997-11-15,322.128,245.496,9.3
1997-11-16,322.121,243.547,9.3
1997-11-17,322.109,240.377,9.4
1997-11-18,322.098,237.509,9.4
1997-11-19,322.091,235.422,9.1
1997-11-20,322.085,233.695,8.9
1997-11-21,322.081,232.258,8.9
1997-11-22,322.073,230.132,9.0
1997-11-23,322.062,227.295,8.8
1997-11-24,322.049,223.944,8.7
1997-11-25,322.037,221.045,8.6
1997-11-26,322.025,218.057,8.4
1997-11-27,322.014,215.182,8.3
1997-11-28,322.005,212.63,8.3
1997-11-29,322.007,212.659,8.6
1997-11-30,322.0,210.912,8.8
1997-12-01,321.994,209.377,8.7
1997-12-02,321.998,210.396,8.6
1997-12-03,322.03,218.419,8.0
1997-12-04,322.024,216.99,7.5
1997-12-05,322.017,215.31,7.5
1997-12-06,322.011,213.731,7.5
1997-12-07,322.008,212.508,7.2
1997-12-08,321.996,209.485,7.0
1997-12-09,321.985,206.859,7.0
1997-12-10,321.983,206.323,7.1
1997-12-11,322.037,220.127,7.4
1997-12-12,323.009,545.008,7.8
1997-12-13,322.711,429.771,7.5
1997-12-14,322.52,362.218,7.0
1997-12-15,322.444,335.731,6.7
1997-12-16,322.392,319.244,6.3
1997-12-17,322.356,307.844,5.8
1997-12-18,322.337,302.329,5.8
1997-12-19,322.443,335.541,6.2
1997-12-20,322.419,327.808,6.2
1997-12-21,322.867,489.386,6.5
1997-12-22,323.328,669.35,6.5
1997-12-23,322.834,473.691,6.5
1997-12-24,322.705,425.868,6.6
1997-12-25,322.657,408.493,6.8
1997-12-26,322.897,498.831,7.1
1997-12-27,322.815,466.556,6.8
1997-12-28,322.691,420.745,6.6
1997-12-29,322.643,403.38,6.3
1997-12-30,322.592,385.142,5.9
1997-12-31,322.551,369.86,5.8
1998-01-01,322.513,357.063,5.9
1998-01-02,322.501,352.854,5.9
1998-01-03,322.529,362.504,6.2
1998-01-04,322.623,395.284,6.2
1998-01-05,322.727,432.548,6.1
1998-01-06,322.724,431.685,6.0
1998-01-07,322.727,431.824,6.2
1998-01-08,322.648,403.371,6.4
1998-01-09,322.584,380.513,6.1
1998-01-10,322.537,364.341,5.8
1998-01-11,322.49,348.304,5.6
1998-01-12,322.459,338.264,5.4
1998-01-13,322.438,331.484,5.3
1998-01-14,322.414,323.165,5.4
1998-01-15,322.396,317.641,5.6
1998-01-16,322.434,329.846,5.7
1998-01-17,322.459,337.759,5.9
1998-01-18,322.461,338.319,5.6
1998-01-19,322.581,379.358,5.4
1998-01-20,322.629,395.401,5.5
1998-01-21,322.536,362.583,5.3
1998-01-22,322.495,348.746,5.2
1998-01-23,322.462,337.926,4.8
1998-01-24,322.431,328.096,4.9
1998-01-25,322.411,321.505,4.7
1998-01-26,322.376,310.744,4.5
1998-01-27,322.35,302.023,4.3
1998-01-28,322.332,296.399,4.2
1998-01-29,322.319,292.669,4.4
1998-01-30,322.312,290.494,4.5
1998-01-31,322.3,286.959,4.3
1998-02-01,322.288,283.477,4.1
1998-02-02,322.271,278.594,3.9
1998-02-03,322.234,268.294,3.9
1998-02-04,322.214,262.457,4.0
1998-02-05,322.196,257.586,3.7
1998-02-06,322.181,253.463,3.5
1998-02-07,322.17,250.377,3.6
1998-02-08,322.158,247.278,3.8
1998-02-09,322.145,243.707,3.9
1998-02-10,322.129,239.441,3.9
1998-02-11,322.116,235.78,4.0
1998-02-12,322.11,234.335,4.2
1998-02-13,322.116,235.87,4.4
1998-02-14,322.127,238.933,4.5
1998-02-15,322.125,238.182,4.7
1998-02-16,322.121,237.243,4.8
1998-02-17,322.112,234.635,5.0
1998-02-18,322.129,239.315,5.2
1998-02-19,322.108,233.696,4.9
1998-02-20,322.087,228.047,5.0
1998-02-21,322.076,225.321,5.1
1998-02-22,322.073,224.482,5.2
1998-02-23,322.201,259.488,5.3
1998-02-24,322.262,276.276,5.3
1998-02-25,322.209,261.361,5.6
1998-02-26,322.174,251.654,5.8
1998-02-27,322.148,244.785,5.7
1998-02-28,322.117,236.497,5.8
1998-03-01,322.105,233.183,5.9
1998-03-02,322.109,234.12,5.5
1998-03-03,322.102,232.305,5.3
1998-03-04,322.095,230.452,5.7
1998-03-05,322.144,244.353,6.5
1998-03-06,322.282,282.212,6.6
1998-03-07,322.239,269.889,6.0
1998-03-08,322.453,336.011,6.5
1998-03-09,322.557,369.002,6.6
1998-03-10,322.422,324.707,5.9
1998-03-11,322.364,306.538,5.5
1998-03-12,322.335,297.833,5.6
1998-03-13,322.323,294.213,5.9
1998-03-14,322.314,291.497,6.0
1998-03-15,322.298,286.561,6.1
1998-03-16,322.578,378.647,6.2
1998-03-17,322.61,387.883,6.3
1998-03-18,322.508,352.542,6.5
1998-03-19,322.479,343.019,6.9
1998-03-20,322.453,334.414,6.9
1998-03-21,322.418,323.312,6.7
1998-03-22,322.4,317.562,6.4
1998-03-23,322.37,308.207,6.4
1998-03-24,322.378,310.62,6.2
1998-03-25,322.359,305.445,5.9
1998-03-26,322.356,304.634,6.2
1998-03-27,322.349,302.411,6.6
1998-03-28,322.348,302.209,6.8
1998-03-29,322.378,311.336,7.4
1998-03-30,322.457,336.465,8.2
1998-03-31,322.453,335.19,8.6
1998-04-01,322.441,331.268,8.7
1998-04-02,322.425,326.205,8.8
1998-04-03,322.496,349.341,8.4
1998-04-04,322.495,348.941,8.0
1998-04-05,322.487,346.084,7.4
1998-04-06,322.492,348.168,7.7
1998-04-07,322.479,343.534,8.3
1998-04-08,322.465,338.811,8.0
1998-04-09,322.459,337.122,7.6
1998-04-10,322.429,327.512,7.9
1998-04-11,322.428,326.441,8.0
1998-04-12,322.469,339.614,8.0
1998-04-13,322.477,342.088,7.7
1998-04-14,322.47,339.807,7.4
1998-04-15,322.469,339.675,7.7
1998-04-16,322.459,336.513,7.9
1998-04-17,322.458,336.112,8.4
1998-04-18,322.442,331.011,8.3
1998-04-19,322.45,333.622,8.1
1998-04-20,322.438,329.603,8.4
1998-04-21,322.462,337.598,9.1
1998-04-22,322.479,342.976,9.5
1998-04-23,322.467,338.803,10.1
1998-04-24,322.452,334.031,11.0
1998-04-25,322.474,341.35,10.4
1998-04-26,322.45,333.643,10.1
1998-04-27,322.458,335.925,11.2
1998-04-28,322.533,361.496,11.1
1998-04-29,322.596,381.794,9.2
1998-04-30,322.538,361.828,9.8
1998-05-01,322.527,358.084,11.4
1998-05-02,322.729,429.865,11.0
1998-05-03,322.769,444.072,10.0
1998-05-04,322.686,413.881,10.5
1998-05-05,322.723,427.27,11.0
1998-05-06,322.657,403.357,11.8
1998-05-07,322.634,395.19,11.4
1998-05-08,322.619,389.806,11.6
1998-05-09,322.624,391.504,13.4
1998-05-10,322.628,393.046,13.5
1998-05-11,322.63,393.77,14.3
1998-05-12,322.633,394.726,14.9
1998-05-13,322.649,400.517,15.2
1998-05-14,322.668,407.332,15.7
1998-05-15,322.686,413.922,16.9
1998-05-16,322.699,417.561,17.3
1998-05-17,322.699,417.556,17.1
1998-05-18,322.684,412.167,16.5
1998-05-19,322.679,410.268,16.4
1998-05-20,322.666,405.63,16.6
1998-05-21,322.659,403.097,17.0
1998-05-22,322.648,399.262,16.9
1998-05-23,322.646,398.618,16.7
1998-05-24,322.621,389.616,17.5
1998-05-25,322.607,384.286,17.4
1998-05-26,322.596,380.631,17.4
1998-05-27,322.613,386.484,17.2
1998-05-28,322.59,378.577,17.1
1998-05-29,322.577,373.895,17.5
1998-05-30,322.587,377.317,16.6
1998-05-31,322.58,374.83,17.9
1998-06-01,322.568,370.853,18.1
1998-06-02,322.55,364.779,17.0
1998-06-03,322.566,369.072,18.4
1998-06-04,322.56,367.191,17.4
1998-06-05,322.56,367.185,18.9
1998-06-06,322.563,367.48,19.4
1998-06-07,322.573,370.872,19.5
1998-06-08,322.627,389.804,18.3
1998-06-09,322.664,402.101,17.5
1998-06-10,322.691,411.603,18.8
1998-06-11,322.771,441.218,18.1
1998-06-12,323.088,561.132,16.8
1998-06-13,323.239,619.815,13.9
1998-06-14,323.002,526.452,16.2
1998-06-15,322.975,515.625,16.7
1998-06-16,323.047,543.124,16.0
1998-06-17,323.006,527.353,14.7
1998-06-18,322.963,510.079,15.2
1998-06-19,322.937,500.01,16.6
1998-06-20,322.915,491.84,17.7
1998-06-21,322.88,477.416,18.5
1998-06-22,322.849,465.529,18.8
1998-06-23,322.837,460.902,17.9
1998-06-24,322.831,457.545,18.6
1998-06-25,322.822,453.983,19.7
1998-06-26,322.831,457.372,19.8
1998-06-27,322.858,466.909,19.7
1998-06-28,322.865,469.656,20.1
1998-06-29,322.836,458.697,19.0
1998-06-30,322.802,444.838,19.7
1998-07-01,322.783,437.897,20.0
1998-07-02,322.83,455.515,20.0
1998-07-03,322.843,458.975,20.2
1998-07-04,323.034,531.822,19.7
1998-07-05,322.897,479.515,18.6
1998-07-06,322.837,455.802,18.7
1998-07-07,322.819,449.067,18.9
1998-07-08,322.871,468.833,18.9
1998-07-09,322.911,483.713,17.6
1998-07-10,322.861,464.877,17.8
1998-07-11,322.843,457.726,17.4
1998-07-12,322.815,447.619,16.9
1998-07-13,322.794,438.998,17.4
1998-07-14,322.839,455.929,17.9
1998-07-15,322.85,459.918,17.7
1998-07-16,322.81,444.999,17.6
1998-07-17,322.798,440.415,17.7
1998-07-18,322.796,439.791,17.8
1998-07-19,322.77,430.571,18.4
1998-07-20,322.75,422.634,19.6
1998-07-21,322.727,414.122,20.2
1998-07-22,322.715,409.866,20.5
1998-07-23,322.693,402.149,20.6
1998-07-24,322.705,406.411,21.3
1998-07-25,322.679,397.012,21.8
1998-07-26,322.646,385.307,22.0
1998-07-27,322.655,388.312,22.3
1998-07-28,322.816,446.526,21.4
1998-07-29,322.727,435.796,19.8
1998-07-30,322.661,411.684,19.6
1998-07-31,322.673,416.228,20.3
1998-08-01,322.652,408.615,20.6
1998-08-02,322.693,423.281,21.1
1998-08-03,322.673,416.158,20.6
1998-08-04,322.668,414.389,20.7
1998-08-05,322.66,411.261,21.3
1998-08-06,322.666,413.008,21.3
1998-08-07,322.646,405.669,21.6
1998-08-08,322.627,398.971,21.8
1998-08-09,322.611,392.89,22.0
1998-08-10,322.581,382.471,22.4
1998-08-11,322.57,378.479,23.0
1998-08-12,322.552,372.042,23.3
1998-08-13,322.532,365.527,23.2
1998-08-14,322.52,360.757,22.6
1998-08-15,322.501,354.144,23.1
1998-08-16,322.486,349.158,23.3
1998-08-17,322.466,342.496,23.5
1998-08-18,322.465,342.146,23.6
1998-08-19,322.441,334.345,23.4
1998-08-20,322.421,328.028,22.9
1998-08-21,322.402,322.1,23.2
1998-08-22,322.39,318.142,21.5
1998-08-23,322.785,455.629,19.0
1998-08-24,322.595,396.655,19.0
1998-08-25,322.686,429.682,19.1
1998-08-26,322.602,398.791,19.0
1998-08-27,322.534,374.03,19.8
1998-08-28,322.518,367.538,19.0
1998-08-29,322.494,359.212,19.3
1998-08-30,322.458,346.15,19.4
1998-08-31,322.441,339.49,19.6
1998-09-01,322.414,330.84,19.6
1998-09-02,322.402,326.23,19.7
1998-09-03,322.424,332.091,19.8
1998-09-04,322.428,333.35,19.5
1998-09-05,322.703,433.046,19.4
1998-09-06,322.869,488.87,17.7
1998-09-07,322.653,408.928,17.5
1998-09-08,322.586,383.637,18.0
1998-09-09,322.554,371.619,18.8
1998-09-10,322.533,364.389,19.3
1998-09-11,322.952,519.546,19.0
1998-09-12,323.585,772.232,16.7
1998-09-13,323.197,610.297,15.7
1998-09-14,323.035,546.205,15.5
1998-09-15,323.015,537.748,14.6
1998-09-16,323.008,534.049,14.5
1998-09-17,323.029,541.967,14.2
1998-09-18,323.056,550.954,13.4
1998-09-19,323.023,537.219,14.4
1998-09-20,322.978,520.143,14.9
1998-09-21,322.943,505.698,15.3
1998-09-22,322.908,491.189,15.3
1998-09-23,322.877,479.433,15.2
1998-09-24,322.851,468.627,15.2
1998-09-25,322.828,458.452,15.1
1998-09-26,322.799,447.893,15.2
1998-09-27,322.775,438.074,15.2
1998-09-28,322.778,438.162,15.1
1998-09-29,322.78,438.867,14.7
1998-09-30,322.769,433.617,14.6
1998-10-01,322.888,478.163,14.7
1998-10-02,322.857,466.301,14.3
1998-10-03,322.786,439.883,14.3
1998-10-04,322.779,437.18,14.3
1998-10-05,322.772,434.928,14.0
1998-10-06,322.744,424.867,14.2
1998-10-07,322.729,419.469,14.2
1998-10-08,322.865,469.345,14.1
1998-10-09,322.837,458.818,14.0
1998-10-10,322.795,442.983,14.1
1998-10-11,322.753,427.955,14.0
1998-10-12,322.726,418.306,13.6
1998-10-13,322.738,422.585,13.1
1998-10-14,322.735,421.657,13.3
1998-10-15,322.723,417.238,13.5
1998-10-16,322.724,417.343,13.6
1998-10-17,322.714,413.781,13.8
1998-10-18,322.8,445.078,13.8
1998-10-19,322.81,448.781,13.1
1998-10-20,322.749,426.451,12.8
1998-10-21,322.725,417.969,12.6
1998-10-22,322.697,407.849,12.4
1998-10-23,322.674,399.659,12.7
1998-10-24,322.749,426.496,12.9
1998-10-25,323.134,574.357,12.8
1998-10-26,323.154,580.113,11.8
1998-10-27,323.086,553.259,11.4
1998-10-28,322.925,492.153,11.4
1998-10-29,322.967,508.63,11.9
1998-10-30,323.296,638.073,10.9
1998-10-31,323.285,632.903,10.7
1998-11-01,323.318,647.178,10.9
1998-11-02,323.432,693.421,10.5
1998-11-03,323.243,616.08,10.5
1998-11-04,323.702,807.57,10.2
1998-11-05,323.467,707.924,9.9
1998-11-06,323.296,637.349,9.5
1998-11-07,323.2,598.949,9.7
1998-11-08,323.131,571.506,9.6
1998-11-09,323.08,551.532,9.7
1998-11-10,323.227,610.754,9.9
1998-11-11,323.734,821.737,9.6
1998-11-12,323.37,667.643,9.1
1998-11-13,323.259,622.619,9.1
1998-11-14,323.229,610.516,9.1
1998-11-15,323.23,611.108,8.9
1998-11-16,323.225,608.891,8.8
1998-11-17,323.195,596.885,8.5
1998-11-18,323.151,579.589,8.2
1998-11-19,323.107,561.948,7.8
1998-11-20,323.063,545.232,7.7
1998-11-21,323.031,532.988,7.3
1998-11-22,322.989,517.201,6.8
1998-11-23,322.941,498.795,6.5
1998-11-24,322.912,487.704,6.5
1998-11-25,322.887,478.329,6.4
1998-11-26,322.857,466.79,6.5
1998-11-27,322.843,461.745,6.6
1998-11-28,322.828,455.785,6.6
1998-11-29,322.803,446.777,6.3
1998-11-30,322.78,439.565,6.1
1998-12-01,322.752,429.418,6.0
1998-12-02,322.724,419.167,5.8
1998-12-03,322.696,409.397,5.6
1998-12-04,322.673,400.921,5.4
1998-12-05,322.634,386.926,5.2
1998-12-06,322.607,377.26,4.9
1998-12-07,322.585,369.931,4.9
1998-12-08,322.585,369.883,4.8
1998-12-09,322.564,362.731,4.6
1998-12-10,322.57,364.563,4.7
1998-12-11,322.648,392.173,5.2
1998-12-12,322.857,468.032,5.3
1998-12-13,323.138,577.05,5.6
1998-12-14,323.146,579.027,5.9
1998-12-15,322.945,501.655,5.7
1998-12-16,322.873,474.358,5.3
1998-12-17,322.836,460.288,5.4
1998-12-18,322.795,445.122,5.2
1998-12-19,322.754,430.117,5.2
1998-12-20,322.727,420.523,5.2
1998-12-21,322.703,411.895,5.2
1998-12-22,322.67,399.851,5.0
1998-12-23,322.647,391.44,4.7
1998-12-24,322.628,384.799,4.6
1998-12-25,322.607,377.213,4.9
1998-12-26,322.578,367.39,5.1
1998-12-27,322.558,360.49,5.3
1998-12-28,322.547,356.911,5.4
1998-12-29,322.535,352.77,5.2
1998-12-30,322.504,342.544,5.2
1998-12-31,322.482,336.317,5.0
1999-01-01,322.452,328.156,4.9
1999-01-02,322.436,322.961,4.7
1999-01-03,322.432,321.643,4.9
1999-01-04,322.396,310.309,5.4
1999-01-05,322.423,318.748,5.6
1999-01-06,322.425,319.562,5.5
1999-01-07,322.394,309.6,5.1
1999-01-08,322.426,320.403,5.3
1999-01-09,322.613,382.015,5.6
1999-01-10,322.515,348.66,5.3
1999-01-11,322.46,330.459,5.0
1999-01-12,322.42,317.828,4.7
1999-01-13,322.404,312.905,4.4
1999-01-14,322.402,312.157,4.5
1999-01-15,322.408,314.187,4.8
1999-01-16,322.402,312.228,4.8
1999-01-17,322.386,307.225,4.7
1999-01-18,322.368,301.921,4.6
1999-01-19,322.351,296.711,4.7
1999-01-20,322.341,293.721,4.7
1999-01-21,322.329,290.353,4.6
1999-01-22,322.324,288.675,4.5
1999-01-23,322.306,283.225,4.4
1999-01-24,322.292,279.39,4.4
1999-01-25,322.274,274.266,4.5
1999-01-26,322.284,277.079,4.7
1999-01-27,322.431,321.769,4.9
1999-01-28,322.416,316.751,4.6
1999-01-29,322.48,336.959,4.5
1999-01-30,322.408,314.719,4.3
1999-01-31,322.364,301.203,3.7
1999-02-01,322.325,289.686,3.4
1999-02-02,322.308,284.511,3.4
1999-02-03,322.291,279.823,3.8
1999-02-04,322.277,275.781,4.3
1999-02-05,322.287,278.611,4.6
1999-02-06,322.417,317.748,4.6
1999-02-07,322.43,321.73,4.2
1999-02-08,322.388,308.605,3.9
1999-02-09,322.375,304.486,3.3
1999-02-10,322.347,296.299,3.1
1999-02-11,322.339,293.731,3.3
1999-02-12,322.317,287.397,3.2
1999-02-13,322.299,282.0,2.9
1999-02-14,322.282,277.188,2.9
1999-02-15,322.268,273.266,2.8
1999-02-16,322.257,270.841,3.1
1999-02-17,322.253,269.869,3.2
1999-02-18,322.265,273.285,3.5
1999-02-19,322.449,330.795,3.7
1999-02-20,323.668,803.678,3.9
1999-02-21,323.873,888.685,4.1
1999-02-22,324.403,1128.2,4.3
1999-02-23,323.431,699.865,3.6
1999-02-24,323.159,588.638,3.6
1999-02-25,323.057,548.709,3.6
1999-02-26,322.986,521.607,3.7
1999-02-27,322.944,505.755,4.1
1999-02-28,322.916,495.131,4.2
1999-03-01,322.903,490.075,4.3
1999-03-02,323.042,543.896,4.7
1999-03-03,323.259,628.536,5.3
1999-03-04,323.164,591.53,5.1
1999-03-05,323.143,583.016,4.9
1999-03-06,323.077,557.109,4.8
1999-03-07,323.0,527.692,4.9
1999-03-08,322.957,511.524,4.9
1999-03-09,323.11,569.986,5.1
1999-03-10,323.102,566.927,5.4
1999-03-11,323.153,587.187,5.9
1999-03-12,323.164,591.473,6.0
1999-03-13,323.162,590.448,6.2
1999-03-14,323.137,580.622,6.3
1999-03-15,323.104,567.413,6.4
1999-03-16,323.091,562.724,6.7
1999-03-17,323.051,547.2,6.6
1999-03-18,322.982,521.022,6.3
1999-03-19,322.938,504.306,6.1
1999-03-20,322.902,490.602,6.0
1999-03-21,322.867,478.25,6.1
1999-03-22,322.845,469.966,6.2
1999-03-23,322.87,479.498,5.9
1999-03-24,322.884,484.742,6.0
1999-03-25,322.909,494.51,6.7
1999-03-26,322.924,500.2,7.0
1999-03-27,322.912,495.424,6.9
1999-03-28,322.863,476.935,6.5
1999-03-29,322.821,461.034,6.5
1999-03-30,322.798,452.181,6.9
1999-03-31,322.798,452.222,7.1
1999-04-01,322.805,454.987,7.6
1999-04-02,322.801,453.278,7.9
1999-04-03,322.82,460.619,8.1
1999-04-04,322.822,461.243,8.2
1999-04-05,322.859,475.229,8.0
1999-04-06,322.85,472.733,8.1
1999-04-07,323.042,546.898,9.0
1999-04-08,323.154,589.255,7.8
1999-04-09,323.035,543.129,7.8
1999-04-10,322.962,515.216,8.8
1999-04-11,322.934,504.558,9.4
1999-04-12,322.986,524.206,8.1
1999-04-13,322.95,510.802,7.4
1999-04-14,323.041,545.088,7.6
1999-04-15,322.987,524.811,7.8
1999-04-16,322.991,526.119,7.3
1999-04-17,323.022,538.157,7.6
1999-04-18,323.028,540.487,8.2
1999-04-19,323.058,551.591,8.0
1999-04-20,323.049,548.252,7.8
1999-04-21,323.064,554.014,8.4
1999-04-22,323.119,575.478,8.6
1999-04-23,323.08,561.257,8.9
1999-04-24,323.071,557.758,9.2
1999-04-25,323.073,558.757,8.9
1999-04-26,323.041,546.218,9.7
1999-04-27,323.028,541.513,10.3
1999-04-28,323.037,544.773,10.7
1999-04-29,323.02,538.442,11.3
1999-04-30,323.121,577.641,11.7
1999-05-01,323.108,572.321,10.3
1999-05-02,323.095,567.218,10.8
1999-05-03,323.105,571.16,12.1
1999-05-04,323.135,582.999,13.2
1999-05-05,323.163,594.097,13.6
1999-05-06,323.241,625.214,13.2
1999-05-07,323.244,626.476,12.7
1999-05-08,323.324,659.08,13.5
1999-05-09,323.376,680.395,12.3
1999-05-10,323.367,676.382,13.4
1999-05-11,323.505,734.192,13.4
1999-05-12,324.873,1376.073,12.8
1999-05-13,325.701,1793.964,12.7
1999-05-14,325.149,1504.789,12.7
1999-05-15,324.946,1408.43,12.7
1999-05-16,324.556,1225.897,13.7
1999-05-17,324.405,1161.239,13.9
1999-05-18,324.31,1122.86,14.0
1999-05-19,324.275,1112.05,13.9
1999-05-20,324.255,1108.989,13.4
1999-05-21,324.488,1220.752,13.2
1999-05-22,325.654,1814.352,12.4
1999-05-23,325.181,1559.033,12.4
1999-05-24,324.924,1424.956,12.6
1999-05-25,324.803,1365.262,12.1
1999-05-26,324.947,1435.579,12.7
1999-05-27,324.734,1330.312,12.8
1999-05-28,324.656,1291.358,12.7
1999-05-29,324.635,1281.525,13.3
1999-05-30,324.574,1252.189,14.2
1999-05-31,324.549,1238.983,14.5
1999-06-01,324.538,1233.95,15.6
1999-06-02,324.528,1227.962,15.9
1999-06-03,324.58,1252.39,15.2
1999-06-04,324.622,1271.47,15.1
1999-06-05,324.635,1277.43,14.9
1999-06-06,324.584,1251.725,14.7
1999-06-07,324.577,1248.371,15.4
1999-06-08,324.698,1306.903,15.1
1999-06-09,324.774,1341.356,14.8
1999-06-10,324.645,1279.64,15.1
1999-06-11,325.025,1465.577,14.7
1999-06-12,324.789,1347.181,15.1
1999-06-13,324.703,1304.183,15.5
1999-06-14,324.732,1318.382,15.2
1999-06-15,324.76,1330.327,15.4
1999-06-16,324.574,1241.646,15.9
1999-06-17,324.488,1201.517,16.2
1999-06-18,324.425,1170.903,15.9
1999-06-19,324.409,1163.315,16.0
1999-06-20,324.342,1131.01,16.3
1999-06-21,324.479,1195.349,15.7
1999-06-22,324.59,1245.332,14.9
1999-06-23,324.517,1211.307,15.3
1999-06-24,324.354,1135.399,16.2
1999-06-25,324.27,1095.261,16.2
1999-06-26,324.203,1064.746,16.4
1999-06-27,324.183,1054.423,15.9
1999-06-28,324.162,1044.887,16.0
1999-06-29,324.102,1016.583,15.5
1999-06-30,324.06,997.693,16.1
1999-07-01,324.048,992.413,16.0
1999-07-02,324.01,974.404,16.9
1999-07-03,323.98,961.486,17.9
1999-07-04,323.945,944.651,18.5
1999-07-05,323.893,921.01,19.1
1999-07-06,323.872,910.207,18.7
1999-07-07,323.941,941.072,18.4
1999-07-08,324.006,970.091,18.0
1999-07-09,323.923,932.066,18.8
1999-07-10,323.918,929.422,19.1
1999-07-11,323.888,914.657,18.8
1999-07-12,323.845,895.856,18.7
1999-07-13,323.959,945.003,18.1
1999-07-14,324.033,978.21,18.0
1999-07-15,324.067,992.932,17.4
1999-07-16,323.999,962.163,17.9
1999-07-17,323.895,915.91,18.5
1999-07-18,323.822,881.799,19.3
1999-07-19,323.755,852.455,19.6
1999-07-20,323.757,852.013,19.3
1999-07-21,323.716,834.441,19.4
1999-07-22,323.654,807.811,18.5
1999-07-23,323.629,795.994,18.3
1999-07-24,323.64,800.657,18.7
1999-07-25,323.62,790.603,19.6
1999-07-26,323.583,774.583,20.0
1999-07-27,323.533,753.423,19.6
1999-07-28,323.517,745.468,19.7
1999-07-29,323.522,747.908,20.0
1999-07-30,323.476,728.348,20.4
1999-07-31,323.438,711.802,20.4
1999-08-01,323.392,692.173,20.6
1999-08-02,323.403,696.979,20.9
1999-08-03,323.333,667.987,21.0
1999-08-04,323.275,642.967,20.7
1999-08-05,323.239,628.702,21.2
1999-08-06,323.254,634.712,21.2
1999-08-07,323.226,623.489,21.7
1999-08-08,323.195,610.361,21.2
1999-08-09,323.169,599.955,22.1
1999-08-10,323.205,614.372,22.2
1999-08-11,323.206,614.588,21.1
1999-08-12,323.197,609.723,20.4
1999-08-13,323.246,629.426,20.9
1999-08-14,323.192,607.914,20.8
1999-08-15,323.165,596.958,20.5
1999-08-16,323.191,606.654,19.4
1999-08-17,323.215,616.504,19.6
1999-08-18,323.219,617.843,19.2
1999-08-19,323.174,599.744,19.5
1999-08-20,323.349,670.779,18.9
1999-08-21,323.292,644.876,18.5
1999-08-22,323.168,593.693,19.3
1999-08-23,323.112,570.133,19.8
1999-08-24,323.093,561.495,19.9
1999-08-25,323.071,552.015,19.7
1999-08-26,323.05,542.874,20.1
1999-08-27,323.029,533.961,19.6
1999-08-28,323.063,545.711,19.8
1999-08-29,323.087,553.645,19.7
1999-08-30,323.048,537.505,19.9
1999-08-31,323.019,525.607,20.1
1999-09-01,322.998,516.482,20.2
1999-09-02,322.983,509.688,20.3
1999-09-03,322.967,502.363,20.2
1999-09-04,322.945,492.803,20.1
1999-09-05,322.916,480.761,19.7
1999-09-06,322.894,471.023,19.8
1999-09-07,322.89,468.667,19.7
1999-09-08,322.905,473.034,19.6
1999-09-09,322.863,456.076,20.0
1999-09-10,322.837,446.409,20.4
1999-09-11,322.822,441.502,20.4
1999-09-12,322.796,432.315,20.7
1999-09-13,322.759,420.109,20.8
1999-09-14,322.736,411.722,20.7
1999-09-15,322.726,409.168,20.6
1999-09-16,322.708,402.693,20.4
1999-09-17,322.696,399.689,20.0
1999-09-18,322.701,401.177,20.1
1999-09-19,322.67,391.001,19.9
1999-09-20,322.68,394.43,19.9
1999-09-21,322.697,401.744,19.5
1999-09-22,322.68,395.398,19.3
1999-09-23,322.67,393.08,19.5
1999-09-24,322.7,403.761,19.7
1999-09-25,322.768,429.242,19.7
1999-09-26,322.751,423.266,19.3
1999-09-27,322.992,513.271,18.3
1999-09-28,322.986,512.545,18.2
1999-09-29,323.126,565.686,17.7
1999-09-30,323.206,598.384,17.3
1999-10-01,323.245,613.895,16.9
1999-10-02,323.2,595.707,16.3
1999-10-03,323.211,601.379,16.8
1999-10-04,323.431,691.257,15.7
1999-10-05,323.441,694.87,14.9
1999-10-06,323.409,682.709,14.5
1999-10-07,323.354,660.155,14.9
1999-10-08,323.306,640.469,14.9
1999-10-09,323.268,626.012,14.5
1999-10-10,323.226,609.401,14.1
1999-10-11,323.194,596.673,14.4
1999-10-12,323.168,587.219,14.3
1999-10-13,323.143,577.425,14.3
1999-10-14,323.119,569.155,14.4
1999-10-15,323.092,558.524,14.4
1999-10-16,323.07,550.236,14.1
1999-10-17,323.036,538.033,13.8
1999-10-18,323.007,526.95,13.4
1999-10-19,322.975,514.974,13.0
1999-10-20,322.956,508.843,12.8
1999-10-21,322.929,498.423,12.9
1999-10-22,322.905,489.405,12.8
1999-10-23,322.885,482.764,12.8
1999-10-24,322.854,470.972,12.6
1999-10-25,322.842,466.5,12.5
1999-10-26,322.815,457.553,12.5
1999-10-27,322.807,454.649,12.5
1999-10-28,322.795,450.13,12.4
1999-10-29,322.778,443.724,12.5
1999-10-30,322.76,437.424,12.8
1999-10-31,322.753,434.784,12.8
1999-11-01,322.731,426.77,12.3
1999-11-02,322.714,420.77,12.2
1999-11-03,322.757,436.213,12.4
1999-11-04,322.84,467.1,12.0
1999-11-05,322.751,434.25,11.9
1999-11-06,322.717,422.683,11.8
1999-11-07,322.737,429.745,11.5
1999-11-08,322.708,419.257,11.2
1999-11-09,322.683,410.317,11.1
1999-11-10,323.11,572.829,10.7
1999-11-11,323.078,558.528,10.1
1999-11-12,322.945,507.611,10.2
1999-11-13,322.886,485.332,10.2
1999-11-14,322.847,470.498,9.9
1999-11-15,322.811,456.889,9.7
1999-11-16,322.778,444.761,9.5
1999-11-17,322.747,434.059,9.2
1999-11-18,322.737,430.37,8.9
1999-11-19,322.746,433.566,8.5
1999-11-20,322.741,432.022,8.4
1999-11-21,322.714,422.088,8.0
1999-11-22,322.682,410.674,7.8
1999-11-23,322.665,404.618,7.5
1999-11-24,322.686,412.03,7.5
1999-11-25,322.684,411.397,7.6
1999-11-26,322.681,410.429,7.5
1999-11-27,322.671,406.568,7.2
1999-11-28,322.657,401.675,7.0
1999-11-29,322.628,391.923,6.7
1999-11-30,322.61,385.44,6.6
1999-12-01,322.602,382.849,6.4
1999-12-02,322.634,394.31,6.7
1999-12-03,322.891,488.601,6.7
1999-12-04,322.757,437.735,6.7
1999-12-05,322.816,459.416,6.7
1999-12-06,322.749,434.869,6.3
1999-12-07,322.692,414.267,6.0
1999-12-08,322.678,409.338,6.3
1999-12-09,322.733,428.069,6.4
1999-12-10,322.7,416.246,6.5
1999-12-11,322.71,419.623,6.4
1999-12-12,322.716,421.72,6.5
1999-12-13,322.838,466.555,6.5
1999-12-14,322.811,456.715,6.2
1999-12-15,322.906,491.431,6.1
1999-12-16,322.79,447.703,5.8
1999-12-17,322.736,427.923,5.4
1999-12-18,322.721,422.618,5.3
1999-12-19,323.359,672.788,6.0
1999-12-20,323.243,622.142,5.6
1999-12-21,322.985,520.413,5.3
1999-12-22,322.895,486.391,5.1
1999-12-23,322.837,464.528,4.9
1999-12-24,322.808,453.605,4.9
1999-12-25,322.834,462.158,5.0
1999-12-26,323.158,586.604,5.4
1999-12-27,323.516,733.049,5.5
1999-12-28,323.238,618.308,5.2
1999-12-29,323.1,563.555,5.0
1999-12-30,323.013,530.036,4.9
1999-12-31,322.954,506.344,4.7
2000-01-01,322.906,488.236,4.8
2000-01-02,322.896,484.253,5.0
2000-01-03,322.881,478.056,5.1
2000-01-04,322.842,463.255,4.9
2000-01-05,322.848,464.506,5.0
2000-01-06,322.915,490.176,5.2
2000-01-07,322.839,461.498,5.1
2000-01-08,322.787,441.056,5.1
2000-01-09,322.744,425.473,5.0
2000-01-10,322.723,417.163,5.0
2000-01-11,322.697,407.626,5.1
2000-01-12,322.68,401.724,5.0
2000-01-13,322.661,393.831,4.8
2000-01-14,322.643,387.152,4.6
2000-01-15,322.618,378.317,4.5
2000-01-16,322.592,369.532,4.3
2000-01-17,322.555,357.062,4.2
2000-01-18,322.522,345.997,4.4
2000-01-19,322.527,346.725,4.7
2000-01-20,322.522,345.069,4.4
2000-01-21,322.5,338.001,4.3
2000-01-22,322.486,333.341,4.4
2000-01-23,322.485,333.197,4.4
2000-01-24,322.478,330.9,4.3
2000-01-25,322.454,323.308,3.6
2000-01-26,322.434,316.079,3.1
2000-01-27,322.425,313.096,3.1
2000-01-28,322.427,313.878,3.1
2000-01-29,322.423,312.38,3.5
2000-01-30,322.63,384.488,4.2
2000-01-31,323.044,534.414,4.4
2000-02-01,322.757,426.569,4.7
2000-02-02,322.684,399.142,4.3
2000-02-03,322.912,483.243,4.5
2000-02-04,322.767,429.086,4.6
2000-02-05,322.676,396.442,4.3
2000-02-06,322.637,382.302,4.4
2000-02-07,322.619,375.908,4.3
2000-02-08,322.624,377.866,4.7
2000-02-09,323.174,583.719,5.5
2000-02-10,322.913,482.277,4.9
2000-02-11,322.942,493.157,4.9
2000-02-12,322.889,473.043,4.8
2000-02-13,322.822,447.775,4.6
2000-02-14,322.901,477.603,5.0
2000-02-15,322.903,477.052,5.3
2000-02-16,323.021,521.916,5.4
2000-02-17,322.969,502.452,5.0
2000-02-18,322.893,473.276,4.6
2000-02-19,323.039,528.899,4.9
2000-02-20,323.053,534.205,5.1
2000-02-21,322.95,494.941,4.7
2000-02-22,322.89,470.964,4.8
2000-02-23,322.845,454.364,4.8
2000-02-24,322.817,444.045,4.8
2000-02-25,322.8,437.546,5.0
2000-02-26,323.023,521.544,5.4
2000-02-27,322.967,500.314,5.5
2000-02-28,322.887,470.029,5.6
2000-03-01,323.047,530.194,5.8
2000-03-02,323.097,549.12,5.6
2000-03-03,322.963,498.22,5.4
2000-03-04,323.01,515.974,5.7
2000-03-05,322.974,502.343,5.4
2000-03-06,322.886,468.887,5.3
2000-03-07,322.836,448.928,5.5
2000-03-08,322.789,431.978,5.8
2000-03-09,322.855,456.721,6.3
2000-03-10,322.973,500.682,6.9
2000-03-11,322.931,484.673,6.6
2000-03-12,322.923,481.924,6.8
2000-03-13,322.883,465.659,6.8
2000-03-14,322.852,453.82,6.9
2000-03-15,323.014,515.606,6.9
2000-03-16,322.947,489.86,6.3
2000-03-17,322.932,484.049,6.0
2000-03-18,323.215,594.405,6.3
2000-03-19,323.274,616.774,6.5
2000-03-20,323.125,556.184,6.5
2000-03-21,323.058,530.932,6.8
2000-03-22,323.026,518.583,7.0
2000-03-23,323.009,512.202,7.2
2000-03-24,322.998,507.9,7.3
2000-03-25,322.998,508.019,7.2
2000-03-26,323.007,511.497,7.4
2000-03-27,323.013,512.517,6.9
2000-03-28,323.057,529.169,6.8
2000-03-29,323.061,530.707,6.9
2000-03-30,323.028,518.359,6.7
2000-03-31,323.01,511.344,6.7
2000-04-01,322.994,505.347,7.3
2000-04-02,322.963,493.592,7.2
2000-04-03,322.931,480.45,7.6
2000-04-04,322.933,480.882,7.9
2000-04-05,322.962,492.063,8.2
2000-04-06,323.175,573.757,7.6
2000-04-07,323.039,521.156,7.0
2000-04-08,322.95,487.435,7.7
2000-04-09,322.907,471.204,8.3
2000-04-10,322.869,455.656,8.8
2000-04-11,322.853,449.774,9.0
2000-04-12,322.887,462.483,8.5
2000-04-13,322.906,469.769,7.8
2000-04-14,322.88,459.97,7.8
2000-04-15,322.855,450.539,8.5
2000-04-16,322.843,446.103,8.2
2000-04-17,322.807,433.814,8.5
2000-04-18,322.865,454.967,8.4
2000-04-19,322.844,447.137,8.7
2000-04-20,322.815,436.498,9.2
2000-04-21,322.822,439.175,9.8
2000-04-22,322.859,452.746,10.4
2000-04-23,322.904,469.713,10.9
2000-04-24,322.984,501.15,10.3
2000-04-25,322.974,497.252,9.0
2000-04-26,322.952,489.026,10.0
2000-04-27,322.978,498.906,11.3
2000-04-28,323.005,509.199,11.0
2000-04-29,323.038,521.594,10.6
2000-04-30,323.054,527.944,10.1
2000-05-01,323.08,538.97,10.9
2000-05-02,323.131,558.147,12.2
2000-05-03,323.151,566.208,13.4
2000-05-04,323.193,582.785,12.6
2000-05-05,323.258,608.618,13.4
2000-05-06,323.3,625.524,14.4
2000-05-07,323.277,616.025,14.1
2000-05-08,323.278,617.822,14.8
2000-05-09,323.335,640.544,14.4
2000-05-10,323.315,632.767,15.5
2000-05-11,323.334,640.288,16.4
2000-05-12,323.369,654.662,16.3
2000-05-13,323.417,674.209,14.2
2000-05-14,323.415,673.26,16.3
2000-05-15,323.412,673.532,17.1
2000-05-16,323.427,679.319,17.4
2000-05-17,323.445,686.897,17.5
2000-05-18,323.494,707.584,15.7
2000-05-19,323.52,718.474,15.1
2000-05-20,323.505,711.881,13.0
2000-05-21,323.487,704.586,13.3
2000-05-22,323.511,714.596,14.5
2000-05-23,323.499,710.659,12.8
2000-05-24,323.45,690.292,15.1
2000-05-25,323.416,675.548,14.4
2000-05-26,323.404,670.267,14.0
2000-05-27,323.39,663.418,15.0
2000-05-28,323.386,661.68,12.6
2000-05-29,323.374,655.683,13.2
2000-05-30,323.455,689.133,12.8
2000-05-31,323.824,847.278,13.4
2000-06-01,323.837,850.85,12.6
2000-06-02,323.586,742.843,14.4
2000-06-03,323.521,714.028,15.0
2000-06-04,323.495,703.4,15.8
2000-06-05,323.5,704.332,16.4
2000-06-06,323.701,789.0,15.8
2000-06-07,323.582,737.193,14.7
2000-06-08,323.53,715.505,15.8
2000-06-09,323.492,698.111,17.4
2000-06-10,323.471,689.248,18.2
2000-06-11,323.448,679.739,18.5
2000-06-12,323.473,689.108,17.9
2000-06-13,323.418,666.578,18.2
2000-06-14,323.526,709.843,18.5
2000-06-15,323.43,669.739,18.8
2000-06-16,323.465,683.093,19.1
2000-06-17,323.424,666.525,19.5
2000-06-18,323.383,648.378,19.8
2000-06-19,323.344,632.634,20.0
2000-06-20,323.309,618.635,20.3
2000-06-21,323.281,606.078,20.6
2000-06-22,323.251,594.029,20.6
2000-06-23,323.248,591.807,19.3
2000-06-24,323.255,594.732,18.7
2000-06-25,323.236,585.74,18.3
2000-06-26,323.229,583.09,18.8
2000-06-27,323.174,560.225,19.4
2000-06-28,323.14,547.118,19.7
2000-06-29,323.115,537.706,18.7
2000-06-30,323.097,529.74,18.5
2000-07-01,323.181,562.175,19.4
2000-07-02,323.268,596.456,19.3
2000-07-03,323.301,609.484,19.9
2000-07-04,323.271,596.417,19.6
2000-07-05,323.227,579.381,19.0
2000-07-06,323.121,538.065,18.9
2000-07-07,323.099,529.718,20.2
2000-07-08,323.182,561.724,19.9
2000-07-09,323.423,656.875,17.9
2000-07-10,323.366,633.755,17.4
2000-07-11,323.504,689.939,17.1
2000-07-12,323.497,687.455,16.4
2000-07-13,323.509,691.09,16.1
2000-07-14,323.489,683.1,16.1
2000-07-15,323.873,846.174,14.5
2000-07-16,323.835,829.609,14.5
2000-07-17,323.644,747.631,15.2
2000-07-18,323.525,696.441,16.2
2000-07-19,323.457,668.319,16.6
2000-07-20,323.403,646.344,16.4
2000-07-21,323.356,627.547,17.5
2000-07-22,323.309,607.719,17.6
2000-07-23,323.267,590.908,18.3
2000-07-24,323.226,574.697,18.2
2000-07-25,323.265,590.314,18.2
2000-07-26,323.277,594.868,18.0
2000-07-27,323.293,600.395,17.7
2000-07-28,323.442,661.667,18.8
2000-07-29,323.772,798.994,17.0
2000-07-30,323.728,779.921,17.0
2000-07-31,323.59,721.506,17.7
2000-08-01,323.502,684.742,18.9
2000-08-02,323.449,663.889,19.0
2000-08-03,323.439,659.739,18.3
2000-08-04,323.48,676.641,18.2
2000-08-05,323.439,659.595,18.3
2000-08-06,323.981,896.453,18.0
2000-08-07,324.275,1022.612,16.8
2000-08-08,323.919,863.327,17.9
2000-08-09,323.911,861.137,18.3
2000-08-10,323.826,824.359,19.0
2000-08-11,323.763,797.092,19.1
2000-08-12,323.722,779.489,19.7
2000-08-13,323.676,760.04,20.0
2000-08-14,323.627,739.294,20.4
2000-08-15,323.577,718.292,20.5
2000-08-16,323.548,706.89,20.7
2000-08-17,323.511,691.654,21.2
2000-08-18,323.487,681.431,21.0
2000-08-19,323.434,659.691,21.8
2000-08-20,323.403,646.999,22.2
2000-08-21,323.43,658.471,22.6
2000-08-22,323.433,659.387,21.4
2000-08-23,323.362,631.841,21.9
2000-08-24,323.324,616.633,22.2
2000-08-25,323.284,600.559,21.9
2000-08-26,323.245,585.023,22.2
2000-08-27,323.233,580.345,21.9
2000-08-28,323.208,570.446,20.9
2000-08-29,323.156,550.349,20.9
2000-08-30,323.12,537.551,21.2
2000-08-31,323.114,535.418,21.0
2000-09-01,323.186,563.17,20.6
2000-09-02,323.146,547.432,20.1
2000-09-03,323.096,528.394,19.0
2000-09-04,323.332,621.168,18.2
2000-09-05,323.29,604.425,18.0
2000-09-06,323.159,552.385,18.3
2000-09-07,323.21,572.7,18.3
2000-09-08,323.202,569.317,17.2
2000-09-09,323.129,541.065,18.2
2000-09-10,323.086,524.838,18.5
2000-09-11,323.043,508.318,18.5
2000-09-12,323.009,495.586,18.6
2000-09-13,322.982,485.935,18.7
2000-09-14,322.985,486.925,18.1
2000-09-15,322.952,474.742,18.4
2000-09-16,322.912,459.323,18.7
2000-09-17,322.872,444.4,17.4
2000-09-18,322.849,436.226,16.3
2000-09-19,322.826,427.867,17.3
2000-09-20,322.856,439.417,17.7
2000-09-21,324.065,939.627,16.3
2000-09-22,323.569,720.536,14.7
2000-09-23,323.256,591.242,16.0
2000-09-24,323.158,552.826,16.4
2000-09-25,323.1,530.872,16.6
2000-09-26,323.058,514.913,16.7
2000-09-27,323.024,502.669,16.9
2000-09-28,322.984,487.329,16.9
2000-09-29,322.947,473.488,16.8
2000-09-30,322.915,461.306,16.8
2000-10-01,322.91,459.498,16.3
2000-10-02,322.874,445.949,15.9
2000-10-03,322.885,450.193,15.8
2000-10-04,322.863,442.178,15.6
2000-10-05,322.84,433.759,15.8
2000-10-06,322.843,434.915,15.7
2000-10-07,322.92,463.111,15.0
2000-10-08,322.86,441.036,14.6
2000-10-09,322.843,434.942,14.8
2000-10-10,322.834,431.706,14.5
2000-10-11,322.842,435.641,13.8
2000-10-12,322.928,467.292,13.9
2000-10-13,322.896,455.154,14.1
2000-10-14,322.942,472.695,14.2
2000-10-15,322.913,461.592,14.1
2000-10-16,322.912,461.191,14.2
2000-10-17,322.917,463.307,13.9
2000-10-18,322.917,463.206,13.9
2000-10-19,322.896,455.264,13.8
2000-10-20,322.886,451.495,13.9
2000-10-21,322.867,444.498,13.9
2000-10-22,322.843,436.07,13.8
2000-10-23,322.813,425.038,13.7
2000-10-24,322.792,417.351,13.6
2000-10-25,322.784,415.231,13.7
2000-10-26,322.775,412.042,13.6
2000-10-27,322.793,418.457,13.3
2000-10-28,322.818,427.759,13.0
2000-10-29,322.751,403.538,12.9
2000-10-30,322.71,388.849,12.6
2000-10-31,322.713,389.969,12.7
2000-11-01,322.76,406.692,12.5
2000-11-02,322.722,392.887,12.3
2000-11-03,322.696,383.944,12.4
2000-11-04,322.743,400.776,12.2
2000-11-05,322.774,411.721,11.7
2000-11-06,322.73,395.882,11.5
2000-11-07,322.787,416.553,11.3
2000-11-08,322.751,403.597,11.2
2000-11-09,322.709,389.494,11.2
2000-11-10,322.682,379.901,11.0
2000-11-11,322.673,376.668,10.8
2000-11-12,322.654,370.741,10.7
2000-11-13,322.632,363.32,10.6
2000-11-14,322.642,366.722,10.8
2000-11-15,322.717,394.046,10.6
2000-11-16,322.702,388.843,10.3
2000-11-17,322.762,410.584,10.2
2000-11-18,322.885,455.964,9.7
2000-11-19,322.847,441.985,9.5
2000-11-20,322.839,439.147,9.6
2000-11-21,322.874,452.04,9.6
2000-11-22,322.869,451.123,9.5
2000-11-23,322.863,449.034,9.7
2000-11-24,322.859,447.475,9.6
2000-11-25,322.873,453.641,9.4
2000-11-26,322.887,459.238,9.3
2000-11-27,322.86,449.009,9.1
2000-11-28,322.855,448.393,9.2
2000-11-29,322.898,464.273,9.4
2000-11-30,322.848,445.78,9.3
2000-12-01,322.817,435.67,9.2
2000-12-02,322.789,425.353,9.0
2000-12-03,322.77,418.504,9.0
2000-12-04,322.736,406.207,9.1
2000-12-05,322.715,399.996,8.9
2000-12-06,322.696,393.212,8.9
2000-12-07,322.685,388.956,8.8
2000-12-08,322.669,384.107,8.8
2000-12-09,322.669,383.927,8.9
2000-12-10,322.65,377.642,8.9
2000-12-11,322.618,367.66,8.7
2000-12-12,322.607,363.696,8.7
2000-12-13,322.589,357.504,8.6
2000-12-14,322.563,349.91,8.6
2000-12-15,322.622,370.177,8.5
2000-12-16,322.67,386.703,8.1
2000-12-17,322.627,371.674,7.8
2000-12-18,322.599,363.11,7.8
2000-12-19,322.574,354.478,7.7
2000-12-20,322.573,354.277,7.9
2000-12-21,322.569,353.764,7.7
2000-12-22,322.546,346.146,7.4
2000-12-23,322.533,341.856,7.1
2000-12-24,322.507,334.365,6.9
2000-12-25,322.495,330.605,6.8
2000-12-26,322.482,326.478,7.1
2000-12-27,322.455,318.948,7.1
2000-12-28,322.433,311.982,7.0
2000-12-29,322.426,309.779,6.6
2000-12-30,322.41,305.025,6.3
2000-12-31,322.389,299.63,6.2
2001-01-01,322.37,295.439,5.9
2001-01-02,322.496,333.728,5.9
2001-01-03,322.513,338.142,6.2
2001-01-04,322.468,324.586,6.2
2001-01-05,322.488,331.212,6.2
2001-01-06,322.799,434.663,6.5
2001-01-07,322.942,484.699,6.6
2001-01-08,322.889,465.026,6.2
2001-01-09,322.786,429.025,6.1
2001-01-10,322.69,395.972,5.9
2001-01-11,322.641,379.218,5.9
2001-01-12,322.659,385.472,6.1
2001-01-13,322.644,380.234,5.7
2001-01-14,322.595,364.84,5.0
2001-01-15,322.551,350.689,4.6
2001-01-16,322.514,339.246,4.7
2001-01-17,322.488,330.837,4.7
2001-01-18,322.475,326.876,4.7
2001-01-19,322.466,324.161,5.0
2001-01-20,322.453,320.151,5.2
2001-01-21,322.44,316.379,5.2
2001-01-22,322.427,312.384,5.2
2001-01-23,322.435,315.015,5.3
2001-01-24,322.46,322.864,5.5
2001-01-25,322.581,360.502,5.5
2001-01-26,322.536,346.267,5.4
2001-01-27,322.503,335.883,5.3
2001-01-28,322.481,329.064,5.0
2001-01-29,322.458,321.761,4.7
2001-01-30,322.432,314.078,4.7
2001-01-31,322.42,310.593,4.8
2001-02-01,322.411,308.024,4.6
2001-02-02,322.395,303.497,4.6
2001-02-03,322.399,304.65,4.6
2001-02-04,322.629,377.204,5.2
2001-02-05,322.667,389.073,5.7
2001-02-06,322.593,364.528,5.8
2001-02-07,322.547,349.957,5.9
2001-02-08,322.545,349.311,5.7
2001-02-09,322.534,345.881,5.7
2001-02-10,322.52,341.231,5.6
2001-02-11,322.492,332.635,5.4
2001-02-12,322.481,328.954,5.4
2001-02-13,322.465,324.864,5.5
2001-02-14,322.456,321.83,5.7
2001-02-15,322.448,319.407,5.6
2001-02-16,322.441,317.504,5.4
2001-02-17,322.436,315.934,5.5
2001-02-18,322.43,314.176,5.5
2001-02-19,322.409,307.952,5.5
2001-02-20,322.396,304.746,5.5
2001-02-21,322.385,301.071,5.6
2001-02-22,322.373,297.548,5.6
2001-02-23,322.446,319.539,5.6
2001-02-24,322.571,358.096,5.5
2001-02-25,322.503,336.67,5.1
2001-02-26,322.47,326.271,4.9
2001-02-27,322.46,323.036,4.8
2001-02-28,322.45,320.242,5.0
2001-03-01,322.451,321.084,5.2
2001-03-02,322.46,323.907,5.2
2001-03-03,322.549,351.696,5.2
2001-03-04,323.068,540.769,5.1
2001-03-05,323.432,686.432,5.3
2001-03-06,322.985,502.982,5.7
2001-03-07,322.866,458.302,5.5
2001-03-08,322.891,467.582,5.7
2001-03-09,323.048,527.363,6.4
2001-03-10,323.007,511.104,6.4
2001-03-11,322.994,506.14,6.4
2001-03-12,323.175,576.666,6.7
2001-03-13,323.362,654.086,6.8
2001-03-14,323.458,695.372,6.5
2001-03-15,323.415,676.376,6.5
2001-03-16,323.326,638.577,6.9
2001-03-17,323.208,591.167,7.1
2001-03-18,323.219,595.826,7.0
2001-03-19,323.164,573.184,7.0
2001-03-20,323.153,568.768,6.6
2001-03-21,323.607,768.191,6.9
2001-03-22,323.819,864.271,7.4
2001-03-23,323.694,804.064,7.5
2001-03-24,323.522,725.538,7.9
2001-03-25,323.623,770.48,8.0
2001-03-26,323.572,747.753,7.8
2001-03-27,323.483,707.93,7.5
2001-03-28,323.385,664.774,7.3
2001-03-29,323.342,646.043,7.6
2001-03-30,323.321,637.822,7.5
2001-03-31,323.361,654.301,7.4
2001-04-01,323.291,624.963,7.8
2001-04-02,323.231,600.701,8.2
2001-04-03,323.181,581.313,8.4
2001-04-04,323.15,568.663,8.1
2001-04-05,323.235,603.418,7.8
2001-04-06,323.192,586.696,7.9
2001-04-07,323.281,624.033,8.1
2001-04-08,323.356,654.491,7.8
2001-04-09,323.241,607.789,7.9
2001-04-10,323.434,690.303,8.0
2001-04-11,323.678,799.932,8.0
2001-04-12,323.523,729.189,8.2
2001-04-13,323.399,674.892,8.2
2001-04-14,323.306,635.509,8.0
2001-04-15,323.266,619.062,7.8
2001-04-16,323.467,706.869,7.6
2001-04-17,323.519,729.937,7.8
2001-04-18,323.382,668.817,8.1
2001-04-19,323.387,670.949,8.1
2001-04-20,323.375,666.779,7.9
2001-04-21,323.361,660.783,7.6
2001-04-22,323.419,686.394,7.3
2001-04-23,323.412,684.544,7.7
2001-04-24,323.418,687.01,8.4
2001-04-25,323.473,711.374,8.5
2001-04-26,323.488,718.436,8.1
2001-04-27,323.365,664.981,8.3
2001-04-28,323.313,642.836,8.8
2001-04-29,323.281,629.47,9.0
2001-04-30,323.261,621.648,9.7
2001-05-01,323.225,605.899,10.3
2001-05-02,323.207,598.743,10.4
2001-05-03,323.201,596.13,10.8
2001-05-04,323.218,603.135,10.5
2001-05-05,323.439,695.683,11.0
2001-05-06,323.483,715.018,11.8
2001-05-07,323.35,656.323,11.6
2001-05-08,323.304,637.193,11.8
2001-05-09,323.282,626.837,12.3
2001-05-10,323.27,621.751,12.6
2001-05-11,323.266,620.377,13.0
2001-05-12,323.265,619.771,13.9
2001-05-13,323.26,616.679,14.2
2001-05-14,323.258,615.865,14.4
2001-05-15,323.276,623.043,14.1
2001-05-16,323.321,641.634,13.2
2001-05-17,323.316,638.332,14.6
2001-05-18,323.452,697.225,13.2
2001-05-19,323.472,706.267,12.3
2001-05-20,323.407,677.287,14.1
2001-05-21,323.374,661.677,15.2
2001-05-22,323.36,655.54,15.8
2001-05-23,323.35,651.432,16.1
2001-05-24,323.34,646.91,16.2
2001-05-25,323.354,651.689,15.9
2001-05-26,323.373,659.6,15.7
2001-05-27,323.349,649.74,16.7
2001-05-28,323.34,645.961,16.4
2001-05-29,323.348,647.708,16.6
2001-05-30,323.359,652.198,17.2
2001-05-31,323.381,662.079,18.5
2001-06-01,323.418,678.141,17.4
2001-06-02,323.425,681.203,17.9
2001-06-03,323.572,747.672,15.0
2001-06-04,323.622,768.705,14.9
2001-06-05,323.51,718.238,15.7
2001-06-06,323.514,720.462,16.5
2001-06-07,323.569,744.541,14.6
2001-06-08,323.501,714.174,14.4
2001-06-09,323.661,785.94,14.7
2001-06-10,324.064,986.662,14.7
2001-06-11,324.486,1212.711,13.6
2001-06-12,324.055,978.065,13.5
2001-06-13,323.921,909.989,15.2
2001-06-14,323.867,882.7,15.0
2001-06-15,323.824,861.817,15.3
2001-06-16,323.846,872.435,15.7
2001-06-17,323.988,942.132,15.4
2001-06-18,324.019,957.431,14.4
2001-06-19,324.235,1071.574,14.0
2001-06-20,324.12,1008.977,15.2
2001-06-21,324.029,960.842,15.7
2001-06-22,323.965,928.71,15.5
2001-06-23,323.926,909.886,15.4
2001-06-24,323.883,889.045,16.9
2001-06-25,323.846,871.141,17.1
2001-06-26,323.82,856.706,17.5
2001-06-27,323.791,843.136,18.0
2001-06-28,323.805,849.619,17.9
2001-06-29,323.824,858.97,17.7
2001-06-30,323.798,846.114,18.7
2001-07-01,323.771,833.002,18.3
2001-07-02,323.75,822.95,19.2
2001-07-03,323.729,812.868,19.9
2001-07-04,323.704,800.581,20.6
2001-07-05,323.679,788.448,20.8
2001-07-06,323.655,778.408,21.2
2001-07-07,323.655,778.53,21.0
2001-07-08,323.634,768.863,19.2
2001-07-09,323.632,768.172,19.3
2001-07-10,323.606,756.582,20.2
2001-07-11,323.56,736.242,20.1
2001-07-12,323.532,723.631,19.1
2001-07-13,323.55,731.434,19.4
2001-07-14,323.524,720.193,19.3
2001-07-15,323.539,726.599,19.5
2001-07-16,324.018,958.954,18.2
2001-07-17,323.686,794.08,18.8
2001-07-18,323.626,766.422,19.5
2001-07-19,323.612,760.276,18.8
2001-07-20,323.588,749.736,18.6
2001-07-21,323.766,832.544,17.7
2001-07-22,323.678,789.946,18.6
2001-07-23,323.642,773.411,19.1
2001-07-24,323.626,766.329,19.1
2001-07-25,323.584,747.428,19.0
2001-07-26,323.558,737.254,20.1
2001-07-27,323.536,727.773,20.3
2001-07-28,323.509,715.399,20.6
2001-07-29,323.478,701.762,20.9
2001-07-30,323.448,688.697,20.7
2001-07-31,323.416,674.212,21.7
2001-08-01,323.385,660.476,21.6
2001-08-02,323.359,648.739,22.3
2001-08-03,323.434,681.607,22.2
2001-08-04,323.487,704.795,21.2
2001-08-05,323.495,708.473,20.7
2001-08-06,323.439,683.546,19.9
2001-08-07,323.404,667.908,20.1
2001-08-08,323.397,665.101,19.5
2001-08-09,323.392,661.73,19.8
2001-08-10,323.419,673.308,20.1
2001-08-11,323.452,688.101,18.9
2001-08-12,323.418,672.793,19.8
2001-08-13,323.391,661.146,20.2
2001-08-14,323.364,649.511,20.2
2001-08-15,323.339,639.032,20.7
2001-08-16,323.31,626.138,21.0
2001-08-17,323.317,628.705,20.5
2001-08-18,323.29,617.977,21.1
2001-08-19,323.249,600.824,21.4
2001-08-20,323.234,594.806,21.2
2001-08-21,323.208,584.114,21.1
2001-08-22,323.183,573.899,21.6
2001-08-23,323.141,556.994,22.0
2001-08-24,323.114,545.375,22.1
2001-08-25,323.095,537.639,22.2
2001-08-26,323.065,526.448,22.4
2001-08-27,323.027,512.896,22.5
2001-08-28,323.002,503.69,22.0
2001-08-29,322.978,494.665,22.2
2001-08-30,322.983,496.261,22.4
2001-08-31,322.973,493.806,21.8
2001-09-01,322.941,481.789,20.6
2001-09-02,322.964,490.359,20.5
2001-09-03,322.915,473.014,20.4
2001-09-04,322.948,485.698,20.3
2001-09-05,323.076,534.285,18.8
2001-09-06,323.103,544.223,17.1
2001-09-07,323.038,520.3,17.7
2001-09-08,323.044,522.758,17.3
2001-09-09,323.596,759.217,15.3
2001-09-10,323.295,624.584,15.1
2001-09-11,323.226,596.005,14.8
2001-09-12,323.178,576.331,14.8
2001-09-13,323.157,568.014,14.4
2001-09-14,323.235,601.127,15.0
2001-09-15,323.325,637.974,14.4
2001-09-16,323.29,624.761,14.3
2001-09-17,323.829,869.093,12.8
2001-09-18,323.617,768.94,13.0
2001-09-19,323.412,676.365,13.5
2001-09-20,323.363,654.996,13.8
2001-09-21,323.429,685.358,13.6
2001-09-22,323.541,735.279,13.6
2001-09-23,323.631,776.213,13.5
2001-09-24,323.475,706.811,13.8
2001-09-25,323.378,663.326,13.7
2001-09-26,323.381,665.156,13.6
2001-09-27,323.317,637.727,13.7
2001-09-28,323.252,612.3,14.0
2001-09-29,323.213,596.436,14.1
2001-09-30,323.168,578.151,14.2
2001-10-01,323.135,565.891,14.2
2001-10-02,323.103,552.759,14.4
2001-10-03,323.07,539.906,14.7
2001-10-04,323.065,538.3,14.7
2001-10-05,323.026,524.407,14.3
2001-10-06,323.01,518.712,14.5
2001-10-07,323.023,523.318,15.1
2001-10-08,322.995,514.132,14.9
2001-10-09,322.965,502.939,14.7
2001-10-10,322.936,492.028,14.6
2001-10-11,322.915,484.148,14.9
2001-10-12,322.895,477.464,14.8
2001-10-13,322.869,467.864,14.8
2001-10-14,322.84,457.449,14.9
2001-10-15,322.807,446.711,15.0
2001-10-16,322.794,442.42,15.1
2001-10-17,322.771,434.347,15.3
2001-10-18,322.749,426.812,15.2
2001-10-19,322.724,419.07,15.1
2001-10-20,322.696,409.383,14.9
2001-10-21,322.711,413.905,14.9
2001-10-22,322.689,406.48,14.7
2001-10-23,322.675,401.452,14.5
2001-10-24,322.69,405.837,14.3
2001-10-25,322.874,471.535,14.2
2001-10-26,322.94,493.719,13.6
2001-10-27,322.792,439.877,13.7
2001-10-28,322.728,417.762,14.0
2001-10-29,322.685,401.814,14.0
2001-10-30,322.658,392.499,14.0
2001-10-31,322.643,386.584,13.9
2001-11-01,322.725,414.643,13.8
2001-11-02,322.701,406.32,12.9
2001-11-03,322.653,389.024,12.7
2001-11-04,322.619,377.735,12.6
2001-11-05,322.597,369.784,12.5
2001-11-06,322.563,359.146,12.5
2001-11-07,322.609,374.003,12.3
2001-11-08,322.916,480.19,11.7
2001-11-09,322.836,450.259,10.7
2001-11-10,322.747,418.499,10.1
2001-11-11,322.712,406.323,9.8
2001-11-12,322.656,387.387,9.9
2001-11-13,322.659,387.104,9.9
2001-11-14,322.651,384.63,9.6
2001-11-15,322.619,373.317,9.1
2001-11-16,322.593,365.066,8.8
2001-11-17,322.581,361.331,8.6
2001-11-18,322.567,355.834,8.4
2001-11-19,322.548,349.966,8.3
2001-11-20,322.518,339.396,8.1
2001-11-21,322.494,331.882,8.0
2001-11-22,322.488,329.947,7.7
2001-11-23,322.543,346.302,7.4
2001-11-24,322.54,345.526,7.3
2001-11-25,322.533,343.338,7.2
2001-11-26,322.798,430.917,7.4
2001-11-27,322.797,429.522,7.5
2001-11-28,322.809,433.537,7.2
2001-11-29,322.727,405.561,7.3
2001-11-30,322.804,433.095,7.5
2001-12-01,323.283,615.028,7.9
2001-12-02,323.074,530.933,8.1
2001-12-03,322.991,499.662,8.1
2001-12-04,322.927,475.592,8.0
2001-12-05,322.9,465.723,8.0
2001-12-06,322.946,482.9,8.0
2001-12-07,322.941,480.916,7.5
2001-12-08,322.892,462.603,7.2
2001-12-09,322.846,446.366,6.8
2001-12-10,322.806,432.496,6.5
2001-12-11,322.769,419.89,6.3
2001-12-12,322.751,413.533,6.6
2001-12-13,322.738,409.119,6.6
2001-12-14,322.715,401.228,5.5
2001-12-15,322.675,387.469,4.7
2001-12-16,322.659,382.228,4.7
2001-12-17,322.626,371.599,4.8
2001-12-18,322.602,364.18,4.8
2001-12-19,322.588,359.555,5.0
2001-12-20,322.574,355.256,4.8
2001-12-21,322.561,350.987,4.5
2001-12-22,322.53,341.267,4.3
2001-12-23,322.515,336.663,4.2
2001-12-24,322.495,330.425,3.9
2001-12-25,322.454,317.687,3.7
2001-12-26,322.457,318.44,4.0
2001-12-27,322.441,313.848,3.9
2001-12-28,322.431,310.907,3.8
2001-12-29,322.759,423.695,4.4
2001-12-30,323.592,754.807,3.9
2001-12-31,322.869,455.276,3.3
2002-01-01,322.694,393.845,2.9
2002-01-02,322.609,365.946,2.6
2002-01-03,322.561,350.676,2.5
2002-01-04,322.514,336.146,2.5
2002-01-05,322.491,328.678,2.3
2002-01-06,322.46,319.192,2.4
2002-01-07,322.45,316.257,2.5
2002-01-08,322.438,312.774,2.8
2002-01-09,322.43,310.293,2.5
2002-01-10,322.419,307.148,2.4
2002-01-11,322.421,307.78,2.4
2002-01-12,322.413,305.471,2.7
2002-01-13,322.403,302.581,3.0
2002-01-14,322.396,300.413,3.1
2002-01-15,322.391,298.969,3.1
2002-01-16,322.383,296.925,2.8
2002-01-17,322.374,294.278,2.8
2002-01-18,322.365,291.632,3.2
2002-01-19,322.356,288.985,3.6
2002-01-20,322.347,286.339,3.8
2002-01-21,322.338,283.692,4.2
2002-01-22,322.328,280.925,4.3
2002-01-23,322.309,275.504,4.0
2002-01-24,322.344,285.575,4.1
2002-01-25,322.342,285.084,4.5
2002-01-26,322.366,291.792,4.6
2002-01-27,322.348,286.818,4.7
2002-01-28,322.663,384.308,5.3
2002-01-29,322.516,336.75,5.4
2002-01-30,322.446,315.031,4.8
2002-01-31,322.412,305.287,4.5
2002-02-01,322.393,299.736,4.7
2002-02-02,322.379,295.619,4.9
2002-02-03,322.353,288.1,4.8
2002-02-04,322.34,284.312,4.7
2002-02-05,322.333,282.369,5.0
2002-02-06,322.359,289.991,5.1
2002-02-07,322.449,315.827,5.3
2002-02-08,322.453,317.328,5.2
2002-02-09,322.512,335.258,5.2
2002-02-10,322.588,359.527,5.7
2002-02-11,322.499,331.619,5.7
2002-02-12,322.435,312.3,5.9
2002-02-13,322.411,305.213,6.3
2002-02-14,322.406,303.652,6.3
2002-02-15,322.386,297.834,5.8
2002-02-16,322.359,290.199,5.3
2002-02-17,322.335,283.358,5.2
2002-02-18,322.316,277.792,5.1
2002-02-19,322.292,270.992,5.3
2002-02-20,322.326,281.026,5.3
2002-02-21,322.497,330.946,5.3
2002-02-22,322.423,308.745,5.1
2002-02-23,322.446,316.164,4.9
2002-02-24,322.603,364.3,5.2
2002-02-25,322.606,365.703,5.2
2002-02-26,322.657,381.847,5.7
2002-02-27,322.795,431.606,6.3
2002-02-28,323.208,584.509,6.4
2002-03-01,322.853,449.34,6.1
2002-03-02,322.932,477.916,6.0
2002-03-03,322.831,441.215,6.0
2002-03-04,322.716,401.66,5.9
2002-03-05,322.652,379.895,5.8
2002-03-06,322.604,364.718,5.9
2002-03-07,322.559,350.598,6.3
2002-03-08,322.55,347.512,6.5
2002-03-09,322.537,343.662,6.7
2002-03-10,322.512,335.752,6.8
2002-03-11,322.498,331.164,6.8
2002-03-12,322.475,323.977,6.8
2002-03-13,322.459,319.044,7.1
2002-03-14,322.444,314.852,7.4
2002-03-15,322.442,314.826,7.2
2002-03-16,322.427,310.455,7.0
2002-03-17,322.415,306.765,7.3
2002-03-18,322.403,303.383,7.7
2002-03-19,322.456,319.307,7.9
2002-03-20,323.108,547.971,8.1
2002-03-21,322.888,462.47,8.2
2002-03-22,322.955,487.87,8.1
2002-03-23,323.037,518.04,7.6
2002-03-24,322.95,485.125,7.0
2002-03-25,322.89,462.692,6.9
2002-03-26,322.842,446.373,7.1
2002-03-27,322.813,436.556,7.4
2002-03-28,322.786,427.143,7.6
2002-03-29,322.756,416.737,7.8
2002-03-30,322.733,408.721,8.0
2002-03-31,322.713,401.831,7.8
2002-04-01,322.681,390.797,8.1
2002-04-02,322.665,385.477,8.2
2002-04-03,322.642,377.899,8.7
2002-04-04,322.635,375.771,9.5
2002-04-05,322.62,371.057,9.9
2002-04-06,322.602,365.276,9.9
2002-04-07,322.579,358.653,9.6
2002-04-08,322.554,350.873,9.1
2002-04-09,322.545,347.977,8.7
2002-04-10,322.533,344.143,8.8
2002-04-11,322.517,339.283,8.9
2002-04-12,322.511,337.323,9.1
2002-04-13,322.52,340.21,9.3
2002-04-14,322.596,364.203,8.9
2002-04-15,322.612,369.052,8.7
2002-04-16,322.569,355.514,8.5
2002-04-17,322.539,346.145,8.5
2002-04-18,322.53,343.943,8.5
2002-04-19,322.521,341.083,9.1
2002-04-20,322.507,336.646,9.5
2002-04-21,322.5,334.285,9.1
2002-04-22,322.477,327.216,9.5
2002-04-23,322.464,323.032,10.6
2002-04-24,322.503,335.343,11.0
2002-04-25,322.961,492.614,10.5
2002-04-26,322.789,429.732,10.3
2002-04-27,322.964,493.983,10.7
2002-04-28,322.832,444.525,9.5
2002-04-29,322.724,407.174,9.6
2002-04-30,322.685,394.751,9.7
2002-05-01,322.664,387.551,10.3
2002-05-02,322.653,384.447,10.8
2002-05-03,322.758,421.054,10.3
2002-05-04,323.311,634.933,10.0
2002-05-05,323.223,597.107,9.6
2002-05-06,323.045,527.039,9.7
2002-05-07,322.987,505.522,10.5
2002-05-08,322.952,493.339,11.7
2002-05-09,322.93,485.234,12.0
2002-05-10,322.913,479.934,12.2
2002-05-11,322.911,479.122,12.1
2002-05-12,322.982,507.45,12.2
2002-05-13,323.165,578.225,12.4
2002-05-14,323.0,514.732,13.3
2002-05-15,322.969,502.987,12.7
2002-05-16,322.953,498.327,13.3
2002-05-17,322.948,496.241,14.8
2002-05-18,322.943,495.566,15.4
2002-05-19,323.091,552.304,14.1
2002-05-20,323.09,552.384,14.0
2002-05-21,323.067,543.629,15.9
2002-05-22,323.053,539.264,16.4
2002-05-23,323.046,536.571,15.9
2002-05-24,323.13,571.351,14.0
2002-05-25,323.125,569.217,13.9
2002-05-26,323.112,565.091,14.0
2002-05-27,323.235,616.076,14.4
2002-05-28,323.639,795.78,13.2
2002-05-29,323.39,682.249,13.1
2002-05-30,323.302,643.89,13.6
2002-05-31,323.253,625.161,14.9
2002-06-01,323.219,611.177,15.7
2002-06-02,323.193,600.539,16.1
2002-06-03,323.17,591.222,16.6
2002-06-04,323.179,593.868,16.2
2002-06-05,323.157,584.852,16.9
2002-06-06,323.176,592.784,16.1
2002-06-07,323.669,816.177,16.3
2002-06-08,323.57,762.607,13.8
2002-06-09,323.46,712.531,16.1
2002-06-10,323.865,905.695,15.5
2002-06-11,323.675,810.847,14.0
2002-06-12,323.517,736.531,15.7
2002-06-13,323.45,706.664,16.7
2002-06-14,323.417,691.981,16.4
2002-06-15,323.391,680.588,17.5
2002-06-16,323.359,665.361,17.9
2002-06-17,323.336,655.549,17.8
2002-06-18,323.323,649.662,19.3
2002-06-19,323.301,640.881,20.0
2002-06-20,323.313,644.398,20.9
2002-06-21,323.311,643.664,20.4
2002-06-22,323.284,632.623,21.0
2002-06-23,323.258,621.686,21.9
2002-06-24,323.326,649.008,22.4
2002-06-25,323.304,639.585,22.3
2002-06-26,323.25,617.367,22.9
2002-06-27,323.207,599.865,23.0
2002-06-28,323.22,603.937,22.0
2002-06-29,323.269,623.829,21.6
2002-06-30,323.189,591.072,21.9
2002-07-01,323.139,569.841,21.7
2002-07-02,323.097,552.729,20.8
2002-07-03,323.073,543.328,19.7
2002-07-04,323.058,537.02,19.6
2002-07-05,323.128,564.054,17.7
2002-07-06,323.114,558.709,19.9
2002-07-07,323.128,562.928,19.5
2002-07-08,323.085,545.932,19.9
2002-07-09,323.054,534.013,20.7
2002-07-10,323.042,529.592,20.0
2002-07-11,323.014,517.639,18.8
2002-07-12,322.991,509.167,19.7
2002-07-13,323.007,515.078,20.4
2002-07-14,323.106,552.792,19.4
2002-07-15,323.029,522.591,19.8
2002-07-16,323.033,524.292,20.5
2002-07-17,323.171,577.989,20.0
2002-07-18,323.552,741.429,18.0
2002-07-19,323.236,603.725,18.6
2002-07-20,323.144,564.794,20.0
2002-07-21,323.095,545.479,19.9
2002-07-22,323.056,530.737,19.2
2002-07-23,323.025,519.111,19.7
2002-07-24,322.986,503.232,20.2
2002-07-25,322.958,492.604,19.2
2002-07-26,322.95,489.8,18.8
2002-07-27,322.944,487.982,19.6
2002-07-28,322.919,478.871,20.5
2002-07-29,322.891,468.332,21.0
2002-07-30,322.868,460.796,21.3
2002-07-31,322.881,465.891,21.4
2002-08-01,322.881,465.769,20.4
2002-08-02,322.859,458.744,19.8
2002-08-03,322.828,447.79,20.4
2002-08-04,322.809,441.412,20.7
2002-08-05,322.859,460.605,20.6
2002-08-06,322.843,454.082,20.3
2002-08-07,322.832,450.155,20.0
2002-08-08,322.871,464.244,19.6
2002-08-09,322.859,460.819,19.9
2002-08-10,322.915,481.833,20.0
2002-08-11,323.523,742.506,18.3
2002-08-12,324.274,1111.092,15.9
2002-08-13,323.647,788.004,16.6
2002-08-14,323.588,760.94,17.9
2002-08-15,323.552,746.174,18.9
2002-08-16,323.516,730.309,19.0
2002-08-17,323.478,713.143,19.3
2002-08-18,323.439,697.177,19.6
2002-08-19,323.4,679.842,19.7
2002-08-20,323.358,661.576,20.1
2002-08-21,323.592,767.544,19.8
2002-08-22,323.425,692.585,19.0
2002-08-23,323.353,660.407,19.8
2002-08-24,323.292,635.054,19.9
2002-08-25,323.25,619.195,20.3
2002-08-26,323.217,605.313,20.8
2002-08-27,323.172,587.05,20.7
2002-08-28,323.148,578.651,19.7
2002-08-29,323.118,566.36,20.7
2002-08-30,323.093,556.097,21.2
2002-08-31,323.081,552.689,21.3
2002-09-01,323.938,957.386,19.8
2002-09-02,323.514,737.215,18.7
2002-09-03,323.226,611.491,19.4
2002-09-04,323.153,583.137,19.6
2002-09-05,323.124,571.313,19.9
2002-09-06,323.077,551.877,20.0
2002-09-07,323.028,533.136,20.1
2002-09-08,322.99,518.891,20.4
2002-09-09,322.952,504.754,20.4
2002-09-10,323.003,523.668,20.0
2002-09-11,323.001,522.902,19.1
2002-09-12,322.959,507.11,19.2
2002-09-13,322.916,491.029,19.2
2002-09-14,322.872,474.553,19.0
2002-09-15,322.835,460.84,19.0
2002-09-16,322.807,450.744,18.6
2002-09-17,322.774,439.424,18.5
2002-09-18,322.746,429.769,18.6
2002-09-19,322.752,432.143,18.7
2002-09-20,322.962,509.547,18.3
2002-09-21,323.265,630.803,17.4
2002-09-22,323.148,582.21,17.5
2002-09-23,323.513,740.65,16.0
2002-09-24,324.22,1095.66,14.1
2002-09-25,323.857,904.373,13.4
2002-09-26,323.397,685.379,14.4
2002-09-27,323.331,656.259,14.8
2002-09-28,323.263,628.182,15.0
2002-09-29,323.202,602.932,14.9
2002-09-30,323.135,575.664,14.9
2002-10-01,323.084,554.768,15.0
2002-10-02,323.044,539.879,14.9
2002-10-03,323.008,526.321,15.0
2002-10-04,322.997,522.176,15.1
2002-10-05,322.976,514.488,14.8
2002-10-06,323.007,526.665,14.7
2002-10-07,323.375,677.374,13.7
2002-10-08,323.148,581.728,13.5
2002-10-09,323.048,541.492,13.7
2002-10-10,322.996,521.847,13.5
2002-10-11,322.955,506.584,13.6
2002-10-12,322.916,492.01,13.6
2002-10-13,322.906,488.214,13.5
2002-10-14,322.926,495.458,13.5
2002-10-15,323.126,573.058,13.1
2002-10-16,323.128,573.694,13.3
2002-10-17,323.222,612.423,13.6
2002-10-18,323.516,739.391,12.5
2002-10-19,323.416,694.8,12.0
2002-10-20,323.306,646.964,11.8
2002-10-21,323.184,596.659,11.8
2002-10-22,323.139,578.232,12.3
2002-10-23,323.092,558.877,12.4
2002-10-24,323.082,554.835,11.8
2002-10-25,323.118,569.626,11.9
2002-10-26,323.176,593.037,12.1
2002-10-27,323.072,551.254,11.6
2002-10-28,322.992,520.616,11.4
2002-10-29,322.992,520.635,11.1
2002-10-30,322.961,509.417,11.1
2002-10-31,322.928,497.29,11.4
2002-11-01,322.896,484.96,11.5
2002-11-02,322.998,524.131,11.4
2002-11-03,323.606,782.371,11.1
2002-11-04,323.596,776.39,10.6
2002-11-05,323.694,822.375,10.2
2002-11-06,323.484,725.622,10.2
2002-11-07,323.359,670.304,10.1
2002-11-08,323.395,686.368,9.7
2002-11-09,323.349,665.863,9.6
2002-11-10,323.645,800.233,9.5
2002-11-11,323.641,798.032,9.9
2002-11-12,323.696,823.841,9.6
2002-11-13,323.492,729.445,9.5
2002-11-14,323.426,699.791,9.4
2002-11-15,323.428,700.861,9.5
2002-11-16,323.437,704.868,9.5
2002-11-17,323.674,813.015,9.4
2002-11-18,323.6,777.739,9.3
2002-11-19,323.691,820.859,9.3
2002-11-20,323.676,813.501,9.3
2002-11-21,323.599,776.986,9.2
2002-11-22,323.552,756.257,9.0
2002-11-23,323.543,752.169,8.8
2002-11-24,323.499,732.563,8.9
2002-11-25,323.446,708.992,8.9
2002-11-26,323.467,718.302,8.9
2002-11-27,323.52,742.56,9.0
2002-11-28,323.494,731.24,9.0
2002-11-29,323.522,743.753,8.9
2002-11-30,323.599,778.013,8.8
2002-12-01,323.527,745.1,8.6
2002-12-02,323.499,732.524,8.5
2002-12-03,323.478,723.048,8.5
2002-12-04,323.446,708.783,8.4
2002-12-05,323.41,691.706,8.4
2002-12-06,323.373,674.89,8.4
2002-12-07,323.336,658.7,8.1
2002-12-08,323.293,640.815,7.9
2002-12-09,323.232,615.04,7.6
2002-12-10,323.192,598.678,7.3
2002-12-11,323.16,585.54,7.0
2002-12-12,323.131,573.459,6.9
2002-12-13,323.102,561.799,6.9
2002-12-14,323.079,551.266,7.0
2002-12-15,323.051,540.34,6.9
2002-12-16,323.029,532.23,7.0
2002-12-17,323.414,692.825,7.2
2002-12-18,323.272,628.906,6.9
2002-12-19,323.149,578.293,6.6
2002-12-20,323.094,555.875,6.5
2002-12-21,323.079,550.02,6.7
2002-12-22,323.161,582.701,6.9
2002-12-23,323.328,652.133,7.3
2002-12-24,323.218,606.031,7.3
2002-12-25,323.128,568.926,7.2
2002-12-26,323.076,546.903,7.2
2002-12-27,323.028,528.806,7.1
2002-12-28,322.992,515.285,7.0
2002-12-29,323.075,547.018,7.1
2002-12-30,323.052,537.885,7.3
2002-12-31,323.069,543.597,7.4
2003-01-01,323.107,549.125,7.3
2003-01-02,323.146,566.224,7.5
2003-01-03,323.369,657.403,7.7
2003-01-04,323.394,668.492,7.4
2003-01-05,323.363,654.095,6.8
2003-01-06,323.214,592.59,6.3
2003-01-07,323.129,558.37,6.1
2003-01-08,323.079,538.257,5.8
2003-01-09,323.037,521.744,5.4
2003-01-10,323.002,509.046,5.1
2003-01-11,322.987,503.35,4.9
2003-01-12,322.942,486.66,4.5
2003-01-13,322.893,468.543,4.2
2003-01-14,322.878,463.104,4.5
2003-01-15,322.871,460.461,4.9
2003-01-16,322.842,449.562,4.6
2003-01-17,322.819,441.379,4.7
2003-01-18,322.793,432.697,4.5
2003-01-19,322.76,420.948,4.4
2003-01-20,322.731,410.962,4.4
2003-01-21,322.71,403.749,4.5
2003-01-22,322.689,396.907,4.5
2003-01-23,322.69,397.048,4.6
2003-01-24,322.733,411.54,4.7
2003-01-25,322.735,412.441,4.6
2003-01-26,322.696,399.119,4.5
2003-01-27,322.683,394.733,4.5
2003-01-28,322.773,426.174,4.8
2003-01-29,322.935,483.538,4.6
2003-01-30,322.781,428.12,4.3
2003-01-31,322.748,416.691,4.2
2003-02-01,322.718,406.724,3.9
2003-02-02,322.688,396.259,3.8
2003-02-03,322.71,403.929,4.2
2003-02-04,322.848,451.297,4.3
2003-02-05,322.781,427.821,4.0
2003-02-06,322.743,415.217,4.1
2003-02-07,322.726,408.469,4.0
2003-02-08,322.713,404.209,4.2
2003-02-09,322.691,396.723,4.3
2003-02-10,322.668,389.057,4.3
2003-02-11,322.647,381.861,4.3
2003-02-12,322.631,376.353,3.9
2003-02-13,322.616,371.525,3.5
2003-02-14,322.599,366.254,3.5
2003-02-15,322.581,361.124,3.3
2003-02-16,322.571,357.918,3.2
2003-02-17,322.549,351.315,3.0
2003-02-18,322.523,343.032,2.9
2003-02-19,322.507,338.106,2.7
2003-02-20,322.498,335.177,2.7
2003-02-21,322.491,333.048,2.6
2003-02-22,322.485,331.329,2.9
2003-02-23,322.47,327.428,3.0
2003-02-24,322.458,323.695,3.2
2003-02-25,322.451,321.434,3.2
2003-02-26,322.454,322.476,3.3
2003-02-27,322.464,325.603,3.6
2003-02-28,322.468,326.975,3.8
2003-03-01,322.492,334.422,4.1
2003-03-02,322.679,394.829,4.6
2003-03-03,322.816,441.994,4.6
2003-03-04,322.666,390.649,4.3
2003-03-05,322.596,367.387,4.7
2003-03-06,322.612,372.496,5.0
2003-03-07,322.758,421.888,5.0
2003-03-08,322.669,391.804,5.0
2003-03-09,322.604,370.119,4.9
2003-03-10,322.579,362.073,5.1
2003-03-11,322.586,365.309,5.6
2003-03-12,322.64,383.061,5.8
2003-03-13,322.778,430.261,5.7
2003-03-14,322.658,389.003,5.6
2003-03-15,322.609,372.558,5.5
2003-03-16,322.568,359.488,5.3
2003-03-17,322.528,347.249,5.4
2003-03-18,322.516,343.38,5.8
2003-03-19,322.504,340.405,6.0
2003-03-20,322.496,337.907,6.2
2003-03-21,322.496,337.769,6.4
2003-03-22,322.487,334.933,6.5
2003-03-23,322.468,328.932,6.6
2003-03-24,322.459,326.225,6.8
2003-03-25,322.457,325.662,7.1
2003-03-26,322.462,327.083,7.3
2003-03-27,322.46,326.613,7.4
2003-03-28,322.462,328.052,7.8
2003-03-29,322.473,331.548,7.9
2003-03-30,322.49,336.868,8.6
2003-03-31,322.534,350.861,8.9
2003-04-01,322.548,355.116,8.6
2003-04-02,322.58,366.316,9.2
2003-04-03,322.635,383.205,7.1
2003-04-04,322.563,360.287,6.2
2003-04-05,322.539,352.65,7.0
2003-04-06,322.539,352.774,8.1
2003-04-07,322.519,346.474,7.7
2003-04-08,322.488,336.717,7.7
2003-04-09,322.472,331.931,7.9
2003-04-10,322.488,336.874,7.8
2003-04-11,322.477,334.467,7.5
2003-04-12,322.465,330.582,7.8
2003-04-13,322.454,327.088,8.0
2003-04-14,322.456,327.835,8.5
2003-04-15,322.468,331.541,9.5
2003-04-16,322.466,330.939,10.2
2003-04-17,322.463,329.813,10.7
2003-04-18,322.453,327.834,10.9
2003-04-19,322.445,325.195,11.1
2003-04-20,322.425,319.097,10.9
2003-04-21,322.421,317.916,10.9
2003-04-22,322.45,326.82,10.8
2003-04-23,322.437,322.705,10.4
2003-04-24,322.426,319.195,11.2
2003-04-25,322.426,320.169,12.2
2003-04-26,322.421,318.763,12.5
2003-04-27,322.457,329.846,12.3
2003-04-28,322.475,335.603,10.5
2003-04-29,322.462,331.524,9.9
2003-04-30,322.468,333.387,11.8
2003-05-01,322.512,347.053,11.4
2003-05-02,322.533,354.667,10.9
2003-05-03,322.585,371.338,11.3
2003-05-04,322.61,379.194,12.3
2003-05-05,322.585,370.892,12.1
2003-05-06,322.585,370.974,13.9
2003-05-07,322.611,379.633,14.2
2003-05-08,322.645,391.15,15.5
2003-05-09,322.715,415.649,15.6
2003-05-10,322.707,412.946,13.2
2003-05-11,322.74,424.279,14.4
2003-05-12,322.78,437.694,16.1
2003-05-13,322.789,440.935,15.4
2003-05-14,322.845,461.18,14.0
2003-05-15,322.864,468.321,13.0
2003-05-16,322.834,458.093,13.6
2003-05-17,322.793,443.335,15.3
2003-05-18,322.77,435.259,14.5
2003-05-19,322.754,430.036,14.4
2003-05-20,322.846,462.59,14.2
2003-05-21,322.97,508.427,12.8
2003-05-22,322.947,500.213,12.1
2003-05-23,323.069,548.531,13.1
2003-05-24,322.964,507.316,14.4
2003-05-25,322.892,480.896,15.1
2003-05-26,322.871,472.84,13.4
2003-05-27,322.85,465.368,14.0
2003-05-28,322.889,479.654,14.7
2003-05-29,322.931,495.202,15.3
2003-05-30,322.951,503.693,15.9
2003-05-31,322.918,491.376,15.9
2003-06-01,322.919,491.814,16.1
2003-06-02,322.908,487.177,17.0
2003-06-03,323.01,525.737,17.1
2003-06-04,322.961,506.604,18.0
2003-06-05,322.937,497.766,18.9
2003-06-06,322.994,518.027,19.0
2003-06-07,322.95,501.31,19.6
2003-06-08,322.941,498.087,21.0
2003-06-09,322.947,499.09,20.4
2003-06-10,322.944,497.971,20.6
2003-06-11,322.911,485.869,22.1
2003-06-12,322.902,482.629,22.4
2003-06-13,322.951,499.783,23.0
2003-06-14,322.952,499.908,22.5
2003-06-15,322.913,485.525,23.5
2003-06-16,322.901,479.941,24.0
2003-06-17,322.883,473.429,24.2
2003-06-18,322.852,462.044,24.1
2003-06-19,322.87,468.525,21.7
2003-06-20,322.828,451.966,22.8
2003-06-21,322.806,444.135,21.4
2003-06-22,322.794,439.92,22.3
2003-06-23,322.766,429.334,23.4
2003-06-24,322.74,420.524,22.4
2003-06-25,322.738,419.654,21.9
2003-06-26,322.737,419.581,22.9
2003-06-27,322.743,420.484,23.1
2003-06-28,322.73,415.916,23.2
2003-06-29,322.712,410.118,23.6
2003-06-30,322.692,402.094,23.9
2003-07-01,322.729,414.564,23.6
2003-07-02,322.694,402.705,21.6
2003-07-03,322.685,399.862,20.9
2003-07-04,322.701,404.053,20.3
2003-07-05,322.699,403.636,19.6
2003-07-06,322.683,397.986,19.9
2003-07-07,322.659,389.053,21.2
2003-07-08,322.637,381.463,21.9
2003-07-09,322.62,375.895,22.0
2003-07-10,322.606,371.361,22.4
2003-07-11,322.592,365.928,22.9
2003-07-12,322.57,358.919,23.1
2003-07-13,322.552,353.44,23.1
2003-07-14,322.528,344.979,23.5
2003-07-15,322.505,337.69,23.9
2003-07-16,322.487,332.207,24.2
2003-07-17,322.537,347.922,23.9
2003-07-18,322.556,352.781,23.0
2003-07-19,322.498,334.732,23.0
2003-07-20,322.481,329.357,24.1
2003-07-21,322.473,326.686,24.5
2003-07-22,322.448,318.899,24.3
2003-07-23,322.535,346.182,24.0
2003-07-24,322.538,346.454,23.8
2003-07-25,322.559,353.194,23.3
2003-07-26,322.503,335.571,23.2
2003-07-27,322.478,327.807,23.9
2003-07-28,322.608,369.461,23.4
2003-07-29,322.541,347.332,22.3
2003-07-30,322.488,330.974,22.8
2003-07-31,322.511,337.47,23.2
2003-08-01,322.525,341.403,23.1
2003-08-02,322.458,320.614,23.4
2003-08-03,322.43,311.967,24.3
2003-08-04,322.409,305.492,24.6
2003-08-05,322.389,299.536,24.9
2003-08-06,322.38,296.637,25.2
2003-08-07,322.371,293.533,25.4
2003-08-08,322.363,291.107,25.6
2003-08-09,322.347,286.43,26.0
2003-08-10,322.337,283.439,26.1
2003-08-11,322.318,277.966,26.1
2003-08-12,322.296,271.676,25.8
2003-08-13,322.288,269.253,25.9
2003-08-14,322.28,265.863,26.0
2003-08-15,322.284,267.273,25.4
2003-08-16,322.264,261.174,24.9
2003-08-17,322.253,258.213,24.9
2003-08-18,322.281,266.317,25.4
2003-08-19,322.251,257.715,24.8
2003-08-20,322.223,249.681,24.5
2003-08-21,322.212,245.713,24.7
2003-08-22,322.203,243.232,24.8
2003-08-23,322.191,239.984,24.8
2003-08-24,322.172,234.891,24.5
2003-08-25,322.161,231.331,24.5
2003-08-26,322.138,225.416,24.5
2003-08-27,322.117,219.825,24.4
2003-08-28,322.115,219.397,24.2
2003-08-29,322.124,221.674,23.7
2003-08-30,322.124,220.921,23.2
2003-08-31,322.257,257.585,22.3
2003-09-01,322.27,260.829,21.2
2003-09-02,322.191,238.713,20.5
2003-09-03,322.176,234.631,20.7
2003-09-04,322.15,226.841,20.8
2003-09-05,322.135,222.807,20.9
2003-09-06,322.123,219.846,21.0
2003-09-07,322.116,217.93,21.1
2003-09-08,322.131,221.852,20.9
2003-09-09,322.109,215.211,20.8
2003-09-10,322.091,210.818,20.2
2003-09-11,322.111,215.935,19.9
2003-09-12,322.202,240.468,19.4
2003-09-13,322.131,221.056,18.5
2003-09-14,322.114,215.793,18.7
2003-09-15,322.096,211.129,18.8
2003-09-16,322.08,207.31,18.8
2003-09-17,322.066,203.888,18.9
2003-09-18,322.058,201.976,19.0
2003-09-19,322.048,198.726,19.2
2003-09-20,322.042,197.176,19.2
2003-09-21,322.032,194.864,19.4
2003-09-22,322.026,193.472,19.5
2003-09-23,322.018,191.546,19.4
2003-09-24,322.096,210.232,18.9
2003-09-25,322.082,206.266,17.6
2003-09-26,322.035,194.833,17.2
2003-09-27,322.029,193.297,17.8
2003-09-28,322.02,191.157,18.1
2003-09-29,322.036,194.233,18.0
2003-09-30,322.051,197.969,17.6
2003-10-01,322.031,193.177,17.0
2003-10-02,322.016,189.582,16.9
2003-10-03,322.065,201.426,17.2
2003-10-04,322.139,220.871,17.5
2003-10-05,322.557,348.074,16.4
2003-10-06,322.555,349.921,13.6
2003-10-07,322.531,348.052,13.6
2003-10-08,322.894,474.875,11.9
2003-10-09,322.89,483.548,11.3
2003-10-10,322.98,516.676,11.6
2003-10-11,322.729,423.874,12.7
2003-10-12,322.665,402.278,13.0
2003-10-13,322.628,389.524,13.3
2003-10-14,322.599,379.694,13.5
2003-10-15,322.581,373.745,13.1
2003-10-16,322.558,366.649,12.8
2003-10-17,322.543,361.921,12.4
2003-10-18,322.515,353.211,12.1
2003-10-19,322.493,346.186,11.7
2003-10-20,322.472,339.513,11.6
2003-10-21,322.475,340.637,11.6
2003-10-22,322.483,343.144,11.2
2003-10-23,322.472,339.6,10.8
2003-10-24,322.475,340.534,10.5
2003-10-25,322.457,335.096,10.0
2003-10-26,322.439,329.471,9.8
2003-10-27,322.428,325.798,9.8
2003-10-28,322.408,319.58,9.6
2003-10-29,322.399,316.734,9.5
2003-10-30,322.412,321.341,9.6
2003-10-31,322.415,322.271,9.5
2003-11-01,322.496,348.834,9.5
2003-11-02,322.579,374.161,9.4
2003-11-03,322.475,340.36,9.5
2003-11-04,322.434,327.59,9.4
2003-11-05,322.409,319.651,9.3
2003-11-06,322.385,312.156,9.2
2003-11-07,322.366,305.505,9.0
2003-11-08,322.344,298.807,8.8
2003-11-09,322.326,293.695,8.7
2003-11-10,322.304,286.982,8.7
2003-11-11,322.284,280.277,8.8
2003-11-12,322.269,275.931,8.8
2003-11-13,322.368,305.886,9.0
2003-11-14,322.534,357.393,9.0
2003-11-15,322.4,314.336,8.9
2003-11-16,322.353,300.024,8.9
2003-11-17,322.368,304.751,8.9
2003-11-18,322.413,318.536,8.8
2003-11-19,322.353,299.967,8.5
2003-11-20,322.327,291.614,8.7
2003-11-21,322.307,285.548,8.7
2003-11-22,322.293,281.504,8.5
2003-11-23,322.269,274.484,8.4
2003-11-24,322.249,267.633,8.4
2003-11-25,322.236,263.993,8.4
2003-11-26,322.225,260.853,8.5
2003-11-27,322.219,259.022,8.7
2003-11-28,322.313,286.149,8.5
2003-11-29,322.457,329.513,8.0
2003-11-30,322.39,308.82,7.9
2003-12-01,322.359,299.53,8.0
2003-12-02,322.419,316.865,7.9
2003-12-03,322.375,303.232,7.7
2003-12-04,322.336,291.748,7.6
2003-12-05,322.31,284.048,7.7
2003-12-06,322.292,278.114,7.7
2003-12-07,322.284,275.699,7.4
2003-12-08,322.248,265.127,6.8
2003-12-09,322.232,260.519,6.5
2003-12-10,322.218,256.388,6.5
2003-12-11,322.211,253.461,6.4
2003-12-12,322.201,250.707,6.4
2003-12-13,322.196,249.373,6.8
2003-12-14,322.21,253.24,7.1
2003-12-15,322.263,268.812,7.2
2003-12-16,322.238,261.263,6.5
2003-12-17,322.213,253.462,6.0
2003-12-18,322.201,250.061,5.8
2003-12-19,322.189,246.605,5.8
2003-12-20,322.173,242.26,5.9
2003-12-21,322.261,267.451,6.2
2003-12-22,322.36,296.57,6.2
2003-12-23,322.274,271.343,5.5
2003-12-24,322.221,255.167,4.8
2003-12-25,322.178,243.195,4.4
2003-12-26,322.17,241.146,4.3
2003-12-27,322.157,237.483,4.4
2003-12-28,322.145,234.424,4.7
2003-12-29,322.145,234.311,4.9
2003-12-30,322.144,234.126,5.0
2003-12-31,322.123,227.649,4.9
2004-01-01,322.108,225.502,5.0
2004-01-02,322.095,222.072,4.9
2004-01-03,322.076,216.839,4.63
2004-01-04,322.054,211.164,4.21
2004-01-05,322.044,208.518,3.97
2004-01-06,322.039,207.16,4.05
2004-01-07,322.04,207.644,4.43
2004-01-08,322.053,211.192,4.68
2004-01-09,322.26,270.788,4.83
2004-01-10,322.559,365.75,4.93
2004-01-11,322.379,307.223,4.98
2004-01-12,322.803,454.981,5.55
2004-01-13,323.277,639.741,6.07
2004-01-14,323.767,860.784,6.56
2004-01-15,322.952,506.24,5.74
2004-01-16,322.767,437.645,5.08
2004-01-17,323.004,525.933,5.1
2004-01-18,322.929,496.8,5.32
2004-01-19,322.787,444.172,5.01
2004-01-20,322.758,433.842,4.74
2004-01-21,322.787,443.862,4.81
2004-01-22,322.703,414.008,4.73
2004-01-23,322.652,395.962,4.44
2004-01-24,322.612,382.146,4.17
2004-01-25,322.579,370.853,4.23
2004-01-26,322.551,361.395,4.44
2004-01-27,322.533,355.286,4.13
2004-01-28,322.51,347.208,4.02
2004-01-29,322.489,340.248,4.04
2004-01-30,322.468,333.479,3.8
2004-01-31,322.46,330.383,3.68
2004-02-01,322.489,339.865,4.16
2004-02-02,322.549,359.534,4.7
2004-02-03,322.551,359.857,4.63
2004-02-04,322.53,352.751,4.59
2004-02-05,322.508,345.178,4.38
2004-02-06,322.505,344.126,4.45
2004-02-07,322.567,365.207,4.74
2004-02-08,322.738,423.619,4.96
2004-02-09,322.591,372.138,4.49
2004-02-10,322.529,351.208,4.19
2004-02-11,322.5,341.479,4.11
2004-02-12,322.495,339.728,4.2
2004-02-13,322.488,337.369,4.47
2004-02-14,322.483,335.459,4.64
2004-02-15,322.473,332.209,4.91
2004-02-16,322.449,324.401,5.02
2004-02-17,322.433,319.063,4.94
2004-02-18,322.416,313.445,4.77
2004-02-19,322.418,313.945,4.66
2004-02-20,322.394,306.108,4.34
2004-02-21,322.374,299.677,4.33
2004-02-22,322.404,308.999,4.56
2004-02-23,322.502,340.28,4.61
2004-02-24,322.435,318.621,4.22
2004-02-25,322.397,306.373,4.03
2004-02-26,322.376,299.4,4.06
2004-02-27,322.364,295.574,4.19
2004-02-28,322.349,290.736,4.06
2004-03-01,322.321,281.799,4.14
2004-03-02,322.303,276.286,3.92
2004-03-03,322.299,275.02,4.08
2004-03-04,322.3,274.971,4.25
2004-03-05,322.302,275.577,4.42
2004-03-06,322.326,282.653,4.58
2004-03-07,322.367,294.985,4.76
2004-03-08,322.355,291.304,4.79
2004-03-09,322.338,285.769,4.68
2004-03-10,322.319,279.926,4.53
2004-03-11,322.313,277.773,4.46
2004-03-12,322.312,277.44,4.49
2004-03-13,322.308,276.417,4.82
2004-03-14,322.34,286.448,5.35
2004-03-15,322.387,301.427,5.66
2004-03-16,322.414,309.98,5.81
2004-03-17,322.422,312.933,6.12
2004-03-18,322.438,318.31,6.37
2004-03-19,322.452,323.084,6.74
2004-03-20,322.467,328.311,7.12
2004-03-21,322.501,339.62,7.01
2004-03-22,322.525,347.881,6.76
2004-03-23,322.464,328.324,6.44
2004-03-24,322.53,350.297,5.88
2004-03-25,322.604,375.269,5.63
2004-03-26,322.571,364.634,5.62
2004-03-27,322.528,350.558,5.79
2004-03-28,322.503,342.958,5.99
2004-03-29,322.515,347.082,6.56
2004-03-30,322.564,363.628,7.1
2004-03-31,322.628,385.794,7.49
2004-04-01,322.7,411.078,7.76
2004-04-02,322.7,411.309,8.06
2004-04-03,322.665,399.599,8.33
2004-04-04,322.592,374.845,7.49
2004-04-05,322.612,382.619,7.22
2004-04-06,322.62,385.253,7.28
2004-04-07,322.661,399.581,6.91
2004-04-08,322.619,385.414,6.97
2004-04-09,322.612,383.692,6.99
2004-04-10,322.596,378.355,7.18
2004-04-11,322.64,393.839,7.23
2004-04-12,322.646,396.327,7.65
2004-04-13,322.577,373.348,7.93
2004-04-14,322.528,357.149,7.94
2004-04-15,322.508,350.318,8.35
2004-04-16,322.511,351.594,8.88
2004-04-17,322.507,350.15,9.46
2004-04-18,322.496,346.589,9.91
2004-04-19,322.524,355.808,9.25
2004-04-20,322.503,348.784,8.41
2004-04-21,322.476,339.971,8.72
2004-04-22,322.488,343.981,9.68
2004-04-23,322.516,353.492,10.8
2004-04-24,322.714,421.772,10.79
2004-04-25,322.604,382.82,10.74
2004-04-26,322.547,363.809,11.26
2004-04-27,322.527,356.947,11.95
2004-04-28,322.53,358.099,12.38
2004-04-29,322.539,361.241,12.56
2004-04-30,322.555,366.416,12.74
2004-05-01,322.551,365.289,12.22
2004-05-02,322.543,362.647,11.6
2004-05-03,322.552,365.521,10.89
2004-05-04,322.549,364.71,12.88
2004-05-05,322.597,380.977,12.88
2004-05-06,322.737,429.729,11.03
2004-05-07,322.851,470.562,10.04
2004-05-08,322.792,449.194,9.41
2004-05-09,322.91,493.96,8.48
2004-05-10,322.997,525.932,8.61
2004-05-11,322.843,468.027,10.02
2004-05-12,322.797,451.272,11.49
2004-05-13,322.823,460.63,12.15
2004-05-14,322.791,448.968,12.11
2004-05-15,322.745,432.657,12.94
2004-05-16,322.723,424.819,13.13
2004-05-17,322.699,416.49,12.85
2004-05-18,322.693,414.311,13.96
2004-05-19,322.696,415.267,13.99
2004-05-20,322.708,419.64,13.85
2004-05-21,322.771,442.221,14.31
2004-05-22,322.947,507.25,13.83
2004-05-23,322.9,489.555,13.85
2004-05-24,322.831,464.056,14.23
2004-05-25,322.805,454.539,15.37
2004-05-26,322.789,448.75,15.61
2004-05-27,322.791,449.573,15.46
2004-05-28,322.845,468.996,15.42
2004-05-29,322.835,465.537,16.06
2004-05-30,322.8,452.887,16.79
2004-05-31,322.814,457.629,16.89
2004-06-01,322.866,476.974,15.75
2004-06-02,322.937,503.96,15.71
2004-06-03,323.553,763.168,14.9
2004-06-04,323.877,913.805,12.97
2004-06-05,323.447,710.965,14.45
2004-06-06,323.46,716.71,14.74
2004-06-07,323.318,655.323,16.29
2004-06-08,323.252,627.962,16.79
2004-06-09,323.218,613.623,17.21
2004-06-10,323.204,608.134,17.55
2004-06-11,323.207,609.054,17.62
2004-06-12,323.264,632.886,17.21
2004-06-13,323.368,676.642,16.46
2004-06-14,323.314,653.623,17.75
2004-06-15,323.266,633.588,18.43
2004-06-16,323.251,627.155,17.63
2004-06-17,323.23,618.708,17.5
2004-06-18,323.195,604.463,17.33
2004-06-19,323.187,601.201,16.46
2004-06-20,323.218,613.761,16.87
2004-06-21,323.201,606.799,17.28
2004-06-22,323.177,596.973,16.85
2004-06-23,323.147,584.924,16.9
2004-06-24,323.139,581.48,16.13
2004-06-25,323.132,578.782,15.35
2004-06-26,323.119,573.785,16.64
2004-06-27,323.101,566.36,17.72
2004-06-28,323.094,563.814,17.74
2004-06-29,323.101,566.512,17.63
2004-06-30,323.093,562.988,17.86
2004-07-01,323.075,555.711,18.71
2004-07-02,323.076,556.148,16.86
2004-07-03,323.075,555.304,16.87
2004-07-04,323.056,547.675,16.94
2004-07-05,323.034,539.068,18.12
2004-07-06,323.053,546.209,17.7
2004-07-07,323.129,576.129,18.27
2004-07-08,323.104,566.041,18.67
2004-07-09,323.26,629.681,18.3
2004-07-10,323.24,620.193,16.95
2004-07-11,323.221,612.239,17.01
2004-07-12,323.223,612.829,17.0
2004-07-13,323.243,620.793,16.67
2004-07-14,323.274,633.515,17.06
2004-07-15,323.211,607.577,17.63
2004-07-16,323.176,593.124,17.66
2004-07-17,323.147,581.006,18.72
2004-07-18,323.248,622.638,18.95
2004-07-19,323.144,579.403,18.87
2004-07-20,323.094,559.628,19.32
2004-07-21,323.074,551.361,19.2
2004-07-22,323.145,579.191,20.12
2004-07-23,323.086,555.701,20.7
2004-07-24,323.294,644.312,20.71
2004-07-25,323.453,708.541,19.21
2004-07-26,323.196,599.052,20.36
2004-07-27,323.138,575.523,20.06
2004-07-28,323.106,562.387,21.02
2004-07-29,323.07,548.258,21.48
2004-07-30,323.031,532.69,21.7
2004-07-31,322.998,520.026,21.68
2004-08-01,322.968,508.415,22.01
2004-08-02,322.936,496.032,22.38
2004-08-03,322.907,485.173,22.89
2004-08-04,322.879,474.564,23.05
2004-08-05,322.874,472.618,23.03
2004-08-06,322.918,488.817,23.23
2004-08-07,322.859,466.54,22.58
2004-08-08,322.862,467.682,23.12
2004-08-09,322.821,452.42,23.71
2004-08-10,322.782,438.138,23.76
2004-08-11,322.76,430.253,23.98
2004-08-12,322.741,423.317,24.01
2004-08-13,322.789,440.186,23.28
2004-08-14,322.746,424.682,21.54
2004-08-15,322.726,417.356,20.2
2004-08-16,322.726,417.307,20.97
2004-08-17,322.715,413.157,21.55
2004-08-18,322.694,405.775,21.46
2004-08-19,322.687,403.234,21.9
2004-08-20,322.699,407.001,21.11
2004-08-21,322.726,416.313,20.63
2004-08-22,322.775,433.414,19.33
2004-08-23,322.775,433.42,19.31
2004-08-24,322.775,433.181,20.42
2004-08-25,322.758,427.022,19.96
2004-08-26,322.763,428.532,19.14
2004-08-27,322.928,488.488,18.01
2004-08-28,322.854,461.339,18.17
2004-08-29,322.818,448.635,18.91
2004-08-30,322.799,441.874,18.91
2004-08-31,322.78,435.637,18.59
2004-09-01,322.791,439.592,18.29
2004-09-02,322.761,428.978,19.09
2004-09-03,322.742,422.539,19.6
2004-09-04,322.724,416.582,19.85
2004-09-05,322.711,412.081,19.89
2004-09-06,322.683,402.759,20.14
2004-09-07,322.661,395.376,20.46
2004-09-08,322.646,390.441,20.18
2004-09-09,322.632,385.854,20.22
2004-09-10,322.612,379.376,20.32
2004-09-11,322.594,373.521,20.52
2004-09-12,322.59,372.24,20.45
2004-09-13,322.598,375.371,19.22
2004-09-14,322.593,373.778,18.63
2004-09-15,322.569,365.775,19.0
2004-09-16,322.559,362.879,18.67
2004-09-17,322.563,364.353,18.41
2004-09-18,322.528,352.969,18.7
2004-09-19,322.535,355.445,18.78
2004-09-20,322.476,336.12,18.61
2004-09-21,322.434,322.863,18.31
2004-09-22,322.407,314.603,17.29
2004-09-23,322.381,306.675,16.11
2004-09-24,322.706,419.181,15.8
2004-09-25,322.803,449.664,14.41
2004-09-26,322.911,489.439,14.36
2004-09-27,322.795,447.218,14.29
2004-09-28,322.717,419.467,14.83
2004-09-29,322.666,401.815,15.33
2004-09-30,322.647,395.409,15.39
2004-10-01,322.622,386.383,15.29
2004-10-02,322.597,377.805,15.79
2004-10-03,322.586,373.912,15.28
2004-10-04,322.566,366.775,15.42
2004-10-05,322.543,358.85,15.68
2004-10-06,322.525,352.839,15.9
2004-10-07,322.51,347.552,15.78
2004-10-08,322.497,342.987,15.63
2004-10-09,322.645,392.887,15.96
2004-10-10,322.727,420.646,15.38
2004-10-11,322.807,449.097,14.62
2004-10-12,322.646,392.007,14.38
2004-10-13,322.595,374.429,14.47
2004-10-14,322.566,364.432,14.53
2004-10-15,322.561,362.444,14.59
2004-10-16,322.602,376.015,14.07
2004-10-17,322.624,382.95,13.54
2004-10-18,322.594,372.568,13.12
2004-10-19,322.579,367.387,12.89
2004-10-20,322.705,410.655,13.03
2004-10-21,322.789,440.184,13.35
2004-10-22,322.742,422.991,13.55
2004-10-23,322.647,389.36,13.52
2004-10-24,322.6,373.135,13.75
2004-10-25,322.567,361.771,13.73
2004-10-26,322.586,368.146,13.65
2004-10-27,322.769,431.067,13.16
2004-10-28,322.673,397.175,12.92
2004-10-29,322.618,378.052,13.11
2004-10-30,322.593,369.242,13.12
2004-10-31,322.564,359.356,13.04
2004-11-01,322.541,351.389,12.93
2004-11-02,322.516,343.144,12.97
2004-11-03,322.51,340.78,13.01
2004-11-04,322.497,336.31,13.1
2004-11-05,322.497,336.21,13.14
2004-11-06,322.493,334.554,12.88
2004-11-07,322.495,335.104,12.42
2004-11-08,322.489,332.767,12.05
2004-11-09,322.493,333.965,11.62
2004-11-10,322.476,328.257,11.17
2004-11-11,322.466,324.521,11.04
2004-11-12,322.452,319.798,11.04
2004-11-13,322.435,314.17,10.85
2004-11-14,322.434,313.862,10.58
2004-11-15,322.418,308.478,10.02
2004-11-16,322.397,301.636,9.53
2004-11-17,322.384,297.38,9.5
2004-11-18,322.365,291.471,9.63
2004-11-19,322.366,291.658,9.6
2004-11-20,322.417,307.674,8.98
2004-11-21,322.378,295.577,8.23
2004-11-22,322.356,288.627,8.34
2004-11-23,322.387,298.297,8.9
2004-11-24,322.41,305.535,8.99
2004-11-25,322.398,301.725,8.58
2004-11-26,322.369,292.71,8.17
2004-11-27,322.357,289.17,8.18
2004-11-28,322.345,285.439,8.28
2004-11-29,322.337,283.033,8.09
2004-11-30,322.319,277.438,7.95
2004-12-01,322.309,274.558,7.81
2004-12-02,322.3,271.796,7.67
2004-12-03,322.293,269.658,7.63
2004-12-04,322.284,266.886,7.69
2004-12-05,322.274,264.071,7.63
2004-12-06,322.262,260.618,7.51
2004-12-07,322.244,255.33,7.37
2004-12-08,322.238,253.604,7.16
2004-12-09,322.233,251.962,6.87
2004-12-10,322.224,249.414,6.75
2004-12-11,322.22,248.137,6.7
2004-12-12,322.214,246.416,6.59
2004-12-13,322.201,242.865,6.42
2004-12-14,322.193,240.386,6.33
2004-12-15,322.186,238.387,6.2
2004-12-16,322.185,238.143,6.06
2004-12-17,322.18,236.894,6.05
2004-12-18,322.167,233.124,6.14
2004-12-19,322.251,257.605,5.95
2004-12-20,322.33,281.193,5.37
2004-12-21,322.243,255.175,4.76
2004-12-22,322.206,244.434,4.8
2004-12-23,322.193,240.642,4.99
2004-12-24,322.271,263.471,5.44
2004-12-25,322.313,276.017,5.76
2004-12-26,322.281,266.292,5.55
2004-12-27,322.271,263.295,5.47
2004-12-28,322.249,256.897,5.33
2004-12-29,322.226,250.206,5.28
2004-12-30,322.21,245.525,5.21
2004-12-31,322.191,239.961,5.03
2005-01-01,322.185,238.941,4.93
2005-01-02,322.229,252.895,5.27
2005-01-03,322.392,305.274,5.3
2005-01-04,322.281,269.213,4.95
2005-01-05,322.231,253.303,4.69
2005-01-06,322.243,257.423,4.76
2005-01-07,322.391,304.791,5.22
2005-01-08,322.274,266.929,4.92
2005-01-09,322.227,252.247,4.86
2005-01-10,322.211,247.114,5.22
2005-01-11,322.198,243.142,5.0
2005-01-12,322.176,236.26,4.7
2005-01-13,322.171,234.589,4.87
2005-01-14,322.175,235.891,4.97
2005-01-15,322.152,228.866,4.52
2005-01-16,322.14,225.051,4.21
2005-01-17,322.128,221.289,4.17
2005-01-18,322.139,224.785,4.2
2005-01-19,322.142,225.651,4.18
2005-01-20,322.122,219.689,4.29
2005-01-21,322.443,325.872,4.7
2005-01-22,322.485,336.324,4.87
2005-01-23,322.312,279.331,4.49
2005-01-24,322.263,263.564,4.21
2005-01-25,322.235,254.533,3.97
2005-01-26,322.22,249.97,3.66
2005-01-27,322.21,246.909,3.24
2005-01-28,322.199,243.494,2.9
2005-01-29,322.194,241.697,2.86
2005-01-30,322.185,238.919,2.65
2005-01-31,322.173,235.192,2.56
2005-02-01,322.172,234.829,3.05
2005-02-02,322.173,235.159,3.37
2005-02-03,322.175,235.998,3.45
2005-02-04,322.184,238.826,3.55
2005-02-05,322.18,237.485,3.67
2005-02-06,322.179,237.045,3.58
2005-02-07,322.167,233.397,3.51
2005-02-08,322.155,229.612,3.48
2005-02-09,322.159,231.066,3.24
2005-02-10,322.151,228.477,3.32
2005-02-11,322.164,232.599,3.46
2005-02-12,322.42,315.998,4.05
2005-02-13,323.131,570.8,4.43
2005-02-14,322.633,386.431,3.8
2005-02-15,322.516,346.192,3.6
2005-02-16,322.477,333.27,3.54
2005-02-17,322.456,326.174,3.47
2005-02-18,322.442,321.699,3.48
2005-02-19,322.426,316.365,3.4
2005-02-20,322.415,312.64,3.4
2005-02-21,322.402,308.291,3.62
2005-02-22,322.387,303.426,3.55
2005-02-23,322.378,300.397,3.57
2005-02-24,322.365,296.425,3.58
2005-02-25,322.364,295.926,3.52
2005-02-26,322.356,293.213,3.44
2005-02-27,322.345,289.664,3.38
2005-02-28,322.324,283.159,2.91
2005-03-01,322.299,275.077,2.49
2005-03-02,322.298,274.702,2.51
2005-03-03,322.299,274.917,2.81
2005-03-04,322.3,275.371,3.14
2005-03-05,322.295,273.68,3.41
2005-03-06,322.287,271.106,3.45
2005-03-07,322.266,264.583,3.3
2005-03-08,322.256,261.183,3.13
2005-03-09,322.249,259.111,3.48
2005-03-10,322.259,262.225,3.75
2005-03-11,322.262,263.207,3.78
2005-03-12,322.246,258.075,3.74
2005-03-13,322.272,266.274,3.74
2005-03-14,322.277,267.968,3.93
2005-03-15,322.307,277.454,4.46
2005-03-16,322.471,331.211,5.09
2005-03-17,322.518,346.824,5.25
2005-03-18,322.631,385.554,5.7
2005-03-19,322.669,398.764,6.14
2005-03-20,322.727,418.921,6.56
2005-03-21,322.672,399.573,6.47
2005-03-22,322.632,385.698,6.36
2005-03-23,322.641,389.027,6.61
2005-03-24,322.677,401.567,7.29
2005-03-25,322.859,466.59,7.73
2005-03-26,322.779,437.506,7.38
2005-03-27,322.728,419.46,7.2
2005-03-28,322.736,422.097,7.77
2005-03-29,322.714,414.269,7.36
2005-03-30,322.823,453.822,7.77
2005-03-31,322.891,478.053,7.84
2005-04-01,322.796,443.601,6.83
2005-04-02,322.771,434.571,8.2
2005-04-03,322.738,423.061,9.13
2005-04-04,322.712,413.66,9.07
2005-04-05,322.692,406.514,9.11
2005-04-06,322.678,401.895,8.95
2005-04-07,322.695,407.771,8.5
2005-04-08,322.842,460.446,7.65
2005-04-09,322.905,483.324,6.47
2005-04-10,322.908,484.254,7.11
2005-04-11,322.854,464.599,8.34
2005-04-12,322.808,447.919,9.01
2005-04-13,322.78,437.863,8.92
2005-04-14,322.763,431.641,9.3
2005-04-15,322.739,423.329,9.55
2005-04-16,322.711,413.504,9.86
2005-04-17,322.789,440.983,9.24
2005-04-18,322.808,448.082,8.3
2005-04-19,322.905,483.453,7.81
2005-04-20,323.114,562.677,8.45
2005-04-21,323.213,601.815,8.34
2005-04-22,323.026,528.637,8.72
2005-04-23,322.929,492.013,9.49
2005-04-24,322.968,506.82,9.67
2005-04-25,322.915,487.131,9.66
2005-04-26,322.922,489.449,9.59
2005-04-27,322.919,488.534,9.12
2005-04-28,322.922,489.431,9.16
2005-04-29,322.889,477.545,10.41
2005-04-30,322.867,469.181,11.33
2005-05-01,322.851,463.59,11.97
2005-05-02,322.842,460.391,12.22
2005-05-03,322.87,470.354,12.38
2005-05-04,322.97,507.672,11.28
2005-05-05,322.995,516.989,10.57
2005-05-06,323.112,561.943,10.19
2005-05-07,323.181,588.901,9.86
2005-05-08,323.501,723.084,9.31
2005-05-09,323.26,620.383,9.61
2005-05-10,323.168,583.719,10.38
2005-05-11,323.132,569.683,11.31
2005-05-12,323.1,557.016,11.94
2005-05-13,323.06,541.515,12.58
2005-05-14,323.029,529.861,12.49
2005-05-15,323.0,518.892,11.29
2005-05-16,322.999,518.431,10.18
2005-05-17,323.056,540.025,11.1
2005-05-18,322.998,518.186,12.09
2005-05-19,323.011,522.758,12.28
2005-05-20,322.99,515.163,13.07
2005-05-21,322.969,507.166,13.6
2005-05-22,323.032,530.912,13.27
2005-05-23,323.112,561.881,13.24
2005-05-24,323.154,578.233,12.46
2005-05-25,323.087,552.055,13.55
2005-05-26,323.062,542.462,14.86
2005-05-27,323.046,536.182,15.45
2005-05-28,323.037,532.696,15.99
2005-05-29,323.041,534.152,16.47
2005-05-30,323.05,537.907,17.21
2005-05-31,323.087,552.008,15.05
2005-06-01,323.088,552.483,16.34
2005-06-02,323.074,546.834,17.65
2005-06-03,323.06,541.527,18.13
2005-06-04,323.148,575.796,17.93
2005-06-05,323.137,571.525,15.79
2005-06-06,323.096,555.503,15.89
2005-06-07,323.157,579.435,16.44
2005-06-08,323.16,580.507,16.37
2005-06-09,323.102,557.698,16.87
2005-06-10,323.057,540.612,16.86
2005-06-11,323.018,525.738,16.85
2005-06-12,322.982,512.084,16.58
2005-06-13,322.955,501.677,16.67
2005-06-14,322.998,518.181,16.76
2005-06-15,322.987,514.044,16.85
2005-06-16,322.992,515.705,17.53
2005-06-17,322.959,503.353,18.26
2005-06-18,322.928,491.865,19.12
2005-06-19,322.898,480.662,20.11
2005-06-20,322.873,471.572,20.84
2005-06-21,322.862,467.634,21.12
2005-06-22,322.842,460.218,21.14
2005-06-23,322.832,456.728,21.36
2005-06-24,322.816,450.942,22.42
2005-06-25,322.824,453.802,22.26
2005-06-26,322.822,453.022,21.4
2005-06-27,322.811,448.952,22.23
2005-06-28,322.782,438.694,23.63
2005-06-29,322.77,434.416,23.84
2005-06-30,322.762,431.61,22.75
2005-07-01,322.83,456.392,21.5
2005-07-02,322.851,463.569,19.89
2005-07-03,322.803,446.166,20.83
2005-07-04,322.774,435.779,22.23
2005-07-05,322.903,482.834,21.44
2005-07-06,322.909,484.772,19.66
2005-07-07,322.895,479.569,19.43
2005-07-08,322.915,486.963,17.44
2005-07-09,322.846,461.701,17.7
2005-07-10,322.813,449.722,18.8
2005-07-11,322.908,484.519,19.18
2005-07-12,322.976,509.837,18.69
2005-07-13,322.904,482.888,19.44
2005-07-14,322.865,468.637,20.42
2005-07-15,322.829,455.454,20.67
2005-07-16,322.802,445.876,20.27
2005-07-17,322.776,436.507,20.08
2005-07-18,322.758,430.057,20.75
2005-07-19,322.958,503.753,20.53
2005-07-20,322.893,479.229,18.64
2005-07-21,322.806,447.121,18.78
2005-07-22,322.797,443.822,18.75
2005-07-23,322.754,428.56,19.13
2005-07-24,322.717,415.558,19.95
2005-07-25,322.744,424.976,19.89
2005-07-26,322.902,482.425,20.0
2005-07-27,322.8,445.035,19.98
2005-07-28,322.741,423.968,21.24
2005-07-29,322.702,410.075,21.88
2005-07-30,322.69,405.883,21.3
2005-07-31,322.658,394.677,20.2
2005-08-01,322.638,388.022,20.63
2005-08-02,322.665,397.356,21.08
2005-08-03,323.036,533.789,20.18
2005-08-04,322.908,484.531,19.28
2005-08-05,322.756,429.419,20.03
2005-08-06,322.714,414.256,20.74
2005-08-07,322.774,436.412,19.89
2005-08-08,322.923,490.262,18.78
2005-08-09,322.778,437.225,18.89
2005-08-10,322.71,413.122,19.7
2005-08-11,322.67,398.868,20.0
2005-08-12,322.642,389.224,20.1
2005-08-13,322.629,384.747,20.61
2005-08-14,322.613,379.159,19.93
2005-08-15,322.753,428.924,18.95
2005-08-16,322.776,436.416,17.67
2005-08-17,322.765,432.571,18.18
2005-08-18,322.683,403.393,19.26
2005-08-19,322.648,391.254,19.94
2005-08-20,322.685,404.131,19.88
2005-08-21,322.879,474.943,18.58
2005-08-22,323.951,931.829,17.18
2005-08-23,324.28,1101.243,16.12
2005-08-24,323.656,790.342,16.94
2005-08-25,323.551,743.0,18.1
2005-08-26,323.496,719.023,17.81
2005-08-27,323.448,698.375,18.02
2005-08-28,323.406,680.69,18.66
2005-08-29,323.365,663.577,18.92
2005-08-30,323.318,644.279,19.07
2005-08-31,323.278,627.848,19.54
2005-09-01,323.236,610.83,19.95
2005-09-02,323.208,599.337,19.64
2005-09-03,323.168,583.534,19.79
2005-09-04,323.129,568.345,20.55
2005-09-05,323.088,552.299,20.47
2005-09-06,323.052,538.402,20.91
2005-09-07,323.012,523.184,20.83
2005-09-08,322.976,509.868,20.87
2005-09-09,322.948,499.186,21.14
2005-09-10,323.011,523.186,20.76
2005-09-11,323.003,519.812,20.17
2005-09-12,322.948,499.124,20.04
2005-09-13,322.916,487.202,19.84
2005-09-14,322.878,473.496,20.25
2005-09-15,322.843,460.577,20.35
2005-09-16,322.807,447.511,20.04
2005-09-17,322.855,464.853,19.02
2005-09-18,322.866,468.954,17.99
2005-09-19,322.794,443.027,17.61
2005-09-20,322.743,424.8,17.51
2005-09-21,322.708,412.274,17.66
2005-09-22,322.691,406.37,17.29
2005-09-23,322.653,393.239,17.41
2005-09-24,322.628,384.413,17.28
2005-09-25,322.6,374.937,17.26
2005-09-26,322.57,364.404,17.37
2005-09-27,322.55,357.627,17.17
2005-09-28,322.524,348.898,16.75
2005-09-29,322.501,341.272,16.83
2005-09-30,322.505,342.482,16.27
2005-10-01,322.52,347.572,15.75
2005-10-02,322.74,424.398,15.64
2005-10-03,322.968,506.966,14.33
2005-10-04,322.968,506.767,14.39
2005-10-05,322.838,458.875,14.95
2005-10-06,322.754,428.647,15.18
2005-10-07,322.691,406.343,15.27
2005-10-08,322.651,392.294,15.56
2005-10-09,322.616,380.385,15.46
2005-10-10,322.589,371.036,15.25
2005-10-11,322.564,362.43,15.18
2005-10-12,322.539,353.888,15.35
2005-10-13,322.518,346.906,15.13
2005-10-14,322.502,341.615,14.92
2005-10-15,322.479,333.766,14.79
2005-10-16,322.459,327.06,14.58
2005-10-17,322.44,320.713,14.41
2005-10-18,322.422,314.883,14.01
2005-10-19,322.403,308.653,13.61
2005-10-20,322.387,303.307,13.7
2005-10-21,322.377,300.274,14.01
2005-10-22,322.359,294.293,14.23
2005-10-23,322.389,304.059,14.34
2005-10-24,322.364,295.957,14.1
2005-10-25,322.332,285.74,13.85
2005-10-26,322.318,280.953,13.91
2005-10-27,322.299,275.124,13.97
2005-10-28,322.291,272.333,13.76
2005-10-29,322.273,266.655,13.6
2005-10-30,322.258,261.757,13.45
2005-10-31,322.247,258.354,13.37
2005-11-01,322.225,251.407,13.45
2005-11-02,322.214,248.112,13.6
2005-11-03,322.202,244.166,13.43
2005-11-04,322.191,241.017,13.44
2005-11-05,322.204,245.082,13.41
2005-11-06,322.203,244.673,13.15
2005-11-07,322.189,240.248,12.72
2005-11-08,322.161,231.612,12.54
2005-11-09,322.16,231.213,12.29
2005-11-10,322.144,226.378,12.18
2005-11-11,322.139,224.83,12.29
2005-11-12,322.125,220.616,12.27
2005-11-13,322.116,217.679,11.93
2005-11-14,322.113,216.705,11.66
2005-11-15,322.091,210.222,11.41
2005-11-16,322.087,208.807,11.2
2005-11-17,322.096,211.557,11.09
2005-11-18,322.092,210.346,10.67
2005-11-19,322.084,208.142,10.16
2005-11-20,322.08,206.908,9.74
2005-11-21,322.077,205.882,9.44
2005-11-22,322.078,206.101,9.26
2005-11-23,322.077,205.944,8.95
2005-11-24,322.066,202.539,8.41
2005-11-25,322.063,201.801,7.9
2005-11-26,322.061,200.962,7.47
2005-11-27,322.045,196.413,7.21
2005-11-28,322.039,194.436,7.16
2005-11-29,322.052,198.241,7.33
2005-11-30,322.042,195.328,7.55
2005-12-01,322.037,193.88,7.7
2005-12-02,322.036,193.521,7.47
2005-12-03,322.026,190.585,7.25
2005-12-04,322.063,201.687,7.33
2005-12-05,322.093,210.797,7.54
2005-12-06,322.099,212.448,7.5
2005-12-07,322.087,208.971,7.19
2005-12-08,322.079,206.57,6.94
2005-12-09,322.09,209.708,6.71
2005-12-10,322.072,204.361,6.6
2005-12-11,322.058,200.039,6.35
2005-12-12,322.048,197.291,5.84
2005-12-13,322.033,192.733,5.57
2005-12-14,322.027,190.966,5.65
2005-12-15,322.017,187.99,5.9
2005-12-16,322.021,189.025,5.85
2005-12-17,322.112,216.503,5.75
2005-12-18,322.086,208.636,5.41
2005-12-19,322.055,199.38,4.98
2005-12-20,322.046,196.458,4.99
2005-12-21,322.042,195.336,5.02
2005-12-22,322.034,192.863,5.11
2005-12-23,322.031,192.135,5.11
2005-12-24,322.029,191.563,5.08
2005-12-25,322.027,190.868,5.16
2005-12-26,322.016,187.49,5.22
2005-12-27,322.014,186.913,5.08
2005-12-28,321.994,181.19,4.6
2005-12-29,321.986,178.793,4.07
2005-12-30,321.973,174.976,3.57
2005-12-31,322.045,196.671,3.36
2006-01-01,322.524,347.439,3.69
2006-01-02,322.301,272.003,4.01
2006-01-03,322.188,236.131,4.39
2006-01-04,322.148,224.166,4.39
2006-01-05,322.117,214.954,4.18
2006-01-06,322.091,207.378,3.94
2006-01-07,322.066,199.848,3.69
2006-01-08,322.043,193.342,3.56
2006-01-09,322.024,187.708,3.44
2006-01-10,322.003,181.994,3.28
2006-01-11,321.995,179.456,3.1
2006-01-12,321.988,177.47,2.96
2006-01-13,321.994,179.391,2.8
2006-01-14,321.984,176.545,2.83
2006-01-15,321.973,173.322,2.73
2006-01-16,321.969,172.1,2.66
2006-01-17,321.986,176.993,2.64
2006-01-18,322.115,214.407,2.59
2006-01-19,322.136,220.902,3.3
2006-01-20,322.091,207.406,3.62
2006-01-21,322.075,202.677,3.75
2006-01-22,322.116,214.491,3.81
2006-01-23,322.082,204.613,3.7
2006-01-24,322.045,193.802,2.96
2006-01-25,322.023,187.663,2.17
2006-01-26,322.031,190.009,2.1
2006-01-27,322.025,188.227,2.31
2006-01-28,322.009,183.429,2.32
2006-01-29,322.012,184.529,2.15
2006-01-30,322.009,183.627,2.19
2006-01-31,321.998,180.506,2.15
2006-02-01,321.995,179.519,2.04
2006-02-02,321.987,177.21,2.11
2006-02-03,321.993,178.869,2.21
2006-02-04,321.981,175.577,2.24
2006-02-05,321.976,174.253,2.3
2006-02-06,321.976,174.067,2.43
2006-02-07,321.963,170.421,2.82
2006-02-08,321.956,168.397,3.06
2006-02-09,321.958,169.026,3.12
2006-02-10,321.945,165.392,3.09
2006-02-11,321.939,163.629,2.99
2006-02-12,321.931,161.47,2.86
2006-02-13,321.929,160.807,2.81
2006-02-14,321.918,157.727,2.85
2006-02-15,321.938,163.403,3.26
2006-02-16,322.386,300.489,3.7
2006-02-17,322.882,468.997,3.4
2006-02-18,322.479,327.441,3.57
2006-02-19,322.345,284.522,3.83
2006-02-20,322.289,266.871,3.92
2006-02-21,322.262,258.434,3.96
2006-02-22,322.239,251.577,3.88
2006-02-23,322.216,244.568,3.85
2006-02-24,322.201,240.072,3.61
2006-02-25,322.184,234.767,3.41
2006-02-26,322.176,232.543,3.27
2006-02-27,322.187,235.935,3.25
2006-02-28,322.144,222.907,3.14
2006-03-01,322.107,211.998,2.97
2006-03-02,322.086,205.793,2.9
2006-03-03,322.134,220.157,2.8
2006-03-04,322.332,280.312,3.11
2006-03-05,322.327,278.88,2.85
2006-03-06,322.267,260.16,2.61
2006-03-07,322.233,249.781,3.19
2006-03-08,322.245,253.474,3.36
2006-03-09,323.387,696.147,3.35
2006-03-10,323.493,718.024,3.86
2006-03-11,322.941,490.011,4.09
2006-03-12,322.717,408.05,3.89
2006-03-13,322.615,372.608,3.32
2006-03-14,322.547,349.688,3.1
2006-03-15,322.505,335.937,3.43
2006-03-16,322.475,325.879,3.73
2006-03-17,322.447,316.794,3.66
2006-03-18,322.425,309.886,3.77
2006-03-19,322.407,303.901,3.87
2006-03-20,322.401,301.959,4.15
2006-03-21,322.453,318.831,4.68
2006-03-22,322.604,369.047,5.22
2006-03-23,322.72,408.908,5.5
2006-03-24,322.621,374.628,4.86
2006-03-25,322.613,372.048,5.04
2006-03-26,322.918,480.871,6.0
2006-03-27,323.012,516.605,6.4
2006-03-28,323.307,635.402,6.61
2006-03-29,323.262,616.972,5.76
2006-03-30,323.024,520.721,5.64
2006-03-31,323.339,650.174,6.28
2006-04-01,323.209,594.409,6.68
2006-04-02,323.093,547.472,6.65
2006-04-03,323.092,547.341,6.88
2006-04-04,323.033,524.373,6.69
2006-04-05,323.078,542.004,6.5
2006-04-06,323.134,563.796,5.93
2006-04-07,323.113,555.735,6.48
2006-04-08,323.051,531.159,7.1
2006-04-09,323.157,575.05,7.45
2006-04-10,323.639,780.518,6.59
2006-04-11,323.458,699.321,6.25
2006-04-12,323.302,632.38,6.24
2006-04-13,323.253,612.102,6.37
2006-04-14,323.416,680.744,6.78
2006-04-15,323.398,673.388,7.07
2006-04-16,323.417,681.467,7.38
2006-04-17,323.423,684.049,7.69
2006-04-18,323.273,620.416,7.78
2006-04-19,323.198,589.729,7.99
2006-04-20,323.139,565.986,8.51
2006-04-21,323.106,552.73,9.02
2006-04-22,323.087,545.297,9.44
2006-04-23,323.13,562.122,9.2
2006-04-24,323.093,547.537,9.07
2006-04-25,323.072,539.591,9.62
2006-04-26,323.095,548.47,9.49
2006-04-27,323.107,553.043,9.0
2006-04-28,323.349,656.688,9.13
2006-04-29,323.587,757.003,9.25
2006-04-30,323.413,679.608,9.23
2006-05-01,323.268,618.256,9.9
2006-05-02,323.184,583.856,10.43
2006-05-03,323.138,565.484,11.77
2006-05-04,323.116,556.704,12.19
2006-05-05,323.108,553.43,12.14
2006-05-06,323.098,549.769,11.41
2006-05-07,323.072,539.472,11.5
2006-05-08,323.045,528.746,12.69
2006-05-09,323.058,534.101,12.14
2006-05-10,323.083,543.779,8.63
2006-05-11,323.136,565.147,10.28
2006-05-12,323.056,533.332,12.32
2006-05-13,323.041,527.33,13.05
2006-05-14,323.314,638.295,12.28
2006-05-15,323.194,587.899,11.81
2006-05-16,323.105,552.429,13.34
2006-05-17,323.091,546.986,12.73
2006-05-18,323.139,565.828,12.7
2006-05-19,323.279,622.676,12.93
2006-05-20,323.218,597.707,11.76
2006-05-21,323.198,589.741,11.87
2006-05-22,323.197,589.035,11.97
2006-05-23,323.199,590.062,13.16
2006-05-24,323.175,580.232,12.62
2006-05-25,323.147,568.872,12.88
2006-05-26,323.125,560.434,12.09
2006-05-27,323.096,548.798,12.27
2006-05-28,323.135,564.312,12.23
2006-05-29,323.533,735.624,12.37
2006-05-30,323.949,929.179,11.88
2006-05-31,323.83,870.045,10.79
2006-06-01,323.691,804.046,11.28
2006-06-02,323.67,794.289,11.29
2006-06-03,323.586,756.096,12.17
2006-06-04,323.529,730.514,12.57
2006-06-05,323.53,730.789,12.0
2006-06-06,323.473,705.55,12.34
2006-06-07,323.43,686.821,13.16
2006-06-08,323.379,664.8,13.91
2006-06-09,323.338,647.531,14.52
2006-06-10,323.299,630.945,15.22
2006-06-11,323.26,614.784,15.44
2006-06-12,323.219,598.148,16.57
2006-06-13,323.194,587.962,16.88
2006-06-14,323.179,581.715,17.41
2006-06-15,323.168,577.347,17.92
2006-06-16,323.155,572.051,18.32
2006-06-17,323.149,569.972,17.97
2006-06-18,323.147,568.921,18.17
2006-06-19,323.141,566.646,19.2
2006-06-20,323.125,560.258,19.35
2006-06-21,323.11,554.188,20.59
2006-06-22,323.152,571.005,19.77
2006-06-23,323.117,557.178,19.48
2006-06-24,323.088,545.755,20.89
2006-06-25,323.062,535.487,21.88
2006-06-26,323.033,524.354,21.44
2006-06-27,323.018,518.605,20.91
2006-06-28,323.035,525.122,21.35
2006-06-29,323.047,529.721,21.59
2006-06-30,323.023,520.413,21.19
2006-07-01,322.978,503.389,22.07
2006-07-02,322.944,490.532,22.61
2006-07-03,322.913,478.92,22.72
2006-07-04,322.885,468.526,23.0
2006-07-05,322.872,463.702,22.99
2006-07-06,322.872,463.513,22.57
2006-07-07,322.915,479.6,21.46
2006-07-08,322.937,487.668,21.0
2006-07-09,322.857,458.148,21.94
2006-07-10,322.823,445.694,22.6
2006-07-11,322.798,436.838,22.7
2006-07-12,322.772,427.334,23.17
2006-07-13,322.76,422.992,23.61
2006-07-14,322.752,420.387,24.11
2006-07-15,322.723,409.991,23.85
2006-07-16,322.698,401.096,24.42
2006-07-17,322.672,392.325,24.27
2006-07-18,322.642,381.872,24.19
2006-07-19,322.627,376.626,24.3
2006-07-20,322.61,370.834,24.48
2006-07-21,322.595,366.017,24.59
2006-07-22,322.582,361.49,24.76
2006-07-23,322.572,358.005,25.46
2006-07-24,322.554,352.098,25.23
2006-07-25,322.526,342.851,25.88
2006-07-26,322.51,337.434,26.03
2006-07-27,322.498,333.557,25.82
2006-07-28,322.491,331.037,25.43
2006-07-29,322.497,333.097,25.43
2006-07-30,322.495,332.624,24.72
2006-07-31,322.48,327.425,25.16
2006-08-01,322.458,320.395,25.15
2006-08-02,322.462,321.643,23.84
2006-08-03,322.498,333.578,22.7
2006-08-04,322.524,342.329,21.4
2006-08-05,322.618,373.699,21.38
2006-08-06,322.653,385.599,20.93
2006-08-07,322.736,414.639,20.51
2006-08-08,322.722,409.69,20.12
2006-08-09,322.732,413.158,20.76
2006-08-10,322.72,409.095,20.92
2006-08-11,322.683,396.054,20.06
2006-08-12,322.875,465.354,18.77
2006-08-13,322.839,451.588,17.5
2006-08-14,322.866,461.323,17.22
2006-08-15,322.749,419.253,16.82
2006-08-16,322.709,405.075,17.58
2006-08-17,322.675,393.326,18.6
2006-08-18,322.664,389.465,19.24
2006-08-19,322.64,381.263,18.89
2006-08-20,322.67,391.55,18.86
2006-08-21,322.704,403.485,18.63
2006-08-22,322.68,394.966,18.26
2006-08-23,322.666,390.112,17.92
2006-08-24,322.67,391.663,18.73
2006-08-25,322.656,386.645,18.55
2006-08-26,322.647,383.705,18.12
2006-08-27,322.787,433.442,18.05
2006-08-28,323.03,523.472,16.91
2006-08-29,323.252,612.692,15.83
2006-08-30,323.396,672.835,15.0
2006-08-31,323.229,602.402,15.15
2006-09-01,323.065,536.902,16.33
2006-09-02,322.981,504.301,17.21
2006-09-03,322.927,483.884,17.68
2006-09-04,322.882,467.167,17.52
2006-09-05,322.852,456.352,17.57
2006-09-06,322.824,446.06,18.34
2006-09-07,322.795,435.628,18.64
2006-09-08,322.826,446.862,18.82
2006-09-09,322.824,446.039,18.67
2006-09-10,322.762,423.841,18.98
2006-09-11,322.723,409.888,19.14
2006-09-12,322.723,410.14,19.37
2006-09-13,322.687,397.388,19.5
2006-09-14,322.658,387.312,19.48
2006-09-15,322.643,382.295,19.35
2006-09-16,322.618,373.644,19.3
2006-09-17,323.231,633.971,18.83
2006-09-18,323.316,639.807,16.66
2006-09-19,323.106,553.15,16.69
2006-09-20,322.948,491.853,17.4
2006-09-21,322.871,463.142,18.17
2006-09-22,322.824,446.05,18.55
2006-09-23,322.768,425.911,18.67
2006-09-24,322.73,412.319,18.6
2006-09-25,322.709,405.084,18.79
2006-09-26,322.921,482.227,18.03
2006-09-27,322.892,470.945,17.12
2006-09-28,322.827,447.256,17.62
2006-09-29,322.764,424.641,17.74
2006-09-30,322.723,410.137,17.97
2006-10-01,322.948,492.376,17.97
2006-10-02,323.129,562.203,17.2
2006-10-03,322.933,486.139,17.02
2006-10-04,322.989,507.527,16.47
2006-10-05,322.898,473.31,15.37
2006-10-06,322.849,455.305,15.83
2006-10-07,322.834,449.535,15.97
2006-10-08,322.802,438.205,15.71
2006-10-09,322.765,425.006,15.7
2006-10-10,322.732,413.268,15.92
2006-10-11,322.705,403.507,15.95
2006-10-12,322.675,393.379,15.82
2006-10-13,322.648,383.815,15.86
2006-10-14,322.628,377.152,16.02
2006-10-15,322.605,369.235,15.88
2006-10-16,322.575,358.919,15.71
2006-10-17,322.551,350.891,15.24
2006-10-18,322.531,344.238,15.29
2006-10-19,322.516,339.36,15.16
2006-10-20,322.493,331.938,15.29
2006-10-21,322.473,325.405,15.42
2006-10-22,322.457,319.932,15.42
2006-10-23,322.442,315.314,15.24
2006-10-24,322.436,313.39,15.09
2006-10-25,322.411,305.24,14.89
2006-10-26,322.398,301.138,14.44
2006-10-27,322.387,297.666,14.72
2006-10-28,322.373,293.114,14.81
2006-10-29,322.367,291.37,14.9
2006-10-30,322.376,294.249,14.65
2006-10-31,322.354,287.28,14.2
2006-11-01,322.319,276.086,14.05
2006-11-02,322.317,275.47,13.39
2006-11-03,322.311,273.766,12.37
2006-11-04,322.299,270.003,12.17
2006-11-05,322.305,272.009,12.12
2006-11-06,322.255,256.448,11.98
2006-11-07,322.265,259.489,11.65
2006-11-08,322.251,255.035,11.58
2006-11-09,322.24,251.781,11.71
2006-11-10,322.237,250.813,11.84
2006-11-11,322.244,252.906,11.33
2006-11-12,322.231,249.082,11.07
2006-11-13,322.328,278.953,11.06
2006-11-14,322.289,266.876,10.53
2006-11-15,322.318,275.832,10.98
2006-11-16,322.308,272.683,11.03
2006-11-17,322.293,268.002,10.95
2006-11-18,322.272,261.55,11.07
2006-11-19,322.266,259.651,10.94
2006-11-20,322.262,258.489,10.53
2006-11-21,322.28,264.141,10.35
2006-11-22,322.376,293.97,10.08
2006-11-23,322.337,281.922,9.54
2006-11-24,322.307,272.458,9.6
2006-11-25,322.28,264.009,9.93
2006-11-26,322.27,261.062,9.94
2006-11-27,322.248,254.14,9.98
2006-11-28,322.236,250.44,9.86
2006-11-29,322.23,248.803,9.74
2006-11-30,322.228,248.191,9.69
2006-12-01,322.216,244.634,9.78
2006-12-02,322.208,242.077,9.68
2006-12-03,322.201,240.11,9.51
2006-12-04,322.21,242.712,9.49
2006-12-05,322.282,264.911,9.75
2006-12-06,322.307,272.387,9.75
2006-12-07,322.401,302.367,9.34
2006-12-08,322.361,289.412,8.82
2006-12-09,322.515,339.826,8.85
2006-12-10,322.579,360.588,8.44
2006-12-11,322.461,321.493,8.25
2006-12-12,322.413,305.973,8.14
2006-12-13,322.374,293.525,8.18
2006-12-14,322.354,287.214,8.02
2006-12-15,322.336,281.431,7.8
2006-12-16,322.321,276.83,7.67
2006-12-17,322.327,278.754,7.66
2006-12-18,322.374,293.474,7.78
2006-12-19,322.343,283.615,7.24
2006-12-20,322.314,274.638,6.74
2006-12-21,322.287,266.331,6.35
2006-12-22,322.276,262.99,6.34
2006-12-23,322.261,258.337,6.35
2006-12-24,322.245,253.211,6.37
2006-12-25,322.227,247.906,6.51
2006-12-26,322.211,242.882,6.47
2006-12-27,322.192,237.332,6.33
2006-12-28,322.177,232.873,6.07
2006-12-29,322.165,229.139,5.84
2006-12-30,322.154,225.91,5.61
2006-12-31,322.142,222.259,5.72
2007-01-01,322.244,254.796,6.37
2007-01-02,322.595,370.98,6.48
2007-01-03,322.41,307.902,5.93
2007-01-04,322.339,284.823,6.08
2007-01-05,322.39,301.521,6.25
2007-01-06,322.379,297.84,6.25
2007-01-07,322.366,293.443,6.51
2007-01-08,322.454,322.539,6.69
2007-01-09,322.379,297.806,6.73
2007-01-10,322.456,323.216,6.97
2007-01-11,322.377,297.214,6.85
2007-01-12,322.385,299.813,6.97
2007-01-13,322.415,309.708,6.81
2007-01-14,322.353,289.159,6.58
2007-01-15,322.331,282.108,6.42
2007-01-16,322.311,275.605,6.21
2007-01-17,322.292,269.572,6.43
2007-01-18,322.258,258.916,6.68
2007-01-19,322.279,265.54,7.31
2007-01-20,322.414,309.271,7.87
2007-01-21,322.372,295.511,7.64
2007-01-22,322.388,300.666,6.95
2007-01-23,322.367,293.684,6.34
2007-01-24,322.33,281.811,5.79
2007-01-25,322.325,280.161,5.05
2007-01-26,322.31,275.187,4.86
2007-01-27,322.283,266.716,4.81
2007-01-28,322.275,264.107,4.9
2007-01-29,322.272,263.102,5.3
2007-01-30,322.273,263.618,5.32
2007-01-31,322.265,260.904,5.19
2007-02-01,322.26,259.434,5.23
2007-02-02,322.261,259.749,5.49
2007-02-03,322.257,258.326,5.64
2007-02-04,322.25,256.265,5.49
2007-02-05,322.237,252.23,5.14
2007-02-06,322.316,277.257,5.26
2007-02-07,322.365,293.085,5.39
2007-02-08,322.358,290.806,5.26
2007-02-09,322.451,321.469,5.39
2007-02-10,322.42,311.241,5.39
2007-02-11,322.425,312.939,5.25
2007-02-12,322.563,359.819,5.51
2007-02-13,322.683,401.602,5.71
2007-02-14,322.578,364.7,5.55
2007-02-15,322.722,415.536,5.64
2007-02-16,322.675,398.885,5.85
2007-02-17,322.559,358.06,5.43
2007-02-18,322.508,340.71,5.28
2007-02-19,322.464,325.919,5.36
2007-02-20,322.438,317.089,5.58
2007-02-21,322.415,309.664,5.63
2007-02-22,322.398,303.873,5.83
2007-02-23,322.387,300.193,6.14
2007-02-24,322.369,294.325,6.16
2007-02-25,322.373,295.844,6.02
2007-02-26,322.377,296.906,5.78
2007-02-27,322.4,304.663,5.82
2007-02-28,322.41,307.992,6.04
2007-03-01,322.554,356.451,6.46
2007-03-02,323.074,548.835,6.45
2007-03-03,323.041,533.49,6.59
2007-03-04,322.962,503.764,6.77
2007-03-05,322.727,417.281,6.69
2007-03-06,322.647,388.722,6.36
2007-03-07,322.647,388.847,6.59
2007-03-08,322.628,382.102,6.82
2007-03-09,322.591,369.35,6.88
2007-03-10,322.568,361.297,7.01
2007-03-11,322.574,363.455,6.75
2007-03-12,322.538,350.91,6.74
2007-03-13,322.515,343.247,7.09
2007-03-14,322.494,336.088,7.37
2007-03-15,322.479,331.083,7.69
2007-03-16,322.46,324.608,7.85
2007-03-17,322.431,314.893,7.76
2007-03-18,322.405,306.414,7.55
2007-03-19,322.465,326.162,7.24
2007-03-20,322.487,333.816,6.81
2007-03-21,322.485,333.031,6.41
2007-03-22,322.501,338.353,6.41
2007-03-23,322.526,346.76,6.14
2007-03-24,322.546,353.712,6.02
2007-03-25,322.584,366.676,6.6
2007-03-26,322.622,379.886,6.93
2007-03-27,322.68,400.363,7.51
2007-03-28,322.689,403.46,7.72
2007-03-29,322.682,400.986,7.74
2007-03-30,322.683,401.394,7.79
2007-03-31,322.646,388.439,7.67
2007-04-01,322.599,371.941,7.42
2007-04-02,322.587,367.887,7.74
2007-04-03,322.576,364.006,8.43
2007-04-04,322.644,387.971,8.32
2007-04-05,322.607,374.745,7.76
2007-04-06,322.556,357.351,8.26
2007-04-07,322.534,349.501,8.95
2007-04-08,322.52,344.757,9.52
2007-04-09,322.489,334.484,9.79
2007-04-10,322.472,328.511,9.99
2007-04-11,322.461,325.08,9.78
2007-04-12,322.447,320.291,10.5
2007-04-13,322.447,320.137,11.73
2007-04-14,322.443,318.908,11.85
2007-04-15,322.439,317.403,12.21
2007-04-16,322.438,317.338,12.8
2007-04-17,322.434,315.954,13.47
2007-04-18,322.428,314.045,13.55
2007-04-19,322.427,313.777,12.77
2007-04-20,322.417,310.096,14.07
2007-04-21,322.41,307.797,13.97
2007-04-22,322.407,306.786,14.41
2007-04-23,322.396,303.404,14.94
2007-04-24,322.395,302.992,14.95
2007-04-25,322.399,304.321,14.79
2007-04-26,322.4,304.685,15.96
2007-04-27,322.398,304.101,16.51
2007-04-28,322.4,304.676,16.5
2007-04-29,322.403,305.451,15.9
2007-04-30,322.4,304.745,16.3
2007-05-01,322.388,300.803,17.44
2007-05-02,322.387,300.475,17.37
2007-05-03,322.383,298.937,17.1
2007-05-04,322.373,295.585,16.59
2007-05-05,322.442,318.881,16.29
2007-05-06,322.517,343.78,15.57
2007-05-07,322.466,326.503,15.39
2007-05-08,322.408,307.333,14.27
2007-05-09,322.48,331.473,11.65
2007-05-10,322.476,329.97,10.76
2007-05-11,322.427,313.424,10.93
2007-05-12,322.407,307.031,13.41
2007-05-13,322.404,305.966,13.11
2007-05-14,322.411,308.236,13.98
2007-05-15,322.418,310.471,15.11
2007-05-16,322.465,326.412,13.97
2007-05-17,322.626,382.595,12.91
2007-05-18,322.867,468.166,12.64
2007-05-19,322.658,392.782,13.82
2007-05-20,322.595,370.773,15.52
2007-05-21,322.565,360.178,16.43
2007-05-22,322.566,360.789,16.75
2007-05-23,322.559,358.375,17.02
2007-05-24,322.551,355.493,17.96
2007-05-25,322.543,352.725,18.92
2007-05-26,322.54,351.677,18.82
2007-05-27,322.528,347.718,18.79
2007-05-28,322.589,368.428,17.54
2007-05-29,322.72,415.416,13.84
2007-05-30,323.019,525.517,11.96
2007-05-31,322.817,449.695,13.47
2007-06-01,322.808,446.285,15.65
2007-06-02,322.934,493.036,14.35
2007-06-03,322.92,487.797,13.74
2007-06-04,322.879,472.676,15.34
2007-06-05,322.837,457.157,16.73
2007-06-06,322.819,450.43,17.22
2007-06-07,322.796,441.858,17.82
2007-06-08,322.951,500.127,17.72
2007-06-09,322.884,474.4,16.89
2007-06-10,322.871,469.607,17.52
2007-06-11,322.798,442.904,18.82
2007-06-12,322.826,453.222,17.89
2007-06-13,322.852,462.448,17.48
2007-06-14,322.84,458.252,19.2
2007-06-15,322.849,461.469,20.4
2007-06-16,322.989,513.616,18.36
2007-06-17,322.922,488.272,18.26
2007-06-18,322.913,485.081,19.81
2007-06-19,322.895,478.272,19.54
2007-06-20,322.87,469.242,21.0
2007-06-21,322.985,512.216,20.77
2007-06-22,322.972,507.009,19.35
2007-06-23,322.967,505.407,19.29
2007-06-24,322.947,497.658,18.78
2007-06-25,322.93,491.357,19.62
2007-06-26,322.985,511.977,18.52
2007-06-27,323.001,518.091,15.38
2007-06-28,323.011,521.94,15.89
2007-06-29,323.007,520.225,16.28
2007-06-30,322.981,510.572,17.19
2007-07-01,322.975,508.305,17.6
2007-07-02,322.996,516.363,18.0
2007-07-03,323.117,562.434,16.94
2007-07-04,323.305,637.418,16.35
2007-07-05,323.284,628.539,14.74
2007-07-06,323.279,626.302,14.77
2007-07-07,323.202,595.673,15.53
2007-07-08,323.179,586.67,16.51
2007-07-09,323.173,584.267,16.81
2007-07-10,323.42,684.015,16.31
2007-07-11,323.507,719.813,15.53
2007-07-12,323.456,698.331,15.45
2007-07-13,323.379,666.814,16.28
2007-07-14,323.331,647.351,17.66
2007-07-15,323.287,629.8,18.61
2007-07-16,323.244,612.488,19.29
2007-07-17,323.211,599.545,18.93
2007-07-18,323.186,589.632,18.86
2007-07-19,323.162,580.191,20.07
2007-07-20,323.15,575.469,20.44
2007-07-21,323.161,579.942,19.76
2007-07-22,323.177,585.879,19.66
2007-07-23,323.148,574.63,18.99
2007-07-24,323.241,611.27,19.85
2007-07-25,323.168,582.484,18.15
2007-07-26,323.114,561.35,19.65
2007-07-27,323.066,542.79,20.44
2007-07-28,323.01,521.523,19.75
2007-07-29,322.974,507.9,19.2
2007-07-30,323.138,571.382,18.63
2007-07-31,323.097,554.982,18.91
2007-08-01,323.011,521.816,19.82
2007-08-02,322.964,504.131,20.21
2007-08-03,323.087,551.827,19.18
2007-08-04,323.096,554.423,18.64
2007-08-05,322.992,514.641,19.8
2007-08-06,322.94,495.081,20.46
2007-08-07,322.904,481.715,20.64
2007-08-08,323.501,726.346,19.18
2007-08-09,324.645,1267.02,16.4
2007-08-10,323.629,771.803,16.36
2007-08-11,323.447,694.61,17.44
2007-08-12,323.366,661.369,18.21
2007-08-13,323.304,636.267,19.15
2007-08-14,323.248,614.119,19.38
2007-08-15,323.206,597.364,19.63
2007-08-16,323.158,578.547,20.3
2007-08-17,323.16,579.408,18.89
2007-08-18,323.15,575.552,19.25
2007-08-19,323.105,557.972,19.86
2007-08-20,323.09,552.124,19.73
2007-08-21,323.087,551.165,19.08
2007-08-22,323.06,540.692,19.13
2007-08-23,323.038,532.283,19.39
2007-08-24,323.019,524.751,19.99
2007-08-25,322.99,513.84,20.38
2007-08-26,322.963,503.698,20.55
2007-08-27,322.938,494.542,20.71
2007-08-28,322.922,488.444,20.78
2007-08-29,323.108,560.507,20.68
2007-08-30,323.543,734.91,19.32
2007-08-31,323.351,655.745,19.03
2007-09-01,323.183,588.55,19.65
2007-09-02,323.126,566.006,19.57
2007-09-03,323.087,550.935,19.75
2007-09-04,323.358,659.548,18.57
2007-09-05,323.329,646.735,17.43
2007-09-06,323.237,609.797,17.7
2007-09-07,323.207,597.827,17.8
2007-09-08,323.184,588.678,17.76
2007-09-09,323.155,577.516,18.16
2007-09-10,323.122,564.462,17.6
2007-09-11,323.097,554.906,17.14
2007-09-12,323.091,552.69,16.67
2007-09-13,323.073,545.606,17.35
2007-09-14,323.047,535.509,17.64
2007-09-15,323.019,525.1,17.51
2007-09-16,322.99,513.808,17.61
2007-09-17,322.956,501.076,17.81
2007-09-18,323.051,537.747,17.46
2007-09-19,323.206,597.408,16.0
2007-09-20,323.071,544.76,16.31
2007-09-21,323.033,530.334,16.71
2007-09-22,322.995,515.951,17.13
2007-09-23,322.96,502.442,17.36
2007-09-24,322.928,490.806,17.48
2007-09-25,322.905,482.201,17.33
2007-09-26,322.964,504.272,16.48
2007-09-27,323.12,563.823,15.84
2007-09-28,323.033,530.432,15.32
2007-09-29,322.981,510.634,15.31
2007-09-30,322.952,499.74,15.58
2007-10-01,322.92,487.828,15.95
2007-10-02,322.898,479.597,16.26
2007-10-03,322.872,469.901,16.4
2007-10-04,322.856,463.815,16.6
2007-10-05,322.849,461.326,16.52
2007-10-06,322.817,449.671,16.58
2007-10-07,322.793,440.803,16.53
2007-10-08,322.764,430.465,16.34
2007-10-09,322.739,421.322,16.09
2007-10-10,322.722,415.252,15.84
2007-10-11,322.704,409.092,15.63
2007-10-12,322.687,403.052,15.5
2007-10-13,322.668,396.192,15.6
2007-10-14,322.644,387.779,15.38
2007-10-15,322.619,379.08,15.17
2007-10-16,322.597,371.306,15.27
2007-10-17,322.569,361.553,15.22
2007-10-18,322.546,353.84,15.17
2007-10-19,322.561,359.042,14.48
2007-10-20,322.536,350.242,13.96
2007-10-21,322.512,342.09,13.51
2007-10-22,322.507,340.274,13.17
2007-10-23,322.483,332.403,12.79
2007-10-24,322.469,327.595,12.47
2007-10-25,322.453,322.264,12.34
2007-10-26,322.446,319.824,12.35
2007-10-27,322.428,313.917,12.39
2007-10-28,322.417,310.29,12.29
2007-10-29,322.396,303.373,12.07
2007-10-30,322.386,300.167,11.71
2007-10-31,322.383,299.107,11.57
2007-11-01,322.396,303.452,11.37
2007-11-02,322.359,291.254,11.1
2007-11-03,322.341,285.168,11.13
2007-11-04,322.329,281.462,11.36
2007-11-05,322.307,274.413,11.29
2007-11-06,322.286,267.707,10.88
2007-11-07,322.277,264.82,10.68
2007-11-08,322.279,265.286,10.52
2007-11-09,322.282,266.35,10.36
2007-11-10,322.282,266.231,9.78
2007-11-11,322.351,289.16,9.21
2007-11-12,322.632,383.806,9.05
2007-11-13,322.462,325.287,8.58
2007-11-14,322.428,313.777,8.62
2007-11-15,322.431,314.997,8.4
2007-11-16,322.408,307.179,7.87
2007-11-17,322.394,302.698,7.41
2007-11-18,322.382,298.636,7.23
2007-11-19,322.36,291.652,7.15
2007-11-20,322.348,287.621,6.99
2007-11-21,322.349,288.017,7.14
2007-11-22,322.474,329.213,7.22
2007-11-23,322.501,338.444,7.05
2007-11-24,322.534,349.836,7.33
2007-11-25,322.516,343.576,7.32
2007-11-26,322.45,321.407,6.99
2007-11-27,322.432,315.435,6.69
2007-11-28,322.415,309.665,6.5
2007-11-29,322.399,304.331,6.2
2007-11-30,322.386,299.982,6.17
2007-12-01,322.375,296.463,6.41
2007-12-02,322.353,289.227,6.64
2007-12-03,322.555,357.545,6.86
2007-12-04,322.614,377.215,6.7
2007-12-05,322.535,350.106,6.61
2007-12-06,322.53,348.408,6.76
2007-12-07,322.78,436.817,7.19
2007-12-08,322.941,495.614,7.23
2007-12-09,322.858,464.818,6.75
2007-12-10,322.946,497.38,6.64
2007-12-11,322.969,506.004,6.61
2007-12-12,322.911,484.295,6.54
2007-12-13,322.84,457.943,6.46
2007-12-14,322.781,436.743,6.18
2007-12-15,322.737,420.64,5.66
2007-12-16,322.693,404.88,5.27
2007-12-17,322.655,391.556,5.02
2007-12-18,322.608,375.056,4.76
2007-12-19,322.58,365.579,4.72
2007-12-20,322.557,357.437,4.59
2007-12-21,322.535,350.09,4.51
2007-12-22,322.523,345.772,4.56
2007-12-23,322.496,336.809,4.49
2007-12-24,322.473,328.97,4.36
2007-12-25,322.446,320.033,4.26
2007-12-26,322.426,313.285,4.2
2007-12-27,322.407,306.975,4.25
2007-12-28,322.386,300.051,4.32
2007-12-29,322.364,292.801,4.18
2007-12-30,322.368,293.978,4.21
2007-12-31,322.348,287.444,4.42
2008-01-01,322.32,278.205,4.27
2008-01-02,322.308,274.089,4.03
2008-01-03,322.284,266.222,3.75
2008-01-04,322.266,260.263,3.58
2008-01-05,322.275,263.401,3.64
2008-01-06,322.502,340.887,4.14
2008-01-07,322.734,425.649,4.48
2008-01-08,322.745,430.082,4.28
2008-01-09,322.517,346.232,4.06
2008-01-10,322.453,323.879,4.22
2008-01-11,322.424,313.463,4.3
2008-01-12,322.402,305.853,4.18
2008-01-13,322.422,312.897,4.31
2008-01-14,322.398,304.657,4.38
2008-01-15,322.377,297.392,4.43
2008-01-16,322.375,296.92,4.53
2008-01-17,322.354,289.649,4.61
2008-01-18,322.398,304.474,4.75
2008-01-19,322.425,314.072,5.27
2008-01-20,322.444,320.65,5.59
2008-01-21,322.396,304.109,5.37
2008-01-22,322.414,310.504,5.1
2008-01-23,322.522,348.009,4.91
2008-01-24,322.423,313.189,4.37
2008-01-25,322.399,304.956,4.5
2008-01-26,322.374,296.472,4.82
2008-01-27,322.349,288.006,4.67
2008-01-28,322.336,283.478,4.41
2008-01-29,322.319,277.844,4.38
2008-01-30,322.306,273.418,4.53
2008-01-31,322.297,270.687,4.64
2008-02-01,322.283,265.959,4.7
2008-02-02,322.334,282.964,4.86
2008-02-03,322.328,280.776,4.78
2008-02-04,322.299,271.264,4.32
2008-02-05,322.289,268.047,4.46
2008-02-06,322.299,271.194,4.88
2008-02-07,322.384,299.983,5.22
2008-02-08,322.364,292.967,5.02
2008-02-09,322.318,277.649,4.7
2008-02-10,322.298,270.864,4.66
2008-02-11,322.278,264.089,4.68
2008-02-12,322.257,257.397,4.72
2008-02-13,322.245,253.39,4.71
2008-02-14,322.237,250.88,4.63
2008-02-15,322.235,250.125,4.48
2008-02-16,322.229,248.108,4.18
2008-02-17,322.213,243.052,3.98
2008-02-18,322.2,238.818,3.99
2008-02-19,322.192,236.238,4.11
2008-02-20,322.189,235.518,4.28
2008-02-21,322.194,236.932,4.62
2008-02-22,322.196,237.76,5.09
2008-02-23,322.21,242.042,5.39
2008-02-24,322.2,238.801,5.75
2008-02-25,322.198,238.264,5.67
2008-02-26,322.2,238.926,5.75
2008-02-27,322.224,247.021,5.99
2008-02-28,322.298,270.911,6.28
2008-03-01,322.396,304.435,6.53
2008-03-02,322.499,340.157,6.96
2008-03-03,322.424,313.489,6.68
2008-03-04,322.401,305.572,6.48
2008-03-05,322.381,298.961,6.03
2008-03-06,322.361,291.907,5.54
2008-03-07,322.35,288.321,5.25
2008-03-08,322.333,282.715,5.4
2008-03-09,322.328,280.777,5.84
2008-03-10,322.327,280.607,6.2
2008-03-11,322.364,293.004,6.62
2008-03-12,322.549,358.891,6.89
2008-03-13,322.858,472.603,6.78
2008-03-14,322.58,368.943,6.31
2008-03-15,322.625,384.997,6.95
2008-03-16,322.515,345.46,7.42
2008-03-17,322.593,373.858,7.39
2008-03-18,322.761,435.257,6.82
2008-03-19,322.602,376.633,6.41
2008-03-20,322.538,353.671,6.14
2008-03-21,322.569,364.953,5.85
2008-03-22,322.673,402.722,5.53
2008-03-23,322.607,378.65,6.19
2008-03-24,322.551,358.265,5.81
2008-03-25,322.521,347.624,5.73
2008-03-26,322.52,347.307,5.69
2008-03-27,322.543,355.333,6.12
2008-03-28,322.522,347.865,6.41
2008-03-29,322.545,356.315,6.94
2008-03-30,322.648,393.48,7.22
2008-03-31,322.651,394.575,7.19
2008-04-01,322.585,370.386,6.91
2008-04-02,322.563,362.746,7.11
2008-04-03,322.62,383.077,6.91
2008-04-04,322.625,385.194,6.8
2008-04-05,322.603,376.921,6.97
2008-04-06,322.65,394.386,7.14
2008-04-07,322.687,407.73,6.88
2008-04-08,322.637,389.387,6.48
2008-04-09,322.605,377.907,6.59
2008-04-10,322.727,422.541,7.17
2008-04-11,322.757,433.565,7.64
2008-04-12,322.854,470.508,7.81
2008-04-13,322.742,428.138,7.7
2008-04-14,322.691,409.125,7.92
2008-04-15,322.715,418.255,7.36
2008-04-16,322.772,439.249,7.28
2008-04-17,322.747,429.861,7.47
2008-04-18,322.719,419.583,7.99
2008-04-19,322.704,413.882,8.91
2008-04-20,322.71,416.073,8.94
2008-04-21,322.719,419.87,8.82
2008-04-22,323.839,895.973,8.59
2008-04-23,323.885,897.16,8.03
2008-04-24,323.402,687.895,8.55
2008-04-25,323.25,625.661,8.94
2008-04-26,323.193,602.786,8.95
2008-04-27,323.123,574.979,9.7
2008-04-28,323.089,561.307,10.36
2008-04-29,323.157,588.516,9.76
2008-04-30,323.136,580.057,9.15
2008-05-01,323.093,562.777,9.32
2008-05-02,323.06,550.03,9.67
2008-05-03,323.032,539.109,10.5
2008-05-04,323.021,534.853,11.16
2008-05-05,323.021,534.489,12.22
2008-05-06,323.02,534.295,13.04
2008-05-07,323.011,530.834,13.33
2008-05-08,323.008,529.764,13.25
2008-05-09,323.01,530.57,13.62
2008-05-10,323.013,531.444,14.48
2008-05-11,323.018,533.498,15.14
2008-05-12,323.025,536.201,15.3
2008-05-13,323.026,536.574,15.21
2008-05-14,323.022,534.985,15.49
2008-05-15,323.025,536.214,15.65
2008-05-16,323.059,549.563,15.44
2008-05-17,323.05,546.149,15.51
2008-05-18,323.086,560.23,14.67
2008-05-19,323.146,584.026,14.95
2008-05-20,323.122,574.364,15.73
2008-05-21,323.104,567.344,15.66
2008-05-22,323.078,556.988,15.31
2008-05-23,323.063,551.128,15.36
2008-05-24,323.048,545.095,15.52
2008-05-25,323.048,545.098,15.79
2008-05-26,323.047,544.764,16.58
2008-05-27,323.05,546.21,16.43
2008-05-28,323.072,554.699,16.72
2008-05-29,323.113,570.868,16.99
2008-05-30,323.181,597.792,17.2
2008-05-31,323.229,617.139,17.09
2008-06-01,323.254,627.001,16.68
2008-06-02,323.237,620.519,18.19
2008-06-03,323.268,632.894,17.3
2008-06-04,323.309,649.304,17.18
2008-06-05,323.401,687.391,16.02
2008-06-06,323.352,667.177,16.18
2008-06-07,323.365,672.525,15.41
2008-06-08,323.353,667.408,14.62
2008-06-09,323.344,663.764,16.09
2008-06-10,323.336,660.428,17.15
2008-06-11,323.477,718.692,16.72
2008-06-12,323.5,728.254,15.75
2008-06-13,323.568,757.58,15.78
2008-06-14,323.516,734.864,15.5
2008-06-15,323.413,692.127,16.26
2008-06-16,323.37,674.327,16.09
2008-06-17,323.352,667.153,16.07
2008-06-18,323.328,657.378,16.73
2008-06-19,323.305,647.94,17.2
2008-06-20,323.268,633.057,17.13
2008-06-21,323.252,626.449,17.43
2008-06-22,323.231,617.831,18.48
2008-06-23,323.214,611.163,18.99
2008-06-24,323.205,607.409,19.46
2008-06-25,323.194,602.913,20.5
2008-06-26,323.189,600.896,19.94
2008-06-27,323.185,599.46,21.16
2008-06-28,323.159,589.286,20.08
2008-06-29,323.145,583.474,21.36
2008-06-30,323.135,579.683,22.0
2008-07-01,323.119,573.328,22.28
2008-07-02,323.098,564.718,22.47
2008-07-03,323.091,562.256,22.21
2008-07-04,323.145,583.48,21.24
2008-07-05,323.1,565.599,21.26
2008-07-06,323.06,550.054,22.2
2008-07-07,323.068,553.018,21.39
2008-07-08,323.055,547.834,20.35
2008-07-09,323.027,536.998,19.37
2008-07-10,323.014,531.985,19.65
2008-07-11,323.004,527.969,20.61
2008-07-12,323.05,546.012,20.21
2008-07-13,323.218,613.438,19.25
2008-07-14,323.598,772.734,18.08
2008-07-15,323.544,747.13,17.62
2008-07-16,323.408,690.058,18.85
2008-07-17,323.555,751.961,18.5
2008-07-18,323.686,807.527,18.31
2008-07-19,323.486,722.403,18.37
2008-07-20,323.469,715.557,18.87
2008-07-21,323.603,771.936,18.74
2008-07-22,323.462,712.506,18.17
2008-07-23,323.414,692.564,18.63
2008-07-24,323.384,680.29,19.61
2008-07-25,323.347,665.107,19.89
2008-07-26,323.306,648.25,19.83
2008-07-27,323.274,635.326,19.9
2008-07-28,323.25,625.379,19.9
2008-07-29,323.224,615.264,20.28
2008-07-30,323.191,601.71,20.89
2008-07-31,323.179,597.098,21.44
2008-08-01,323.156,587.993,21.25
2008-08-02,323.134,579.132,20.34
2008-08-03,323.095,563.61,20.9
2008-08-04,323.047,544.911,20.78
2008-08-05,323.026,536.785,20.03
2008-08-06,323.018,533.332,20.91
2008-08-07,323.003,527.677,21.8
2008-08-08,322.991,523.102,21.2
2008-08-09,322.934,500.826,19.68
2008-08-10,322.911,492.171,19.76
2008-08-11,322.899,487.588,20.67
2008-08-12,322.982,519.606,20.5
2008-08-13,323.013,531.462,19.81
2008-08-14,322.95,507.108,19.68
2008-08-15,323.11,571.156,19.88
2008-08-16,323.829,872.608,17.47
2008-08-17,323.246,623.935,18.81
2008-08-18,323.134,578.981,19.02
2008-08-19,323.088,561.049,19.42
2008-08-20,323.206,608.037,19.55
2008-08-21,323.107,568.436,18.9
2008-08-22,323.055,547.948,19.46
2008-08-23,323.085,559.791,19.11
2008-08-24,323.14,581.595,18.19
2008-08-25,323.068,553.263,18.92
2008-08-26,323.014,531.896,19.42
2008-08-27,322.978,517.821,19.78
2008-08-28,322.947,506.084,20.03
2008-08-29,322.925,497.3,20.05
2008-08-30,322.897,486.762,20.36
2008-08-31,322.868,475.498,20.84
2008-09-01,322.861,473.012,20.67
2008-09-02,322.811,454.134,20.26
2008-09-03,322.783,443.399,20.35
2008-09-04,322.818,456.751,20.64
2008-09-05,322.805,451.878,20.15
2008-09-06,322.763,435.865,20.66
2008-09-07,322.931,500.786,19.92
2008-09-08,323.054,547.884,18.98
2008-09-09,322.968,514.187,19.61
2008-09-10,322.948,506.41,20.17
2008-09-11,322.929,498.887,20.34
2008-09-12,322.909,491.252,20.27
2008-09-13,323.041,543.214,19.1
2008-09-14,323.623,781.294,17.23
2008-09-15,323.297,644.603,17.06
2008-09-16,323.193,602.866,17.05
2008-09-17,323.106,568.2,16.95
2008-09-18,323.066,552.108,16.79
2008-09-19,323.023,535.369,16.86
2008-09-20,322.995,524.551,16.92
2008-09-21,322.961,511.495,16.5
2008-09-22,322.928,498.736,16.18
2008-09-23,322.901,488.323,16.17
2008-09-24,322.872,477.235,15.92
2008-09-25,322.85,468.713,15.75
2008-09-26,322.835,463.06,15.5
2008-09-27,322.808,453.028,15.25
2008-09-28,322.772,439.35,15.0
2008-09-29,322.738,426.799,14.91
2008-09-30,322.705,414.349,14.91
2008-10-01,322.672,402.209,14.48
2008-10-02,322.655,395.971,14.08
2008-10-03,322.647,393.035,13.86
2008-10-04,322.676,403.813,13.53
2008-10-05,322.669,401.273,13.12
2008-10-06,322.637,389.292,13.4
2008-10-07,322.647,393.023,13.71
2008-10-08,322.653,395.24,13.98
2008-10-09,322.656,396.32,14.25
2008-10-10,322.602,376.705,14.29
2008-10-11,322.58,368.681,14.29
2008-10-12,322.558,360.669,14.33
2008-10-13,322.529,350.606,14.14
2008-10-14,322.509,343.448,14.08
2008-10-15,322.487,335.595,14.45
2008-10-16,322.551,358.541,14.32
2008-10-17,322.944,505.437,13.48
2008-10-18,322.7,412.522,12.5
2008-10-19,322.602,376.861,12.87
2008-10-20,322.558,360.922,13.36
2008-10-21,322.522,348.015,13.57
2008-10-22,322.493,337.558,13.66
2008-10-23,322.498,339.336,13.14
2008-10-24,322.47,329.769,12.89
2008-10-25,322.442,319.823,12.84
2008-10-26,322.42,312.116,12.67
2008-10-27,322.399,305.054,12.59
2008-10-28,322.453,323.793,12.55
2008-10-29,322.652,395.473,12.07
2008-10-30,322.807,452.405,10.63
2008-10-31,322.706,414.706,10.35
2008-11-01,322.684,406.498,10.57
2008-11-02,322.688,408.126,10.52
2008-11-03,322.621,383.461,10.67
2008-11-04,322.562,362.412,10.97
2008-11-05,322.523,348.262,11.17
2008-11-06,322.499,339.839,11.16
2008-11-07,322.488,335.772,11.04
2008-11-08,322.473,330.795,10.98
2008-11-09,322.456,324.683,10.74
2008-11-10,322.438,318.582,10.76
2008-11-11,322.421,312.56,10.71
2008-11-12,322.413,309.697,10.6
2008-11-13,322.413,309.704,10.61
2008-11-14,322.41,308.658,10.44
2008-11-15,322.385,300.282,10.16
2008-11-16,322.365,293.529,9.82
2008-11-17,322.368,294.509,9.94
2008-11-18,322.396,303.903,9.9
2008-11-19,322.363,292.561,9.6
2008-11-20,322.332,282.305,9.66
2008-11-21,322.338,284.558,9.56
2008-11-22,322.692,410.942,8.53
2008-11-23,322.447,321.778,7.68
2008-11-24,322.433,316.673,7.61
2008-11-25,322.418,311.425,7.82
2008-11-26,322.397,304.312,7.75
2008-11-27,322.386,300.517,7.52
2008-11-28,322.368,294.523,7.23
2008-11-29,322.356,290.286,6.99
2008-11-30,322.342,285.621,6.99
2008-12-01,322.328,280.996,6.98
2008-12-02,322.349,287.881,6.97
2008-12-03,322.358,291.094,6.72
2008-12-04,322.344,286.201,6.57
2008-12-05,322.422,312.806,6.88
2008-12-06,322.455,324.248,6.88
2008-12-07,322.483,334.129,6.75
2008-12-08,322.442,320.042,6.61
2008-12-09,322.4,305.183,6.32
2008-12-10,322.399,304.854,6.18
2008-12-11,322.395,303.477,6.07
2008-12-12,322.379,298.152,6.09
2008-12-13,322.375,296.693,6.08
2008-12-14,322.365,293.219,5.91
2008-12-15,322.356,290.41,5.63
2008-12-16,322.362,292.487,5.64
2008-12-17,322.36,291.771,5.64
2008-12-18,322.351,288.612,5.39
2008-12-19,322.34,285.007,5.5
2008-12-20,322.433,316.721,5.68
2008-12-21,322.864,475.986,5.79
2008-12-22,322.902,489.102,5.96
2008-12-23,322.688,408.029,6.11
2008-12-24,322.626,385.41,5.81
2008-12-25,322.581,369.089,5.62
2008-12-26,322.554,359.558,5.22
2008-12-27,322.509,343.513,4.44
2008-12-28,322.471,329.975,4.26
2008-12-29,322.439,318.866,4.14
2008-12-30,322.412,309.497,4.12
2008-12-31,322.395,303.767,4.14
2009-01-01,322.381,301.053,4.15
2009-01-02,322.364,295.617,4.43
2009-01-03,322.34,287.918,4.25
2009-01-04,322.316,280.133,3.83
2009-01-05,322.292,272.627,3.74
2009-01-06,322.278,268.336,3.66
2009-01-07,322.266,264.657,3.57
2009-01-08,322.251,259.874,3.21
2009-01-09,322.241,256.939,2.85
2009-01-10,322.23,253.396,2.96
2009-01-11,322.22,250.292,3.04
2009-01-12,322.206,245.917,2.99
2009-01-13,322.197,243.312,2.87
2009-01-14,322.192,241.719,2.8
2009-01-15,322.19,241.023,3.03
2009-01-16,322.181,238.549,3.5
2009-01-17,322.176,236.869,3.36
2009-01-18,322.176,236.863,2.78
2009-01-19,322.246,258.641,3.02
2009-01-20,322.481,333.61,3.67
2009-01-21,322.362,294.916,3.72
2009-01-22,322.3,275.252,3.64
2009-01-23,322.359,294.257,3.59
2009-01-24,322.535,352.031,3.53
2009-01-25,322.384,302.007,3.32
2009-01-26,322.329,284.431,3.32
2009-01-27,322.289,271.865,3.16
2009-01-28,322.266,264.531,3.29
2009-01-29,322.25,259.613,3.41
2009-01-30,322.234,254.529,3.33
2009-01-31,322.22,250.374,3.16
2009-02-01,322.206,246.118,2.9
2009-02-02,322.192,241.734,2.73
2009-02-03,322.179,237.862,2.81
2009-02-04,322.188,240.741,3.1
2009-02-05,322.184,239.333,3.32
2009-02-06,322.178,237.557,3.49
2009-02-07,322.17,235.244,3.69
2009-02-08,322.189,240.844,3.66
2009-02-09,322.179,237.762,3.59
2009-02-10,322.242,257.201,3.67
2009-02-11,322.359,293.88,3.94
2009-02-12,322.286,270.74,3.63
2009-02-13,322.246,258.433,3.36
2009-02-14,322.227,252.364,3.3
2009-02-15,322.218,249.602,3.2
2009-02-16,322.198,243.7,2.99
2009-02-17,322.2,244.114,3.2
2009-02-18,322.219,249.921,3.3
2009-02-19,322.193,242.134,3.08
2009-02-20,322.192,241.831,2.78
2009-02-21,322.188,240.445,3.07
2009-02-22,322.203,245.18,3.6
2009-02-23,322.235,255.127,3.8
2009-02-24,322.288,271.315,3.96
2009-02-25,322.28,268.875,4.06
2009-02-26,322.271,265.948,4.03
2009-02-27,322.272,266.378,4.14
2009-02-28,322.313,279.37,4.35
2009-03-01,322.329,284.417,4.38
2009-03-02,322.373,298.436,4.4
2009-03-03,322.543,354.438,4.6
2009-03-04,322.514,344.8,4.5
2009-03-05,322.49,336.628,4.46
2009-03-06,322.564,361.558,4.21
2009-03-07,322.589,370.18,4.18
2009-03-08,322.54,353.264,4.41
2009-03-09,322.658,394.072,4.5
2009-03-10,322.636,386.172,4.69
2009-03-11,322.727,418.281,4.61
2009-03-12,322.661,394.95,4.68
2009-03-13,322.612,377.834,4.78
2009-03-14,322.65,391.121,5.19
2009-03-15,322.714,413.641,5.47
2009-03-16,322.786,439.474,5.5
2009-03-17,322.716,414.371,5.65
2009-03-18,322.69,405.21,5.84
2009-03-19,322.668,397.368,5.87
2009-03-20,322.623,381.712,5.67
2009-03-21,322.582,367.609,5.33
2009-03-22,322.548,356.121,5.33
2009-03-23,322.517,345.679,5.64
2009-03-24,322.594,372.076,5.88
2009-03-25,322.617,379.618,5.62
2009-03-26,322.651,391.564,5.34
2009-03-27,322.886,477.023,5.85
2009-03-28,322.989,514.717,6.0
2009-03-29,322.941,496.31,5.8
2009-03-30,322.832,455.901,5.9
2009-03-31,322.771,433.954,5.95
2009-04-01,322.74,422.738,6.07
2009-04-02,322.789,440.613,6.36
2009-04-03,322.849,462.355,7.26
2009-04-04,322.913,485.96,7.42
2009-04-05,322.916,487.185,7.37
2009-04-06,322.933,493.378,7.75
2009-04-07,322.939,495.846,8.28
2009-04-08,322.929,492.059,8.46
2009-04-09,322.918,487.92,7.86
2009-04-10,322.939,495.529,8.6
2009-04-11,322.95,499.967,9.13
2009-04-12,322.949,499.244,9.18
2009-04-13,322.942,496.853,9.1
2009-04-14,322.94,495.837,9.51
2009-04-15,322.935,494.345,10.14
2009-04-16,322.944,497.424,10.65
2009-04-17,322.958,502.971,9.44
2009-04-18,322.927,490.971,7.77
2009-04-19,322.919,488.128,7.91
2009-04-20,322.915,486.543,10.44
2009-04-21,322.928,491.475,11.93
2009-04-22,322.923,489.704,12.34
2009-04-23,322.919,488.114,12.31
2009-04-24,322.917,487.366,12.33
2009-04-25,322.891,477.67,12.99
2009-04-26,322.878,472.8,12.87
2009-04-27,322.879,473.239,12.43
2009-04-28,322.878,473.059,11.71
2009-04-29,322.906,483.444,10.11
2009-04-30,322.908,484.065,10.42
2009-05-01,322.882,474.371,10.82
2009-05-02,322.876,472.179,12.25
2009-05-03,322.96,503.516,12.12
2009-05-04,322.997,517.699,12.36
2009-05-05,323.044,535.632,11.63
2009-05-06,322.954,501.266,11.54
2009-05-07,322.941,496.359,10.3
2009-05-08,322.941,496.312,11.9
2009-05-09,322.958,502.929,13.06
2009-05-10,322.968,506.542,13.35
2009-05-11,322.97,507.221,13.09
2009-05-12,322.993,516.001,13.38
2009-05-13,323.022,527.187,13.95
2009-05-14,323.049,537.682,14.31
2009-05-15,323.07,545.558,14.41
2009-05-16,323.078,548.72,13.51
2009-05-17,323.087,552.239,13.16
2009-05-18,323.104,559.032,14.72
2009-05-19,323.105,559.407,13.9
2009-05-20,323.107,559.927,15.49
2009-05-21,323.11,561.14,16.05
2009-05-22,323.133,570.401,16.2
2009-05-23,323.136,571.41,15.81
2009-05-24,323.141,573.69,16.9
2009-05-25,323.156,579.377,17.8
2009-05-26,323.193,594.22,18.19
2009-05-27,323.48,713.063,16.33
2009-05-28,323.364,664.005,16.66
2009-05-29,323.319,645.226,16.1
2009-05-30,323.291,633.768,17.77
2009-05-31,323.254,618.907,17.84
2009-06-01,323.218,604.165,17.4
2009-06-02,323.181,589.493,17.41
2009-06-03,323.148,576.171,17.41
2009-06-04,323.118,564.503,16.93
2009-06-05,323.098,556.66,17.21
2009-06-06,323.109,561.134,17.55
2009-06-07,323.175,587.036,17.04
2009-06-08,323.172,585.703,15.8
2009-06-09,323.18,588.945,17.04
2009-06-10,323.166,583.426,17.34
2009-06-11,323.162,581.832,17.35
2009-06-12,323.149,576.678,15.35
2009-06-13,323.128,568.254,16.83
2009-06-14,323.104,558.899,17.83
2009-06-15,323.106,559.666,17.88
2009-06-16,323.545,744.37,17.64
2009-06-17,323.393,676.401,16.63
2009-06-18,323.26,621.115,18.53
2009-06-19,323.388,676.023,18.42
2009-06-20,323.7,809.913,17.09
2009-06-21,323.431,692.313,17.59
2009-06-22,323.484,715.051,17.87
2009-06-23,323.694,808.275,17.04
2009-06-24,323.76,837.173,16.29
2009-06-25,323.528,733.727,17.55
2009-06-26,323.45,700.142,18.17
2009-06-27,323.458,703.643,17.82
2009-06-28,323.449,699.735,17.71
2009-06-29,323.412,684.164,18.8
2009-06-30,323.38,670.617,19.31
2009-07-01,323.359,661.884,20.0
2009-07-02,323.337,652.633,20.57
2009-07-03,323.323,646.958,20.74
2009-07-04,323.34,653.93,19.76
2009-07-05,323.296,635.853,20.98
2009-07-06,323.305,639.637,21.74
2009-07-07,323.351,658.735,20.12
2009-07-08,323.326,648.095,19.28
2009-07-09,323.332,650.553,18.14
2009-07-10,323.269,624.69,17.93
2009-07-11,323.232,609.933,17.44
2009-07-12,323.196,595.275,17.94
2009-07-13,323.167,583.872,18.7
2009-07-14,323.14,573.198,18.99
2009-07-15,323.267,624.506,18.93
2009-07-16,323.152,577.748,19.52
2009-07-17,323.185,591.473,19.32
2009-07-18,324.289,1099.3,16.66
2009-07-19,323.757,835.502,15.32
2009-07-20,323.526,732.837,16.55
2009-07-21,323.438,695.136,17.82
2009-07-22,323.381,671.266,18.7
2009-07-23,323.344,655.814,18.52
2009-07-24,323.366,664.879,18.34
2009-07-25,323.442,696.931,18.26
2009-07-26,323.393,676.241,17.41
2009-07-27,323.337,652.693,19.11
2009-07-28,323.436,694.46,19.6
2009-07-29,323.372,667.357,19.8
2009-07-30,323.303,638.677,20.17
2009-07-31,323.271,625.579,18.95
2009-08-01,323.226,607.282,20.15
2009-08-02,323.213,602.11,20.21
2009-08-03,323.211,601.341,19.36
2009-08-04,323.334,651.834,19.48
2009-08-05,323.246,615.676,19.93
2009-08-06,323.19,592.877,20.73
2009-08-07,323.155,578.904,21.07
2009-08-08,323.137,571.796,21.27
2009-08-09,323.214,602.604,20.6
2009-08-10,323.142,574.033,21.15
2009-08-11,323.133,570.491,20.84
2009-08-12,323.111,561.515,20.37
2009-08-13,323.057,540.611,21.11
2009-08-14,323.034,531.589,21.06
2009-08-15,323.013,523.675,21.71
2009-08-16,322.988,513.997,22.12
2009-08-17,322.957,502.42,22.45
2009-08-18,322.929,492.004,22.6
2009-08-19,322.909,484.3,22.87
2009-08-20,322.881,473.998,23.72
2009-08-21,322.852,463.44,23.81
2009-08-22,322.844,460.312,23.21
2009-08-23,322.812,448.562,23.1
2009-08-24,322.768,432.712,23.22
2009-08-25,322.738,421.952,23.43
2009-08-26,322.746,425.046,22.82
2009-08-27,322.731,419.617,22.61
2009-08-28,322.688,404.22,23.05
2009-08-29,322.651,391.435,22.66
2009-08-30,322.634,385.336,21.65
2009-08-31,322.615,378.984,21.93
2009-09-01,322.588,369.795,22.41
2009-09-02,322.609,377.099,22.62
2009-09-03,322.739,422.564,21.67
2009-09-04,322.664,396.07,20.48
2009-09-05,322.788,440.813,19.15
2009-09-06,322.674,399.288,18.41
2009-09-07,322.623,381.817,19.39
2009-09-08,322.583,368.048,19.94
2009-09-09,322.554,358.074,20.19
2009-09-10,322.529,349.506,20.14
2009-09-11,322.506,341.976,20.1
2009-09-12,322.481,333.69,19.86
2009-09-13,322.461,327.098,19.72
2009-09-14,322.451,323.659,19.52
2009-09-15,322.449,323.212,18.9
2009-09-16,322.424,314.839,18.78
2009-09-17,322.451,323.838,18.81
2009-09-18,322.442,320.64,18.81
2009-09-19,322.393,304.888,18.84
2009-09-20,322.394,305.139,19.23
2009-09-21,322.375,298.862,19.09
2009-09-22,322.375,298.888,19.15
2009-09-23,322.349,290.589,19.3
2009-09-24,322.334,285.933,19.3
2009-09-25,322.318,280.941,19.27
2009-09-26,322.297,274.353,19.09
2009-09-27,322.283,269.954,18.95
2009-09-28,322.271,266.007,18.99
2009-09-29,322.254,260.947,18.92
2009-09-30,322.244,257.783,18.69
2009-10-01,322.231,253.711,18.43
2009-10-02,322.221,250.708,18.39
2009-10-03,322.204,245.295,18.03
2009-10-04,322.186,240.033,17.73
2009-10-05,322.186,239.791,17.43
2009-10-06,322.185,239.536,17.13
2009-10-07,322.181,238.399,17.46
2009-10-08,322.187,240.269,17.87
2009-10-09,322.201,244.612,17.96
2009-10-10,322.192,241.751,17.73
2009-10-11,322.213,248.131,17.46
2009-10-12,322.276,268.234,16.84
2009-10-13,322.345,289.41,15.51
2009-10-14,322.273,266.676,14.46
2009-10-15,322.25,259.707,14.49
2009-10-16,322.221,250.581,14.1
2009-10-17,322.212,247.793,13.95
2009-10-18,322.334,286.056,13.34
2009-10-19,322.294,273.21,12.38
2009-10-20,322.277,267.975,12.54
2009-10-21,322.272,266.266,12.64
2009-10-22,322.314,279.712,12.68
2009-10-23,322.311,278.773,12.43
2009-10-24,322.317,280.402,12.55
2009-10-25,322.313,279.318,12.81
2009-10-26,322.309,278.142,12.95
2009-10-27,322.301,275.421,12.93
2009-10-28,322.289,271.636,12.54
2009-10-29,322.279,268.48,12.4
2009-10-30,322.271,266.135,12.24
2009-10-31,322.258,262.075,12.26
2009-11-01,322.247,258.579,12.22
2009-11-02,322.282,269.405,12.05
2009-11-03,322.405,308.732,11.86
2009-11-04,322.406,309.537,11.21
2009-11-05,322.491,337.193,11.1
2009-11-06,322.393,304.837,10.71
2009-11-07,322.357,293.169,10.64
2009-11-08,322.332,285.187,10.6
2009-11-09,322.35,290.893,10.66
2009-11-10,322.373,298.501,10.42
2009-11-11,322.344,288.946,10.23
2009-11-12,322.324,282.64,10.27
2009-11-13,322.319,281.078,10.17
2009-11-14,322.321,281.724,10.26
2009-11-15,322.329,284.317,10.27
2009-11-16,322.405,308.667,10.36
2009-11-17,322.456,325.518,10.61
2009-11-18,322.552,359.405,10.66
2009-11-19,322.551,357.342,10.42
2009-11-20,322.435,318.647,10.01
2009-11-21,322.393,304.812,9.98
2009-11-22,322.358,293.548,9.89
2009-11-23,322.324,282.877,9.85
2009-11-24,322.398,306.826,9.96
2009-11-25,322.491,336.929,9.86
2009-11-26,322.399,306.922,9.5
2009-11-27,322.365,296.0,9.36
2009-11-28,322.353,291.998,9.1
2009-11-29,322.329,284.281,8.99
2009-11-30,322.364,295.683,8.68
2009-12-01,322.479,333.109,8.37
2009-12-02,322.491,336.879,8.1
2009-12-03,322.435,318.547,8.13
2009-12-04,322.501,340.466,8.15
2009-12-05,322.479,333.057,7.94
2009-12-06,322.428,316.118,7.82
2009-12-07,322.544,355.713,8.13
2009-12-08,323.1,558.973,8.17
2009-12-09,322.787,439.887,7.66
2009-12-10,322.619,380.31,7.56
2009-12-11,322.649,390.785,7.52
2009-12-12,322.681,401.794,7.54
2009-12-13,322.621,380.961,7.19
2009-12-14,322.574,364.75,6.67
2009-12-15,322.537,352.206,6.31
2009-12-16,322.511,343.532,6.1
2009-12-17,322.483,334.337,6.03
2009-12-18,322.464,327.891,5.83
2009-12-19,322.431,317.011,5.41
2009-12-20,322.409,310.063,4.79
2009-12-21,322.404,308.299,4.69
2009-12-22,322.396,305.612,5.39
2009-12-23,322.481,333.805,5.72
2009-12-24,322.499,339.652,5.71
2009-12-25,322.57,364.172,5.67
2009-12-26,322.615,379.057,5.35
2009-12-27,322.497,338.908,4.88
2009-12-28,322.457,325.634,4.92
2009-12-29,322.457,325.83,5.06
2009-12-30,322.982,517.055,5.46
2009-12-31,323.043,535.485,5.88
2010-01-01,322.882,474.681,5.9
2010-01-02,322.768,432.706,5.35
2010-01-03,322.664,395.818,4.48
2010-01-04,322.606,375.924,3.94
2010-01-05,322.565,361.692,3.68
2010-01-06,322.526,348.581,3.84
2010-01-07,322.496,338.474,4.13
2010-01-08,322.474,331.152,4.18
2010-01-09,322.445,321.664,3.97
2010-01-10,322.42,313.507,3.76
2010-01-11,322.403,308.046,3.78
2010-01-12,322.393,304.661,3.85
2010-01-13,322.384,302.028,3.98
2010-01-14,322.378,300.057,4.14
2010-01-15,322.36,294.324,4.33
2010-01-16,322.344,289.108,4.29
2010-01-17,322.377,299.747,4.3
2010-01-18,322.426,315.473,4.45
2010-01-19,322.389,303.57,4.25
2010-01-20,322.358,293.442,4.0
2010-01-21,322.341,287.992,3.92
2010-01-22,322.336,286.387,4.14
2010-01-23,322.32,281.442,4.21
2010-01-24,322.303,276.164,3.98
2010-01-25,322.288,271.267,3.86
2010-01-26,322.276,267.742,4.02
2010-01-27,322.265,264.151,3.7
2010-01-28,322.249,259.3,3.19
2010-01-29,322.257,261.847,3.19
2010-01-30,322.257,261.647,3.42
2010-01-31,322.238,255.835,3.32
2010-02-01,322.223,251.303,3.0
2010-02-02,322.203,245.418,3.12
2010-02-03,322.221,250.768,3.19
2010-02-04,322.265,264.297,3.51
2010-02-05,322.277,267.867,3.64
2010-02-06,322.442,320.681,3.74
2010-02-07,322.414,311.547,3.96
2010-02-08,322.375,299.142,3.91
2010-02-09,322.331,284.922,3.57
2010-02-10,322.31,278.258,3.42
2010-02-11,322.295,273.579,3.09
2010-02-12,322.284,269.984,2.76
2010-02-13,322.264,263.976,2.62
2010-02-14,322.258,262.174,2.64
2010-02-15,322.25,259.469,2.79
2010-02-16,322.229,253.145,2.55
2010-02-17,322.228,252.727,2.51
2010-02-18,322.222,251.05,3.05
2010-02-19,322.234,254.504,3.32
2010-02-20,322.298,274.617,3.59
2010-02-21,322.282,269.601,3.75
2010-02-22,322.276,267.722,3.84
2010-02-23,322.298,274.672,4.21
2010-02-24,322.403,308.148,4.57
2010-02-25,322.45,323.499,4.69
2010-02-26,322.545,355.317,4.99
2010-02-27,322.545,355.232,5.0
2010-02-28,322.445,321.795,4.97
2010-03-01,322.485,335.089,5.23
2010-03-02,322.462,327.394,5.2
2010-03-03,322.431,317.03,4.91
2010-03-04,322.404,308.453,4.7
2010-03-05,322.364,295.5,4.55
2010-03-06,322.331,284.911,4.11
2010-03-07,322.332,285.131,3.76
2010-03-08,322.32,281.428,3.58
2010-03-09,322.3,275.243,3.19
2010-03-10,322.289,271.833,2.93
2010-03-11,322.282,269.581,2.99
2010-03-12,322.274,267.028,3.28
2010-03-13,322.26,262.534,3.5
2010-03-14,322.253,260.383,3.82
2010-03-15,322.241,256.684,4.06
2010-03-16,322.247,258.62,4.29
2010-03-17,322.273,266.77,4.59
2010-03-18,322.258,262.05,4.7
2010-03-19,322.272,266.384,5.15
2010-03-20,322.304,276.365,5.65
2010-03-21,322.464,328.399,6.1
2010-03-22,322.658,394.025,6.29
2010-03-23,322.528,349.198,6.28
2010-03-24,322.476,331.894,6.38
2010-03-25,322.461,327.019,6.58
2010-03-26,322.468,329.442,6.8
2010-03-27,322.578,366.422,6.51
2010-03-28,322.647,390.72,6.36
2010-03-29,322.725,417.404,6.62
2010-03-30,322.614,378.789,6.93
2010-03-31,322.577,365.767,6.78
2010-04-01,322.549,356.423,6.49
2010-04-02,322.53,349.992,5.94
2010-04-03,322.518,345.994,6.5
2010-04-04,322.492,337.235,7.06
2010-04-05,322.476,331.973,7.22
2010-04-06,322.478,332.723,6.77
2010-04-07,322.459,326.32,7.42
2010-04-08,322.448,322.689,8.22
2010-04-09,322.446,322.025,8.56
2010-04-10,322.44,320.053,8.36
2010-04-11,322.433,317.868,9.02
2010-04-12,322.415,311.941,9.01
2010-04-13,322.397,306.146,8.6
2010-04-14,322.391,304.217,8.66
2010-04-15,322.401,307.312,8.61
2010-04-16,322.376,299.448,8.47
2010-04-17,322.362,294.694,8.75
2010-04-18,322.351,291.247,9.45
2010-04-19,322.351,291.15,9.75
2010-04-20,322.34,287.665,9.85
2010-04-21,322.331,285.093,9.66
2010-04-22,322.338,287.242,9.67
2010-04-23,322.34,287.712,9.03
2010-04-24,322.335,286.336,10.23
2010-04-25,322.342,288.505,11.4
2010-04-26,322.358,293.419,12.08
2010-04-27,322.37,297.395,12.29
2010-04-28,322.363,295.006,12.61
2010-04-29,322.355,292.561,13.17
2010-04-30,322.375,299.116,13.86
2010-05-01,322.44,320.027,12.61
2010-05-02,322.526,348.791,10.81
2010-05-03,322.79,441.351,11.54
2010-05-04,322.729,419.094,11.31
2010-05-05,322.718,415.081,11.66
2010-05-06,322.702,409.424,11.41
2010-05-07,322.751,426.74,11.29
2010-05-08,322.772,434.114,10.31
2010-05-09,322.732,419.768,11.51
2010-05-10,322.782,437.73,11.96
2010-05-11,322.881,474.12,11.95
2010-05-12,322.88,473.609,12.3
2010-05-13,323.045,535.949,11.95
2010-05-14,322.958,502.942,11.92
2010-05-15,322.927,491.137,11.67
2010-05-16,322.958,503.04,11.72
2010-05-17,322.926,490.813,11.24
2010-05-18,322.872,470.603,11.07
2010-05-19,322.865,467.973,11.69
2010-05-20,322.844,460.264,11.91
2010-05-21,322.837,457.719,11.78
2010-05-22,322.814,449.423,12.55
2010-05-23,322.782,437.668,13.71
2010-05-24,322.754,427.894,14.43
2010-05-25,322.738,422.12,14.61
2010-05-26,322.72,415.699,13.98
2010-05-27,322.779,436.826,13.42
2010-05-28,322.809,447.741,13.48
2010-05-29,322.821,451.902,13.89
2010-05-30,322.915,487.02,14.95
2010-05-31,323.388,674.621,12.87
2010-06-01,323.135,571.205,11.73
2010-06-02,323.082,550.211,13.2
2010-06-03,323.48,718.933,13.36
2010-06-04,323.44,696.111,13.39
2010-06-05,323.283,630.594,15.25
2010-06-06,323.232,610.035,15.47
2010-06-07,323.318,645.139,15.46
2010-06-08,323.28,629.563,14.51
2010-06-09,323.262,621.833,15.93
2010-06-10,323.252,617.801,17.35
2010-06-11,323.253,618.452,18.03
2010-06-12,323.252,618.024,18.33
2010-06-13,323.286,631.63,16.68
2010-06-14,323.37,666.709,18.1
2010-06-15,323.395,677.003,18.57
2010-06-16,323.376,668.91,18.54
2010-06-17,323.389,674.56,18.26
2010-06-18,324.121,1014.562,17.03
2010-06-19,324.299,1100.093,14.6
2010-06-20,324.175,1041.063,14.76
2010-06-21,324.023,966.321,15.13
2010-06-22,323.881,899.534,15.23
2010-06-23,323.74,834.644,15.78
2010-06-24,323.66,798.763,16.53
2010-06-25,323.606,774.619,16.68
2010-06-26,323.547,748.98,17.1
2010-06-27,323.492,724.84,17.67
2010-06-28,323.445,704.815,18.33
2010-06-29,323.4,685.859,19.0
2010-06-30,323.36,669.095,19.38
2010-07-01,323.326,655.132,19.9
2010-07-02,323.29,640.29,20.61
2010-07-03,323.262,628.646,21.34
2010-07-04,323.247,622.544,21.49
2010-07-05,323.229,615.097,21.42
2010-07-06,323.216,609.984,21.98
2010-07-07,323.173,592.727,22.01
2010-07-08,323.128,574.784,22.2
2010-07-09,323.096,562.189,22.1
2010-07-10,323.061,548.504,22.49
2010-07-11,323.035,538.461,22.81
2010-07-12,323.012,529.647,22.52
2010-07-13,323.024,534.079,23.33
2010-07-14,323.014,530.104,23.26
2010-07-15,322.978,516.438,23.97
2010-07-16,322.944,503.374,23.39
2010-07-17,322.922,495.139,24.12
2010-07-18,323.19,601.536,22.65
2010-07-19,322.989,520.694,23.19
2010-07-20,322.913,492.041,23.91
2010-07-21,322.866,474.224,23.89
2010-07-22,322.841,464.883,23.55
2010-07-23,323.02,533.112,22.41
2010-07-24,323.361,671.575,19.96
2010-07-25,323.157,586.143,18.81
2010-07-26,323.059,547.737,20.17
2010-07-27,323.317,654.407,20.33
2010-07-28,323.248,623.181,18.76
2010-07-29,323.418,697.357,19.2
2010-07-30,323.682,808.746,17.64
2010-07-31,323.426,697.106,18.3
2010-08-01,323.319,652.035,19.67
2010-08-02,323.428,697.953,19.63
2010-08-03,323.562,755.381,18.92
2010-08-04,323.501,729.024,18.42
2010-08-05,323.501,730.367,19.07
2010-08-06,324.149,1028.565,17.13
2010-08-07,323.777,851.34,18.05
2010-08-08,323.681,808.067,18.98
2010-08-09,323.672,803.725,18.97
2010-08-10,323.597,770.818,19.84
2010-08-11,323.536,743.93,20.22
2010-08-12,323.533,742.858,19.7
2010-08-13,323.546,748.472,19.44
2010-08-14,323.517,735.847,19.61
2010-08-15,323.672,803.844,19.6
2010-08-16,323.624,782.716,18.29
2010-08-17,323.604,773.556,17.44
2010-08-18,323.578,762.217,17.39
2010-08-19,323.551,750.471,18.04
2010-08-20,323.528,740.701,18.48
2010-08-21,323.483,720.99,19.03
2010-08-22,323.45,707.112,19.51
2010-08-23,323.408,689.369,19.46
2010-08-24,323.394,683.355,18.91
2010-08-25,323.375,675.367,18.32
2010-08-26,323.319,651.973,19.2
2010-08-27,323.303,645.288,19.69
2010-08-28,323.777,856.192,18.41
2010-08-29,323.707,820.3,17.42
2010-08-30,323.637,789.338,16.96
2010-08-31,323.783,854.297,15.24
2010-09-01,323.636,788.07,16.46
2010-09-02,323.549,749.683,17.35
2010-09-03,323.495,726.356,17.31
2010-09-04,323.445,704.975,17.38
2010-09-05,323.402,686.66,17.11
2010-09-06,323.358,668.443,17.35
2010-09-07,323.316,650.996,17.51
2010-09-08,323.28,636.203,17.25
2010-09-09,323.3,644.098,17.1
2010-09-10,323.269,631.469,16.77
2010-09-11,323.226,613.924,17.14
2010-09-12,323.189,599.23,17.52
2010-09-13,323.218,610.727,17.36
2010-09-14,323.198,602.75,16.83
2010-09-15,323.148,582.718,16.99
2010-09-16,323.112,568.577,16.35
2010-09-17,323.096,561.977,16.32
2010-09-18,323.068,551.272,16.67
2010-09-19,323.03,536.606,16.72
2010-09-20,322.991,521.554,16.81
2010-09-21,322.957,508.568,16.91
2010-09-22,322.921,494.97,16.9
2010-09-23,322.893,484.235,16.96
2010-09-24,322.872,476.397,16.88
2010-09-25,323.174,602.368,16.3
2010-09-26,323.87,900.457,13.84
2010-09-27,323.231,616.314,14.66
2010-09-28,323.092,560.755,14.97
2010-09-29,323.03,536.382,15.07
2010-09-30,322.989,520.655,15.35
2010-10-01,322.975,515.327,15.47
2010-10-02,322.952,506.603,15.33
2010-10-03,322.906,489.219,15.44
2010-10-04,322.875,477.729,15.68
2010-10-05,322.863,473.267,15.87
2010-10-06,322.845,466.549,15.48
2010-10-07,322.821,457.577,15.32
2010-10-08,322.794,447.608,15.52
2010-10-09,322.766,437.729,15.78
2010-10-10,322.738,427.528,15.4
2010-10-11,322.713,418.598,14.98
2010-10-12,322.683,407.91,14.84
2010-10-13,322.66,399.674,14.61
2010-10-14,322.637,391.691,14.34
2010-10-15,322.619,385.51,14.27
2010-10-16,322.603,379.865,13.93
2010-10-17,322.597,377.592,13.73
2010-10-18,322.674,404.7,13.37
2010-10-19,322.607,381.143,12.79
2010-10-20,322.777,442.588,12.62
2010-10-21,322.793,447.556,11.57
2010-10-22,322.688,409.522,11.59
2010-10-23,322.657,398.7,11.74
2010-10-24,322.713,418.747,11.98
2010-10-25,322.88,479.939,11.44
2010-10-26,322.859,471.845,10.65
2010-10-27,322.75,431.689,10.69
2010-10-28,322.699,413.734,10.88
2010-10-29,322.699,413.445,11.01
2010-10-30,322.681,407.224,10.84
2010-10-31,322.643,393.654,10.87
2010-11-01,322.608,381.652,11.03
2010-11-02,322.575,369.993,11.1
2010-11-03,322.543,359.021,11.05
2010-11-04,322.512,348.672,11.2
2010-11-05,322.502,345.33,11.53
2010-11-06,322.476,336.619,11.47
2010-11-07,322.462,331.851,11.26
2010-11-08,322.468,333.819,10.8
2010-11-09,322.461,331.492,10.52
2010-11-10,322.437,323.604,10.54
2010-11-11,322.435,322.699,10.45
2010-11-12,322.601,380.844,10.28
2010-11-13,322.817,457.222,10.36
2010-11-14,322.613,383.233,10.54
2010-11-15,322.561,365.337,10.32
2010-11-16,322.756,434.628,10.18
2010-11-17,322.767,438.206,9.62
2010-11-18,322.679,406.64,9.4
2010-11-19,322.64,392.849,9.4
2010-11-20,322.616,384.457,9.45
2010-11-21,322.581,372.315,9.21
2010-11-22,322.554,362.842,9.15
2010-11-23,322.557,363.861,8.97
2010-11-24,322.554,362.989,8.68
2010-11-25,322.548,360.779,8.45
2010-11-26,322.546,360.079,8.26
2010-11-27,322.534,356.167,7.83
2010-11-28,322.519,350.96,7.59
2010-11-29,322.508,347.261,7.64
2010-11-30,322.5,344.522,7.21
2010-12-01,322.489,340.891,6.9
2010-12-02,322.485,339.625,6.7
2010-12-03,322.476,336.468,6.44
2010-12-04,322.464,332.483,6.29
2010-12-05,322.453,328.78,6.05
2010-12-06,322.723,424.18,5.81
2010-12-07,323.412,691.58,5.7
2010-12-08,323.227,614.652,6.4
2010-12-09,323.395,684.555,6.54
2010-12-10,323.077,555.032,5.62
2010-12-11,322.956,507.993,5.72
2010-12-12,322.915,492.687,5.92
2010-12-13,322.876,478.094,5.82
2010-12-14,322.83,461.114,5.21
2010-12-15,322.789,445.921,4.9
2010-12-16,322.767,437.956,4.66
2010-12-17,322.758,434.661,4.48
2010-12-18,322.735,426.464,4.45
2010-12-19,322.7,413.782,4.32
2010-12-20,322.766,437.639,4.76
2010-12-21,322.854,469.879,5.12
2010-12-22,322.862,472.777,5.15
2010-12-23,322.871,476.244,5.22
2010-12-24,322.945,503.868,5.03
2010-12-25,322.907,489.736,4.49
2010-12-26,322.813,454.776,3.98
2010-12-27,322.75,431.788,3.42
2010-12-28,322.713,418.67,3.52
2010-12-29,322.693,411.319,3.83
2010-12-30,322.681,407.226,4.24
2010-12-31,322.67,403.415,4.39
2011-01-01,322.652,396.838,4.41
2011-01-02,322.632,389.913,4.36
2011-01-03,322.6,378.745,4.0
2011-01-04,322.562,365.801,3.59
2011-01-05,322.538,357.415,3.65
2011-01-06,322.535,356.36,3.73
2011-01-07,322.616,384.448,4.32
2011-01-08,322.727,423.62,4.67
2011-01-09,322.713,418.691,4.62
2011-01-10,322.846,466.992,4.73
2011-01-11,322.765,437.249,4.85
2011-01-12,322.712,418.06,4.9
2011-01-13,322.956,509.213,5.14
2011-01-14,323.083,554.153,5.73
2011-01-15,322.978,511.634,5.52
2011-01-16,322.941,496.655,5.12
2011-01-17,322.877,473.124,4.77
2011-01-18,322.838,458.693,4.68
2011-01-19,322.818,451.351,4.93
2011-01-20,322.802,445.548,4.75
2011-01-21,322.774,435.75,4.47
2011-01-22,322.747,425.957,4.07
2011-01-23,322.714,414.253,3.77
2011-01-24,322.683,403.446,3.63
2011-01-25,322.668,398.385,3.94
2011-01-26,322.648,391.285,4.14
2011-01-27,322.634,386.531,4.24
2011-01-28,322.611,378.575,4.21
2011-01-29,322.584,369.342,3.99
2011-01-30,322.557,360.277,3.81
2011-01-31,322.536,353.013,3.47
2011-02-01,322.517,346.82,3.34
2011-02-02,322.508,343.531,3.25
2011-02-03,322.495,339.379,3.33
2011-02-04,322.481,334.733,3.58
2011-02-05,322.471,331.191,4.08
2011-02-06,322.466,329.848,4.23
2011-02-07,322.453,325.385,3.94
2011-02-08,322.438,320.437,3.8
2011-02-09,322.423,315.687,3.78
2011-02-10,322.406,309.866,3.78
2011-02-11,322.392,305.347,4.05
2011-02-12,322.378,300.897,4.33
2011-02-13,322.367,297.399,4.44
2011-02-14,322.353,292.779,4.52
2011-02-15,322.338,287.886,4.42
2011-02-16,322.327,284.385,4.38
2011-02-17,322.314,280.426,4.52
2011-02-18,322.305,277.405,4.6
2011-02-19,322.295,274.153,4.61
2011-02-20,322.304,277.062,4.67
2011-02-21,322.317,281.355,4.49
2011-02-22,322.301,276.079,4.45
2011-02-23,322.287,271.882,4.28
2011-02-24,322.274,267.754,4.0
2011-02-25,322.282,270.081,4.29
2011-02-26,322.338,288.131,4.55
2011-02-27,322.358,294.37,4.62
2011-02-28,322.425,316.19,4.84
2011-03-01,322.39,304.721,4.73
2011-03-02,322.364,296.291,4.83
2011-03-03,322.331,285.84,4.65
2011-03-04,322.302,276.634,4.47
2011-03-05,322.284,270.903,4.53
2011-03-06,322.275,267.994,4.53
2011-03-07,322.262,263.753,4.67
2011-03-08,322.244,258.178,4.64
2011-03-09,322.232,254.378,4.83
2011-03-10,322.231,254.183,5.26
2011-03-11,322.239,256.56,5.55
2011-03-12,322.246,259.02,5.49
2011-03-13,322.236,255.736,5.48
2011-03-14,322.24,257.068,5.67
2011-03-15,322.234,255.108,5.91
2011-03-16,322.229,253.525,6.25
2011-03-17,322.239,256.541,6.52
2011-03-18,322.573,366.323,6.51
2011-03-19,322.457,326.833,6.06
2011-03-20,322.493,338.836,5.7
2011-03-21,322.424,315.786,5.75
2011-03-22,322.388,304.103,5.99
2011-03-23,322.359,294.648,6.24
2011-03-24,322.345,290.261,6.77
2011-03-25,322.334,286.815,7.3
2011-03-26,322.324,283.622,7.52
2011-03-27,322.323,283.322,7.23
2011-03-28,322.32,282.231,6.87
2011-03-29,322.322,282.855,7.21
2011-03-30,322.302,276.559,7.94
2011-03-31,322.298,275.149,8.21
2011-04-01,322.3,275.783,7.67
2011-04-02,322.312,279.735,7.88
2011-04-03,322.307,278.122,8.25
2011-04-04,322.388,304.313,9.43
2011-04-05,322.454,325.674,9.54
2011-04-06,322.374,299.752,8.93
2011-04-07,322.353,292.938,10.23
2011-04-08,322.352,292.55,11.28
2011-04-09,322.357,294.11,10.52
2011-04-10,322.348,291.292,11.22
2011-04-11,322.341,289.068,12.32
2011-04-12,322.323,283.334,12.75
2011-04-13,322.343,289.634,11.11
2011-04-14,322.349,291.676,8.23
2011-04-15,322.339,288.42,9.51
2011-04-16,322.323,283.079,10.97
2011-04-17,322.311,279.393,11.58
2011-04-18,322.302,276.433,11.98
2011-04-19,322.29,272.611,12.35
2011-04-20,322.279,269.186,12.76
2011-04-21,322.272,266.917,12.93
2011-04-22,322.264,264.425,13.38
2011-04-23,322.26,263.393,13.52
2011-04-24,322.252,260.694,13.48
2011-04-25,322.248,259.577,13.26
2011-04-26,322.241,257.27,12.59
2011-04-27,322.241,257.373,13.96
2011-04-28,322.244,258.405,14.52
2011-04-29,322.24,256.864,14.58
2011-04-30,322.24,256.919,15.08
2011-05-01,322.244,258.333,15.37
2011-05-02,322.232,254.436,15.5
2011-05-03,322.24,256.976,15.87
2011-05-04,322.242,257.506,15.64
2011-05-05,322.223,251.598,15.45
2011-05-06,322.21,247.678,15.7
2011-05-07,322.196,243.391,16.14
2011-05-08,322.189,241.26,16.55
2011-05-09,322.197,243.525,16.93
2011-05-10,322.177,237.397,17.37
2011-05-11,322.172,235.93,18.0
2011-05-12,322.182,238.88,17.93
2011-05-13,322.205,246.098,17.91
2011-05-14,322.203,245.386,16.98
2011-05-15,322.387,304.406,16.99
2011-05-16,322.401,308.244,15.17
2011-05-17,322.349,291.607,14.96
2011-05-18,322.329,285.052,14.23
2011-05-19,322.317,281.21,16.86
2011-05-20,322.312,279.613,17.93
2011-05-21,322.316,281.021,17.5
2011-05-22,322.313,279.978,18.38
2011-05-23,322.321,282.574,19.15
2011-05-24,322.316,280.981,18.49
2011-05-25,322.31,278.925,19.37
2011-05-26,322.294,274.009,18.11
2011-05-27,322.327,284.402,19.25
2011-05-28,322.405,309.591,16.7
2011-05-29,322.388,304.133,17.32
2011-05-30,322.376,300.299,18.72
2011-05-31,322.373,299.302,19.54
2011-06-01,322.538,354.211,18.41
2011-06-02,322.495,339.307,15.26
2011-06-03,322.461,327.914,17.23
2011-06-04,322.429,317.522,18.18
2011-06-05,322.419,314.232,18.91
2011-06-06,322.422,315.212,19.27
2011-06-07,322.435,319.636,18.31
2011-06-08,322.415,312.995,17.84
2011-06-09,322.423,315.454,17.27
2011-06-10,322.46,327.89,16.19
2011-06-11,322.441,321.353,17.36
2011-06-12,322.449,323.981,17.55
2011-06-13,322.444,322.307,17.86
2011-06-14,322.441,321.364,18.3
2011-06-15,322.434,318.981,18.8
2011-06-16,322.43,317.782,19.49
2011-06-17,322.548,357.642,19.65
2011-06-18,322.717,415.898,18.92
2011-06-19,322.861,467.672,16.66
2011-06-20,322.721,417.018,15.71
2011-06-21,322.699,409.046,16.26
2011-06-22,322.704,410.851,18.18
2011-06-23,322.78,438.023,17.87
2011-06-24,322.803,445.986,17.6
2011-06-25,322.788,440.654,17.5
2011-06-26,322.76,430.521,17.91
2011-06-27,322.739,423.134,19.03
2011-06-28,322.724,417.932,20.13
2011-06-29,322.711,413.216,20.38
2011-06-30,323.242,617.771,19.27
2011-07-01,323.011,523.254,17.89
2011-07-02,322.885,475.855,18.51
2011-07-03,322.82,452.214,19.5
2011-07-04,322.778,436.965,19.97
2011-07-05,322.736,422.259,20.54
2011-07-06,322.707,411.955,20.36
2011-07-07,322.694,407.279,20.02
2011-07-08,322.82,452.228,20.49
2011-07-09,322.746,425.621,21.23
2011-07-10,322.746,425.736,21.73
2011-07-11,323.046,537.842,21.04
2011-07-12,322.773,435.474,21.46
2011-07-13,322.96,504.573,22.25
2011-07-14,323.406,682.014,19.63
2011-07-15,323.033,531.328,18.5
2011-07-16,322.934,493.978,19.58
2011-07-17,322.911,485.636,20.68
2011-07-18,322.963,504.869,19.39
2011-07-19,322.932,493.241,19.12
2011-07-20,323.055,540.098,19.06
2011-07-21,323.152,577.362,16.52
2011-07-22,323.209,600.27,17.87
2011-07-23,323.313,641.833,17.65
2011-07-24,323.417,684.959,17.31
2011-07-25,323.354,658.893,16.35
2011-07-26,323.268,623.833,17.83
2011-07-27,323.232,609.089,18.32
2011-07-28,323.243,613.628,18.3
2011-07-29,323.257,619.426,18.18
2011-07-30,323.238,611.659,18.43
2011-07-31,323.182,589.461,18.68
2011-08-01,323.132,569.746,19.26
2011-08-02,323.099,556.938,19.54
2011-08-03,323.066,543.989,19.85
2011-08-04,323.117,563.829,19.68
2011-08-05,323.079,549.049,19.52
2011-08-06,323.106,559.686,19.89
2011-08-07,323.195,595.809,20.19
2011-08-08,323.282,629.546,18.7
2011-08-09,323.164,582.007,17.84
2011-08-10,323.18,588.555,17.42
2011-08-11,323.178,587.648,18.54
2011-08-12,323.142,573.635,19.32
2011-08-13,323.12,564.961,19.07
2011-08-14,323.085,551.234,19.16
2011-08-15,323.244,615.412,19.18
2011-08-16,323.254,618.158,19.01
2011-08-17,323.133,570.132,19.82
2011-08-18,323.085,551.222,20.71
2011-08-19,323.047,536.906,21.24
2011-08-20,323.018,525.862,20.9
2011-08-21,322.976,509.726,21.81
2011-08-22,322.939,496.063,22.48
2011-08-23,322.906,483.549,23.08
2011-08-24,322.888,478.08,23.27
2011-08-25,322.924,490.478,23.24
2011-08-26,322.864,468.255,23.2
2011-08-27,322.863,468.002,22.69
2011-08-28,322.841,459.843,20.06
2011-08-29,322.789,441.262,20.94
2011-08-30,322.751,427.302,20.99
2011-08-31,322.72,416.49,20.85
2011-09-01,322.699,409.224,21.17
2011-09-02,322.678,401.668,21.33
2011-09-03,322.654,393.294,21.51
2011-09-04,322.657,394.342,21.65
2011-09-05,322.833,457.371,20.86
2011-09-06,322.845,461.397,19.29
2011-09-07,322.737,422.707,19.29
2011-09-08,322.694,407.227,18.92
2011-09-09,322.674,400.471,18.58
2011-09-10,322.668,398.111,19.41
2011-09-11,322.649,391.819,20.29
2011-09-12,322.65,391.953,20.38
2011-09-13,322.661,395.755,19.65
2011-09-14,322.657,394.591,19.74
2011-09-15,322.673,399.866,19.28
2011-09-16,322.633,386.115,19.72
2011-09-17,322.71,413.383,19.91
2011-09-18,322.813,450.071,19.37
2011-09-19,322.921,489.492,17.34
2011-09-20,322.8,445.067,17.23
2011-09-21,322.756,429.109,17.85
2011-09-22,322.718,415.937,18.21
2011-09-23,322.695,407.761,18.46
2011-09-24,322.678,401.787,18.51
2011-09-25,322.658,394.802,18.58
2011-09-26,322.641,388.884,18.6
2011-09-27,322.625,383.304,18.67
2011-09-28,322.614,379.616,18.64
2011-09-29,322.601,375.001,18.61
2011-09-30,322.587,370.409,18.35
2011-10-01,322.572,365.198,18.15
2011-10-02,322.557,360.3,18.04
2011-10-03,322.541,354.699,18.19
2011-10-04,322.522,348.179,18.29
2011-10-05,322.502,341.713,18.24
2011-10-06,322.488,336.96,17.99
2011-10-07,322.556,360.035,17.54
2011-10-08,322.626,383.797,16.02
2011-10-09,322.778,437.079,14.95
2011-10-10,323.039,539.373,14.73
2011-10-11,323.05,538.797,13.96
2011-10-12,322.865,468.55,14.64
2011-10-13,322.836,458.116,15.0
2011-10-14,322.838,458.885,15.0
2011-10-15,322.816,450.959,14.62
2011-10-16,322.791,441.679,14.16
2011-10-17,322.766,432.856,14.25
2011-10-18,322.747,426.105,14.26
2011-10-19,322.751,427.599,14.14
2011-10-20,322.779,437.588,13.22
2011-10-21,322.749,426.839,12.97
2011-10-22,322.72,416.536,12.77
2011-10-23,322.689,405.725,12.66
2011-10-24,322.662,396.237,12.65
2011-10-25,322.634,386.517,12.71
2011-10-26,322.613,379.178,12.61
2011-10-27,322.595,372.958,12.55
2011-10-28,322.57,364.5,12.35
2011-10-29,322.547,356.762,12.32
2011-10-30,322.527,350.073,12.36
2011-10-31,322.502,341.492,12.38
2011-11-01,322.48,334.426,12.21
2011-11-02,322.461,328.058,12.26
2011-11-03,322.443,322.055,12.12
2011-11-04,322.425,316.125,12.04
2011-11-05,322.41,311.149,11.97
2011-11-06,322.395,306.555,11.94
2011-11-07,322.384,302.969,12.0
2011-11-08,322.378,300.977,11.95
2011-11-09,322.364,296.266,11.9
2011-11-10,322.348,291.287,11.68
2011-11-11,322.338,287.93,11.4
2011-11-12,322.321,282.731,11.27
2011-11-13,322.306,277.923,11.24
2011-11-14,322.294,273.884,11.06
2011-11-15,322.278,268.881,10.81
2011-11-16,322.266,265.112,10.49
2011-11-17,322.255,261.553,10.21
2011-11-18,322.244,258.119,10.0
2011-11-19,322.232,254.508,9.86
2011-11-20,322.217,249.932,9.79
2011-11-21,322.204,245.902,9.77
2011-11-22,322.19,241.458,9.71
2011-11-23,322.178,237.862,9.56
2011-11-24,322.169,234.977,9.34
2011-11-25,322.156,231.16,9.09
2011-11-26,322.146,227.935,8.96
2011-11-27,322.138,225.606,8.94
2011-11-28,322.134,224.407,9.0
2011-11-29,322.124,221.4,8.97
2011-11-30,322.117,219.141,8.82
2011-12-01,322.109,216.692,8.8
2011-12-02,322.11,217.026,8.93
2011-12-03,322.111,217.339,8.86
2011-12-04,322.091,211.344,8.95
2011-12-05,322.154,230.291,8.9
2011-12-06,322.216,249.439,8.6
2011-12-07,322.319,282.227,7.88
2011-12-08,322.596,374.101,7.56
2011-12-09,322.31,279.248,7.34
2011-12-10,322.307,278.309,7.96
2011-12-11,322.438,320.382,8.26
2011-12-12,322.374,299.576,8.06
2011-12-13,322.385,303.021,7.79
2011-12-14,322.365,296.707,7.44
2011-12-15,322.409,310.841,7.46
2011-12-16,322.698,411.679,7.17
2011-12-17,322.974,511.493,6.85
2011-12-18,322.587,370.633,6.44
2011-12-19,322.492,338.4,6.29
2011-12-20,322.444,322.435,6.03
2011-12-21,322.417,313.437,5.94
2011-12-22,322.62,385.552,6.23
2011-12-23,323.49,717.568,6.09
2011-12-24,322.98,511.258,6.55
2011-12-25,322.798,444.463,6.18
2011-12-26,322.675,400.588,5.89
2011-12-27,322.61,378.249,5.67
2011-12-28,322.566,363.234,5.56
2011-12-29,322.527,350.074,5.51
2011-12-30,322.532,351.789,5.46
2011-12-31,322.555,359.414,5.37
2012-01-01,323.174,587.547,5.75
2012-01-02,322.983,512.777,6.19
2012-01-03,323.006,521.548,6.0
2012-01-04,322.905,483.428,5.86
2012-01-05,322.965,506.284,5.63
2012-01-06,323.19,589.682,5.4
2012-01-07,322.95,493.678,5.29
2012-01-08,322.929,485.886,5.38
2012-01-09,322.913,479.807,5.5
2012-01-10,322.853,458.125,5.62
2012-01-11,322.829,449.326,5.61
2012-01-12,322.781,432.176,5.43
2012-01-13,322.745,419.522,5.17
2012-01-14,322.718,410.207,4.97
2012-01-15,322.684,398.376,4.54
2012-01-16,322.651,387.205,4.3
2012-01-17,322.612,373.904,4.08
2012-01-18,322.586,364.997,4.02
2012-01-19,322.551,353.364,4.25
2012-01-20,322.778,433.366,4.99
2012-01-21,322.934,487.761,4.85
2012-01-22,323.113,555.79,5.29
2012-01-23,323.005,514.007,5.41
2012-01-24,322.919,481.87,5.21
2012-01-25,322.861,460.819,4.99
2012-01-26,322.804,440.461,4.92
2012-01-27,322.766,427.031,4.84
2012-01-28,322.805,440.912,4.95
2012-01-29,322.788,434.763,4.85
2012-01-30,322.73,414.382,4.56
2012-01-31,322.7,403.754,4.41
2012-02-01,322.667,392.363,4.09
2012-02-02,322.64,383.154,3.5
2012-02-03,322.604,371.284,2.9
2012-02-04,322.571,359.941,2.4
2012-02-05,322.553,354.061,2.1
2012-02-06,322.526,344.959,1.97
2012-02-07,322.508,339.276,1.76
2012-02-08,322.497,335.62,1.66
2012-02-09,322.478,329.364,1.51
2012-02-10,322.473,327.593,1.63
2012-02-11,322.456,321.955,1.5
2012-02-12,322.431,314.07,1.21
2012-02-13,322.41,307.263,1.12
2012-02-14,322.405,305.567,1.18
2012-02-15,322.39,300.819,1.81
2012-02-16,322.392,301.587,2.07
2012-02-17,322.388,300.104,2.35
2012-02-18,322.377,296.776,2.58
2012-02-19,322.384,298.997,2.74
2012-02-20,322.396,302.901,2.65
2012-02-21,322.362,292.102,2.38
2012-02-22,322.34,285.082,2.29
2012-02-23,322.323,279.727,2.5
2012-02-24,322.317,277.807,2.86
2012-02-25,322.386,299.665,3.51
2012-02-26,322.558,355.695,3.7
2012-02-27,322.507,338.916,3.45
2012-02-28,322.429,313.266,3.63
2012-03-01,322.42,310.339,4.35
2012-03-02,322.472,327.314,4.57
2012-03-03,322.514,341.119,4.7
2012-03-04,322.51,339.877,4.98
2012-03-05,322.487,332.045,4.92
2012-03-06,322.476,328.742,4.48
2012-03-07,322.435,315.21,4.5
2012-03-08,322.417,309.404,4.69
2012-03-09,322.415,308.962,4.64
2012-03-10,322.401,304.54,4.67
2012-03-11,322.391,301.217,4.81
2012-03-12,322.385,299.299,4.9
2012-03-13,322.373,295.555,5.45
2012-03-14,322.386,299.609,5.68
2012-03-15,322.393,301.951,5.83
2012-03-16,322.404,305.267,6.17
2012-03-17,322.414,308.664,6.45
2012-03-18,322.421,310.711,6.35
2012-03-19,322.462,324.085,5.93
2012-03-20,322.492,333.855,5.67
2012-03-21,322.454,321.371,6.16
2012-03-22,322.442,317.431,6.76
2012-03-23,322.455,321.899,7.42
2012-03-24,322.461,323.652,7.64
2012-03-25,322.462,324.116,7.77
2012-03-26,322.465,325.039,8.08
2012-03-27,322.467,325.517,8.79
2012-03-28,322.465,324.987,9.01
2012-03-29,322.469,326.456,9.07
2012-03-30,322.484,331.262,9.28
2012-03-31,322.503,337.378,7.6
2012-04-01,322.511,340.205,7.67
2012-04-02,322.5,336.508,8.31
2012-04-03,322.496,335.217,9.46
2012-04-04,322.541,349.921,9.59
2012-04-05,322.548,352.337,8.21
2012-04-06,322.568,358.934,8.73
2012-04-07,322.568,359.01,9.89
2012-04-08,322.638,382.62,9.47
2012-04-09,322.595,368.182,8.63
2012-04-10,322.593,367.462,8.97
2012-04-11,322.594,367.641,8.81
2012-04-12,322.628,379.208,8.32
2012-04-13,322.634,381.31,7.47
2012-04-14,322.618,375.96,8.56
2012-04-15,322.593,367.535,8.86
2012-04-16,322.879,469.017,8.68
2012-04-17,322.829,449.422,8.32
2012-04-18,322.7,404.057,9.06
2012-04-19,322.644,384.603,8.86
2012-04-20,322.631,380.222,8.83
2012-04-21,322.625,378.087,8.65
2012-04-22,322.619,376.012,8.52
2012-04-23,322.615,374.706,7.91
2012-04-24,322.612,373.878,8.48
2012-04-25,322.635,381.712,8.91
2012-04-26,322.602,370.432,9.22
2012-04-27,322.616,375.199,10.45
2012-04-28,322.625,378.094,11.28
2012-04-29,322.676,395.731,11.93
2012-04-30,322.706,405.959,11.8
2012-05-01,322.699,403.603,10.92
2012-05-02,322.729,413.982,11.24
2012-05-03,322.746,419.847,11.44
2012-05-04,322.765,426.557,11.53
2012-05-05,322.824,447.468,12.82
2012-05-06,322.884,469.127,11.97
2012-05-07,322.897,473.84,11.59
2012-05-08,322.867,463.161,12.26
2012-05-09,322.875,465.844,13.05
2012-05-10,322.889,470.904,13.04
2012-05-11,322.906,477.16,13.91
2012-05-12,323.051,531.988,14.35
2012-05-13,323.174,579.18,13.88
2012-05-14,323.074,540.254,14.66
2012-05-15,323.028,522.512,14.73
2012-05-16,323.014,517.451,12.22
2012-05-17,323.084,544.014,9.73
2012-05-18,323.066,537.192,12.6
2012-05-19,323.038,526.466,13.31
2012-05-20,323.019,519.3,13.84
2012-05-21,323.016,518.122,14.27
2012-05-22,323.047,529.956,13.67
2012-05-23,323.067,537.594,13.25
2012-05-24,323.128,560.856,13.46
2012-05-25,323.138,564.647,14.27
2012-05-26,323.128,560.829,15.86
2012-05-27,323.122,558.592,16.41
2012-05-28,323.115,555.692,16.38
2012-05-29,323.111,554.276,16.54
2012-05-30,323.093,547.374,16.29
2012-05-31,323.09,546.126,16.72
2012-06-01,323.088,545.578,16.7
2012-06-02,323.124,559.487,15.56
2012-06-03,323.142,566.169,17.72
2012-06-04,323.413,676.768,16.3
2012-06-05,323.468,698.938,15.16
2012-06-06,323.465,697.613,15.61
2012-06-07,323.437,685.735,15.84
2012-06-08,323.992,937.267,16.23
2012-06-09,323.948,914.534,14.87
2012-06-10,323.895,889.452,15.13
2012-06-11,323.854,869.738,15.76
2012-06-12,323.99,936.672,14.67
2012-06-13,324.314,1095.119,13.95
2012-06-14,324.076,975.615,14.2
2012-06-15,323.942,911.115,15.66
2012-06-16,323.86,872.404,16.37
2012-06-17,323.803,846.438,16.66
2012-06-18,323.761,827.166,17.75
2012-06-19,323.732,814.254,17.32
2012-06-20,323.712,804.978,18.16
2012-06-21,323.714,806.055,17.77
2012-06-22,323.705,801.874,18.16
2012-06-23,323.677,789.466,17.69
2012-06-24,323.642,774.051,18.71
2012-06-25,323.655,779.564,17.64
2012-06-26,323.746,820.334,17.38
2012-06-27,323.654,779.346,18.65
2012-06-28,323.616,762.592,18.84
2012-06-29,323.591,751.337,19.55
2012-06-30,323.576,745.072,20.1
2012-07-01,323.622,765.175,19.38
2012-07-02,323.615,761.988,19.31
2012-07-03,323.653,778.849,19.59
2012-07-04,323.557,736.942,19.49
2012-07-05,323.535,727.287,20.12
2012-07-06,323.538,728.499,19.66
2012-07-07,323.516,719.061,19.46
2012-07-08,323.47,699.698,20.4
2012-07-09,323.441,687.288,19.47
2012-07-10,323.438,685.988,20.48
2012-07-11,323.408,673.734,20.48
2012-07-12,323.357,652.263,19.52
2012-07-13,323.318,636.295,19.19
2012-07-14,323.285,623.132,19.74
2012-07-15,323.244,606.671,18.01
2012-07-16,323.246,607.218,18.34
2012-07-17,323.218,596.252,18.5
2012-07-18,323.188,584.181,17.56
2012-07-19,323.157,572.139,18.98
2012-07-20,323.143,566.638,17.65
2012-07-21,323.169,576.829,18.31
2012-07-22,323.168,576.562,18.16
2012-07-23,323.122,558.72,18.87
2012-07-24,323.067,537.432,19.26
2012-07-25,323.034,524.804,19.51
2012-07-26,323.007,514.713,19.3
2012-07-27,322.981,504.905,20.14
2012-07-28,322.973,502.021,20.55
2012-07-29,322.965,498.993,19.69
2012-07-30,322.964,498.587,19.05
2012-07-31,322.912,479.303,19.64
2012-08-01,322.875,465.996,20.28
2012-08-02,322.861,460.795,21.25
2012-08-03,322.838,452.522,20.99
2012-08-04,322.812,443.238,21.41
2012-08-05,322.814,444.137,22.28
2012-08-06,322.794,436.942,22.03
2012-08-07,322.836,452.065,20.7
2012-08-08,322.811,442.824,20.84
2012-08-09,322.783,433.106,21.66
2012-08-10,322.767,427.142,22.2
2012-08-11,322.752,421.876,22.21
2012-08-12,322.735,416.081,22.39
2012-08-13,322.717,409.969,22.54
2012-08-14,322.692,401.23,22.5
2012-08-15,322.679,396.783,22.63
2012-08-16,322.88,468.362,22.81
2012-08-17,322.807,441.45,21.79
2012-08-18,322.712,408.092,22.41
2012-08-19,322.676,395.704,23.07
2012-08-20,322.662,390.77,23.56
2012-08-21,322.673,394.496,23.53
2012-08-22,322.65,386.852,23.65
2012-08-23,322.663,391.159,23.61
2012-08-24,322.667,392.627,23.17
2012-08-25,322.755,423.299,22.93
2012-08-26,322.946,492.573,22.16
2012-08-27,322.879,467.481,20.12
2012-08-28,322.824,447.406,21.05
2012-08-29,322.809,442.379,21.79
2012-08-30,322.811,443.033,21.94
2012-08-31,323.174,581.31,20.43
2012-09-01,323.545,732.033,17.85
2012-09-02,323.258,612.703,18.4
2012-09-03,323.107,552.989,19.46
2012-09-04,323.045,529.056,19.79
2012-09-05,323.01,516.006,19.99
2012-09-06,322.975,502.892,19.92
2012-09-07,322.948,492.687,19.66
2012-09-08,322.928,485.466,19.78
2012-09-09,322.903,476.321,19.76
2012-09-10,322.874,465.759,20.02
2012-09-11,322.851,457.432,20.1
2012-09-12,323.077,543.289,19.54
2012-09-13,323.091,546.981,17.61
2012-09-14,322.968,500.34,17.79
2012-09-15,322.914,480.022,18.4
2012-09-16,322.882,468.537,18.49
2012-09-17,322.842,454.049,18.78
2012-09-18,322.813,443.806,18.81
2012-09-19,323.008,517.458,18.6
2012-09-20,323.039,526.866,17.06
2012-09-21,322.911,479.002,17.44
2012-09-22,322.939,489.388,17.9
2012-09-23,323.173,578.866,16.92
2012-09-24,322.997,511.112,17.3
2012-09-25,322.964,498.735,17.07
2012-09-26,322.912,479.414,17.1
2012-09-27,323.04,527.526,17.12
2012-09-28,323.028,522.722,16.27
2012-09-29,323.023,520.892,16.59
2012-09-30,323.031,523.767,16.47
2012-10-01,323.007,514.581,16.53
2012-10-02,322.98,504.511,16.59
2012-10-03,322.957,496.088,16.48
2012-10-04,322.931,486.389,16.33
2012-10-05,322.917,481.254,16.13
2012-10-06,322.904,476.686,16.24
2012-10-07,322.901,475.254,16.37
2012-10-08,322.993,509.578,15.6
2012-10-09,323.179,583.043,15.55
2012-10-10,324.175,1024.946,14.82
2012-10-11,323.928,906.637,14.58
2012-10-12,323.591,751.459,15.18
2012-10-13,323.541,729.802,14.76
2012-10-14,323.449,690.898,14.76
2012-10-15,323.51,717.367,14.61
2012-10-16,323.515,718.784,13.76
2012-10-17,323.415,676.322,14.15
2012-10-18,323.353,650.928,14.34
2012-10-19,323.304,630.734,14.35
2012-10-20,323.26,612.865,14.34
2012-10-21,323.216,595.462,14.33
2012-10-22,323.176,579.519,14.35
2012-10-23,323.137,564.246,14.24
2012-10-24,323.099,549.77,13.94
2012-10-25,323.067,537.505,13.79
2012-10-26,323.033,524.523,13.64
2012-10-27,323.064,536.225,13.34
2012-10-28,323.092,546.864,12.27
2012-10-29,323.047,529.806,11.85
2012-10-30,323.03,523.326,11.61
2012-10-31,323.004,513.751,11.41
2012-11-01,322.998,511.145,11.31
2012-11-02,323.202,590.629,11.23
2012-11-03,323.149,569.258,11.05
2012-11-04,323.043,528.158,11.45
2012-11-05,323.241,605.655,11.36
2012-11-06,323.176,579.707,10.79
2012-11-07,323.11,553.863,10.42
2012-11-08,323.028,522.586,10.33
2012-11-09,322.975,502.863,10.37
2012-11-10,322.947,492.338,10.64
2012-11-11,323.121,559.461,10.8
2012-11-12,323.242,606.27,10.6
2012-11-13,323.099,549.654,10.57
2012-11-14,323.035,525.443,10.5
2012-11-15,322.991,508.878,10.29
2012-11-16,322.959,496.611,10.16
2012-11-17,322.924,483.925,10.04
2012-11-18,322.892,472.146,10.03
2012-11-19,322.857,459.516,9.95
2012-11-20,322.819,445.678,9.88
2012-11-21,322.788,434.891,9.7
2012-11-22,322.76,424.88,9.59
2012-11-23,322.731,414.748,9.78
2012-11-24,322.704,405.449,9.76
2012-11-25,322.675,395.418,9.76
2012-11-26,322.675,395.383,9.74
2012-11-27,322.637,382.306,9.73
2012-11-28,322.641,383.772,9.54
2012-11-29,322.822,447.232,9.12
2012-11-30,322.805,440.876,8.35
2012-12-01,322.745,419.521,8.19
2012-12-02,322.697,402.829,7.85
2012-12-03,322.671,394.055,7.72
2012-12-04,322.889,472.253,7.68
2012-12-05,322.945,491.657,7.35
2012-12-06,322.819,445.849,7.37
2012-12-07,322.771,428.661,6.99
2012-12-08,322.741,418.286,6.71
2012-12-09,322.701,404.285,6.6
2012-12-10,322.675,395.341,6.24
2012-12-11,322.663,391.279,6.38
2012-12-12,322.655,388.373,6.13
2012-12-13,322.64,383.29,5.62
2012-12-14,322.636,382.063,5.57
2012-12-15,322.984,508.564,5.85
2012-12-16,323.259,612.488,5.94
2012-12-17,323.277,619.639,6.22
2012-12-18,323.353,650.786,6.21
2012-12-19,323.203,590.597,6.09
2012-12-20,323.054,532.344,6.04
2012-12-21,323.038,526.453,5.95
2012-12-22,323.055,533.065,6.08
2012-12-23,323.522,724.544,6.39
2012-12-24,323.425,681.177,6.35
2012-12-25,323.246,607.459,6.19
2012-12-26,323.398,669.478,6.49
2012-12-27,323.324,638.883,6.36
2012-12-28,323.413,675.687,6.39
2012-12-29,323.25,608.879,6.18
2012-12-30,323.145,567.596,6.0
2012-12-31,323.087,545.088,5.92
2013-01-01,323.036,525.458,5.79
2013-01-02,323.015,517.561,5.96
2013-01-03,322.972,501.467,5.73
2013-01-04,322.926,484.615,5.89
2013-01-05,322.947,492.204,6.21
2013-01-06,322.956,495.633,6.21
2013-01-07,322.943,490.756,6.07
2013-01-08,322.906,477.121,5.94
2013-01-09,322.871,464.547,5.69
2013-01-10,322.862,461.209,5.54
2013-01-11,322.912,479.64,5.61
2013-01-12,322.893,472.536,5.55
2013-01-13,322.849,456.619,5.45
2013-01-14,322.813,443.51,5.34
2013-01-15,322.781,432.27,5.15
2013-01-16,322.748,420.501,4.94
2013-01-17,322.729,414.096,4.67
2013-01-18,322.715,409.252,4.48
2013-01-19,322.695,402.178,4.43
2013-01-20,322.676,395.765,4.52
2013-01-21,322.658,389.37,4.59
2013-01-22,322.643,384.265,4.67
2013-01-23,322.621,376.857,4.57
2013-01-24,322.601,369.992,4.35
2013-01-25,322.58,363.183,4.25
2013-01-26,322.56,356.446,4.21
2013-01-27,322.535,347.905,4.06
2013-01-28,322.558,355.525,4.33
2013-01-29,322.578,362.329,4.47
2013-01-30,322.795,437.86,4.95
2013-01-31,323.167,578.354,5.46
2013-02-01,322.921,485.535,5.37
2013-02-02,323.579,753.724,5.69
2013-02-03,323.179,589.575,4.98
2013-02-04,323.011,524.238,4.62
2013-02-05,323.066,545.826,4.9
2013-02-06,323.082,552.048,4.76
2013-02-07,323.002,520.545,4.45
2013-02-08,322.953,501.712,4.48
2013-02-09,322.927,491.691,4.43
2013-02-10,322.897,480.043,4.26
2013-02-11,322.859,465.499,4.06
2013-02-12,322.828,453.805,4.11
2013-02-13,322.793,440.513,4.08
2013-02-14,322.763,429.334,3.86
2013-02-15,322.746,423.097,3.91
2013-02-16,322.737,419.672,4.29
2013-02-17,322.722,414.411,4.33
2013-02-18,322.706,408.517,4.38
2013-02-19,322.687,401.419,4.31
2013-02-20,322.675,396.977,4.32
2013-02-21,322.656,390.167,4.02
2013-02-22,322.628,380.202,3.66
2013-02-23,322.602,370.98,3.25
2013-02-24,322.577,361.853,3.34
2013-02-25,322.553,353.363,3.39
2013-02-26,322.535,347.262,3.42
2013-02-27,322.522,342.754,3.63
2013-02-28,322.508,337.649,3.83
2013-03-01,322.503,335.918,3.89
2013-03-02,322.49,331.521,3.86
2013-03-03,322.479,327.738,3.78
2013-03-04,322.472,325.238,3.82
2013-03-05,322.472,325.414,3.97
2013-03-06,322.481,328.541,4.19
2013-03-07,322.605,371.906,4.6
2013-03-08,322.659,391.272,4.98
2013-03-09,322.731,417.639,5.39
2013-03-10,322.681,399.173,5.68
2013-03-11,322.66,391.521,5.58
2013-03-12,322.649,387.602,5.26
2013-03-13,322.62,377.255,5.03
2013-03-14,322.609,373.252,4.43
2013-03-15,322.582,363.841,4.32
2013-03-16,322.56,356.017,4.38
2013-03-17,322.538,348.046,4.59
2013-03-18,322.537,347.895,4.87
2013-03-19,322.543,349.823,5.1
2013-03-20,322.53,345.437,5.27
2013-03-21,322.506,336.942,5.31
2013-03-22,322.497,334.109,5.6
2013-03-23,322.483,328.978,5.83
2013-03-24,322.47,324.649,5.55
2013-03-25,322.459,320.77,5.22
2013-03-26,322.443,315.503,4.93
2013-03-27,322.431,311.346,4.87
2013-03-28,322.446,316.679,4.94
2013-03-29,322.581,363.406,5.14
2013-03-30,322.651,388.547,5.22
2013-03-31,322.753,425.65,5.2
2013-04-01,322.652,388.825,5.2
2013-04-02,322.597,369.086,5.61
2013-04-03,322.551,352.733,5.33
2013-04-04,322.527,344.485,5.42
2013-04-05,322.515,340.276,5.7
2013-04-06,322.505,336.885,5.53
2013-04-07,322.473,325.667,5.65
2013-04-08,322.463,322.417,5.56
2013-04-09,322.479,327.615,5.66
2013-04-10,322.487,330.49,6.14
2013-04-11,322.525,343.622,6.8
2013-04-12,322.753,425.756,7.35
2013-04-13,322.717,412.578,7.49
2013-04-14,322.65,388.187,7.69
2013-04-15,322.647,387.044,8.3
2013-04-16,322.673,396.529,9.01
2013-04-17,322.676,397.503,9.21
2013-04-18,322.688,401.88,9.35
2013-04-19,322.84,458.911,9.59
2013-04-20,323.378,671.925,7.43
2013-04-21,323.317,646.603,7.9
2013-04-22,323.202,599.794,8.61
2013-04-23,323.062,544.249,8.81
2013-04-24,322.999,519.393,8.97
2013-04-25,322.983,513.238,9.62
2013-04-26,322.979,511.551,10.36
2013-04-27,322.994,517.404,10.15
2013-04-28,323.002,520.742,8.79
2013-04-29,322.99,515.887,9.9
2013-04-30,322.972,508.786,10.58
2013-05-01,323.0,519.783,10.51
2013-05-02,323.063,544.524,11.56
2013-05-03,323.376,671.139,11.41
2013-05-04,323.238,614.413,10.77
2013-05-05,323.206,601.53,9.87
2013-05-06,323.189,594.718,11.41
2013-05-07,323.216,605.691,12.19
2013-05-08,323.207,602.084,11.51
2013-05-09,323.199,598.575,13.01
2013-05-10,323.386,675.035,12.38
2013-05-11,323.445,699.327,11.61
2013-05-12,323.378,671.897,11.53
2013-05-13,323.42,689.144,10.58
2013-05-14,323.343,657.17,11.33
2013-05-15,323.302,640.507,12.61
2013-05-16,323.27,627.48,12.81
2013-05-17,323.258,622.606,12.62
2013-05-18,323.249,618.769,11.44
2013-05-19,323.22,607.265,12.87
2013-05-20,323.201,599.679,11.76
2013-05-21,323.188,594.45,11.06
2013-05-22,323.241,615.825,11.45
2013-05-23,323.473,711.398,10.8
2013-05-24,323.322,648.798,10.96
2013-05-25,323.284,633.145,10.87
2013-05-26,323.246,617.844,11.62
2013-05-27,323.311,644.189,10.28
2013-05-28,323.28,631.345,11.28
2013-05-29,323.296,638.203,11.96
2013-05-30,323.295,637.779,10.7
2013-05-31,323.537,740.432,10.99
2013-06-01,324.875,1382.522,9.73
2013-06-02,325.148,1537.506,10.17
2013-06-03,324.361,1109.603,10.23
2013-06-04,324.087,979.017,10.97
2013-06-05,323.978,929.554,11.84
2013-06-06,323.914,900.899,12.03
2013-06-07,323.872,882.309,12.42
2013-06-08,323.826,862.298,12.96
2013-06-09,323.788,845.466,13.31
2013-06-10,324.077,976.449,12.74
2013-06-11,324.191,1027.849,11.66
2013-06-12,324.201,1032.164,12.99
2013-06-13,324.041,958.117,14.08
2013-06-14,323.987,933.576,13.98
2013-06-15,323.945,914.761,14.56
2013-06-16,323.918,902.938,14.7
2013-06-17,323.886,888.737,16.06
2013-06-18,323.908,898.32,16.69
2013-06-19,323.909,898.773,17.68
2013-06-20,323.902,895.405,17.63
2013-06-21,323.882,886.983,16.45
2013-06-22,323.865,879.361,17.28
2013-06-23,323.834,865.601,17.37
2013-06-24,323.828,862.834,15.77
2013-06-25,323.932,909.197,16.12
2013-06-26,323.967,924.564,16.06
2013-06-27,323.86,876.952,16.5
2013-06-28,323.832,864.816,15.83
2013-06-29,323.764,835.201,15.79
2013-06-30,323.933,909.612,15.16
2013-07-01,323.792,847.412,16.12
2013-07-02,323.704,809.136,16.86
2013-07-03,323.679,798.458,16.53
2013-07-04,323.801,851.323,16.03
2013-07-05,323.699,806.905,16.23
2013-07-06,323.557,746.49,17.49
2013-07-07,323.492,719.027,18.67
2013-07-08,323.438,696.668,19.57
2013-07-09,323.408,683.886,20.03
2013-07-10,323.387,675.436,20.41
2013-07-11,323.359,663.739,20.72
2013-07-12,323.313,645.104,21.4
2013-07-13,323.285,633.385,21.45
2013-07-14,323.255,621.426,21.52
2013-07-15,323.196,597.527,21.89
2013-07-16,323.161,583.609,22.04
2013-07-17,323.098,558.383,22.32
2013-07-18,323.069,546.758,22.6
2013-07-19,323.084,552.97,23.18
2013-07-20,323.044,536.943,23.32
2013-07-21,323.017,526.366,23.46
2013-07-22,322.974,509.817,23.9
2013-07-23,322.952,501.353,24.1
2013-07-24,322.982,512.735,23.87
2013-07-25,322.954,501.776,23.5
2013-07-26,322.907,483.927,24.16
2013-07-27,322.834,456.094,24.69
2013-07-28,322.814,448.695,25.12
2013-07-29,322.94,497.011,24.13
2013-07-30,322.904,482.816,22.61
2013-07-31,322.851,462.662,22.46
2013-08-01,322.781,436.087,23.18
2013-08-02,322.723,414.534,23.94
2013-08-03,322.725,415.253,24.03
2013-08-04,322.709,409.439,23.68
2013-08-05,322.681,399.183,23.42
2013-08-06,322.657,390.749,24.39
2013-08-07,322.654,389.549,24.07
2013-08-08,322.626,379.547,23.39
2013-08-09,322.652,388.661,22.39
2013-08-10,322.82,450.734,21.99
2013-08-11,322.711,410.486,22.25
2013-08-12,322.669,394.937,22.37
2013-08-13,322.658,390.888,22.39
2013-08-14,322.65,388.169,22.01
2013-08-15,322.627,379.716,22.3
2013-08-16,322.566,358.215,22.67
2013-08-17,322.505,336.783,22.78
2013-08-18,322.508,337.756,22.71
2013-08-19,322.52,341.853,22.44
2013-08-20,322.487,330.664,21.87
2013-08-21,322.466,323.393,21.75
2013-08-22,322.471,324.898,22.21
2013-08-23,322.477,326.91,22.41
2013-08-24,322.465,323.008,22.34
2013-08-25,322.467,323.672,21.74
2013-08-26,322.479,327.761,20.96
2013-08-27,322.462,321.871,20.68
2013-08-28,322.626,379.967,20.56
2013-08-29,322.645,386.685,19.71
2013-08-30,322.533,346.496,20.45
2013-08-31,322.496,333.559,20.98
2013-09-01,322.477,327.177,21.03
2013-09-02,322.47,324.818,20.42
2013-09-03,322.447,316.964,20.42
2013-09-04,322.424,308.975,20.77
2013-09-05,322.417,306.545,21.26
2013-09-06,322.404,302.373,21.53
2013-09-07,322.393,298.543,21.63
2013-09-08,322.393,298.674,21.31
2013-09-09,322.455,319.611,20.59
2013-09-10,322.461,321.496,19.78
2013-09-11,322.482,328.811,18.83
2013-09-12,322.568,359.828,17.93
2013-09-13,322.672,396.182,16.54
2013-09-14,322.573,360.523,17.15
2013-09-15,322.607,372.57,17.99
2013-09-16,322.625,379.245,17.92
2013-09-17,323.124,570.325,15.5
2013-09-18,322.942,497.492,14.76
2013-09-19,323.335,655.42,14.2
2013-09-20,323.081,551.953,14.3
2013-09-21,322.948,499.725,14.93
2013-09-22,322.893,478.469,15.56
2013-09-23,322.849,461.607,15.96
2013-09-24,322.809,446.768,16.25
2013-09-25,322.773,433.049,16.06
2013-09-26,322.751,425.08,16.31
2013-09-27,322.747,423.519,16.13
2013-09-28,322.733,418.344,16.27
2013-09-29,322.701,406.592,16.56
2013-09-30,322.676,397.541,16.38
2013-10-01,322.662,392.327,16.13
2013-10-02,322.643,385.504,15.91
2013-10-03,322.612,374.549,15.59
2013-10-04,322.608,372.867,15.47
2013-10-05,322.628,380.237,15.68
2013-10-06,322.645,386.334,15.58
2013-10-07,322.617,376.051,14.99
2013-10-08,322.581,363.292,15.19
2013-10-09,322.559,355.471,15.14
2013-10-10,322.588,365.861,14.86
2013-10-11,322.826,453.018,13.83
2013-10-12,322.783,436.948,13.17
2013-10-13,322.711,410.292,13.41
2013-10-14,322.699,405.806,13.71
2013-10-15,322.664,393.183,13.9
2013-10-16,323.098,560.105,13.55
2013-10-17,322.894,479.111,13.09
2013-10-18,322.803,444.37,13.29
2013-10-19,322.758,427.573,13.32
2013-10-20,322.728,416.526,13.64
2013-10-21,322.704,407.828,13.69
2013-10-22,322.679,398.734,13.8
2013-10-23,322.678,398.246,13.84
2013-10-24,322.713,411.127,13.72
2013-10-25,322.742,421.727,13.65
2013-10-26,322.748,423.827,13.71
2013-10-27,322.781,436.168,13.77
2013-10-28,322.759,427.843,13.72
2013-10-29,322.813,448.207,13.53
2013-10-30,322.771,432.411,13.1
2013-10-31,322.75,424.828,12.94
2013-11-01,322.729,416.852,12.75
2013-11-02,322.717,412.391,12.8
2013-11-03,322.899,481.482,12.76
2013-11-04,323.014,525.52,11.62
2013-11-05,322.935,494.838,11.67
2013-11-06,323.087,554.923,11.59
2013-11-07,323.173,588.842,11.27
2013-11-08,322.968,507.271,11.57
2013-11-09,323.038,534.845,11.79
2013-11-10,323.099,558.734,10.81
2013-11-11,323.209,602.818,10.25
2013-11-12,323.08,551.201,10.1
2013-11-13,323.008,522.87,10.01
2013-11-14,322.96,504.22,10.21
2013-11-15,322.942,497.415,10.04
2013-11-16,322.907,484.039,9.87
2013-11-17,322.877,472.267,9.85
2013-11-18,322.855,464.128,9.72
2013-11-19,322.842,459.241,9.59
2013-11-20,322.835,456.373,9.33
2013-11-21,322.818,450.024,9.09
2013-11-22,322.824,452.171,8.77
2013-11-23,322.862,466.621,8.67
2013-11-24,323.105,561.078,8.62
2013-11-25,323.033,532.756,8.31
2013-11-26,322.892,478.21,8.0
2013-11-27,322.829,454.176,7.71
2013-11-28,322.777,434.774,7.39
2013-11-29,322.739,420.637,7.6
2013-11-30,322.73,417.144,7.63
2013-12-01,322.712,410.629,7.48
2013-12-02,322.693,403.765,7.38
2013-12-03,322.661,391.99,7.13
2013-12-04,322.636,382.879,6.91
2013-12-05,322.624,378.657,6.91
2013-12-06,322.601,370.393,6.89
2013-12-07,322.595,368.157,6.66
2013-12-08,322.583,364.23,6.38
2013-12-09,322.561,356.194,6.2
2013-12-10,322.536,347.381,6.1
2013-12-11,322.517,340.917,6.06
2013-12-12,322.504,336.362,6.12
2013-12-13,322.495,333.438,6.03
2013-12-14,322.483,329.166,5.86
2013-12-15,322.474,326.158,5.82
2013-12-16,322.456,319.921,5.82
2013-12-17,322.446,317.079,5.59
2013-12-18,322.428,310.466,5.47
2013-12-19,322.429,310.612,5.51
2013-12-20,322.416,306.467,5.75
2013-12-21,322.406,302.917,5.91
2013-12-22,322.395,299.287,5.77
2013-12-23,322.384,295.451,5.89
2013-12-24,322.386,296.305,5.89
2013-12-25,322.403,301.942,5.56
2013-12-26,322.547,351.733,5.54
2013-12-27,322.588,366.106,5.53
2013-12-28,322.48,328.135,5.29
2013-12-29,322.482,328.64,5.35
2013-12-30,322.468,324.041,5.45
2013-12-31,322.431,311.517,5.29
2014-01-01,322.396,299.653,5.12
2014-01-02,322.38,294.214,5.12
2014-01-03,322.363,288.738,5.19
2014-01-04,322.393,298.85,5.37
2014-01-05,322.432,311.677,5.57
2014-01-06,322.429,310.586,5.42
2014-01-07,322.378,293.452,5.29
2014-01-08,322.365,289.222,5.55
2014-01-09,322.358,286.887,5.6
2014-01-10,322.376,292.967,5.71
2014-01-11,322.404,302.128,5.78
2014-01-12,322.372,291.703,5.68
2014-01-13,322.354,285.744,5.87
2014-01-14,322.377,293.305,5.88
2014-01-15,322.465,322.818,5.67
2014-01-16,322.425,309.442,5.41
2014-01-17,322.427,309.897,5.61
2014-01-18,322.411,304.782,5.65
2014-01-19,322.395,299.197,5.48
2014-01-20,322.388,297.011,5.35
2014-01-21,322.383,295.436,5.45
2014-01-22,322.399,300.483,5.5
2014-01-23,322.379,293.936,5.38
2014-01-24,322.384,295.594,5.23
2014-01-25,322.375,292.687,5.16
2014-01-26,322.354,285.552,5.01
2014-01-27,322.389,297.39,5.14
2014-01-28,322.394,299.005,5.14
2014-01-29,322.371,291.166,4.83
2014-01-30,322.343,282.173,4.6
2014-01-31,322.331,277.981,4.61
2014-02-01,322.319,274.361,4.79
2014-02-02,322.327,276.909,4.95
2014-02-03,322.333,278.676,5.26
2014-02-04,322.32,274.398,5.24
2014-02-05,322.318,273.825,5.15
2014-02-06,322.311,271.661,5.21
2014-02-07,322.313,272.16,5.32
2014-02-08,322.329,277.598,5.16
2014-02-09,322.333,278.698,5.04
2014-02-10,322.323,275.391,5.04
2014-02-11,322.319,274.294,5.08
2014-02-12,322.318,273.812,5.22
2014-02-13,322.332,278.598,5.13
2014-02-14,322.422,308.434,5.15
2014-02-15,322.39,297.737,5.19
2014-02-16,322.455,319.572,5.57
2014-02-17,322.422,308.249,5.61
2014-02-18,322.378,293.554,5.52
2014-02-19,322.355,285.943,5.42
2014-02-20,322.338,280.412,5.58
2014-02-21,322.362,288.333,5.81
2014-02-22,322.37,290.862,5.74
2014-02-23,322.357,286.666,5.74
2014-02-24,322.333,278.781,5.91
2014-02-25,322.313,272.235,5.7
2014-02-26,322.302,268.76,5.83
2014-02-27,322.465,322.432,6.12
2014-02-28,322.474,324.58,6.07
2014-03-01,322.423,306.107,6.23
2014-03-02,322.403,298.407,6.11
2014-03-03,322.387,292.067,5.9
2014-03-04,322.367,284.265,5.76
2014-03-05,322.381,288.595,5.82
2014-03-06,322.378,286.734,6.08
2014-03-07,322.367,282.779,6.24
2014-03-08,322.349,276.931,6.42
2014-03-09,322.338,273.335,6.64
2014-03-10,322.33,270.672,6.94
2014-03-11,322.323,268.52,7.06
2014-03-12,322.308,263.591,7.09
2014-03-13,322.297,259.926,7.23
2014-03-14,322.301,261.168,7.4
2014-03-15,322.295,259.367,7.57
2014-03-16,322.302,261.67,7.45
2014-03-17,322.325,268.922,7.29
2014-03-18,322.298,260.253,7.4
2014-03-19,322.281,254.88,7.5
2014-03-20,322.296,259.713,7.59
2014-03-21,322.29,257.768,7.58
2014-03-22,322.306,262.696,8.04
2014-03-23,322.37,283.952,7.5
2014-03-24,322.413,298.371,6.88
2014-03-25,322.414,298.588,6.84
2014-03-26,322.411,297.648,6.83
2014-03-27,322.397,292.833,7.04
2014-03-28,322.409,297.069,7.73
2014-03-29,322.412,298.118,8.42
2014-03-30,322.407,296.436,8.76
2014-03-31,322.405,295.667,9.05
2014-04-01,322.396,292.689,9.3
2014-04-02,322.395,292.415,9.41
2014-04-03,322.398,293.284,9.88
2014-04-04,322.395,292.375,9.92
2014-04-05,322.399,293.48,9.71
2014-04-06,322.424,301.962,9.36
2014-04-07,322.426,302.804,9.27
2014-04-08,322.456,313.164,9.76
2014-04-09,322.506,330.17,10.39
2014-04-10,322.465,315.943,9.1
2014-04-11,322.449,310.43,9.75
2014-04-12,322.442,308.064,11.56
2014-04-13,322.431,304.304,12.06
2014-04-14,322.42,300.858,11.81
2014-04-15,322.415,298.967,10.73
2014-04-16,322.422,301.462,9.23
2014-04-17,322.411,297.689,10.8
2014-04-18,322.406,295.939,11.2
2014-04-19,322.433,304.998,10.61
2014-04-20,322.417,299.522,10.22
2014-04-21,322.402,294.603,11.23
2014-04-22,322.391,290.959,11.49
2014-04-23,322.379,286.964,11.59
2014-04-24,322.372,284.621,12.14
2014-04-25,322.374,285.222,13.2
2014-04-26,322.392,291.188,13.73
2014-04-27,322.431,304.414,12.79
2014-04-28,322.491,324.968,11.42
2014-04-29,322.529,338.293,10.76
2014-04-30,322.599,363.426,11.0
2014-05-01,322.758,421.358,10.88
2014-05-02,322.672,389.587,11.16
2014-05-03,322.921,482.796,11.18
2014-05-04,322.803,437.665,10.88
2014-05-05,322.701,399.989,11.85
2014-05-06,322.639,377.346,12.73
2014-05-07,322.636,376.912,12.65
2014-05-08,322.758,421.06,11.34
2014-05-09,322.7,399.622,11.94
2014-05-10,322.681,392.67,12.49
2014-05-11,322.674,390.17,12.48
2014-05-12,322.74,414.415,11.77
2014-05-13,322.718,406.095,10.63
2014-05-14,322.96,498.228,11.27
2014-05-15,323.032,525.368,11.08
2014-05-16,322.945,491.643,11.38
2014-05-17,322.863,460.374,12.25
2014-05-18,322.814,441.689,12.92
2014-05-19,322.775,427.198,13.68
2014-05-20,322.745,416.194,14.08
2014-05-21,322.722,407.529,14.56
2014-05-22,322.704,400.841,14.91
2014-05-23,322.763,422.681,14.81
2014-05-24,322.778,428.232,13.74
2014-05-25,322.772,426.233,14.36
2014-05-26,322.777,428.058,15.33
2014-05-27,322.847,454.362,15.72
2014-05-28,322.918,481.415,14.3
2014-05-29,322.875,464.827,14.42
2014-05-30,322.866,461.516,15.66
2014-05-31,322.849,454.804,15.7
2014-06-01,322.81,440.179,16.56
2014-06-02,322.78,429.165,16.57
2014-06-03,322.753,419.099,16.67
2014-06-04,322.752,418.699,16.78
2014-06-05,322.759,421.343,16.54
2014-06-06,322.763,422.721,15.91
2014-06-07,322.728,409.912,17.6
2014-06-08,322.704,401.126,18.73
2014-06-09,322.689,395.386,19.33
2014-06-10,322.678,391.411,19.9
2014-06-11,322.691,396.214,20.12
2014-06-12,322.703,400.671,20.73
2014-06-13,322.734,412.153,21.66
2014-06-14,322.765,423.461,21.43
2014-06-15,322.743,415.494,21.42
2014-06-16,322.718,406.323,21.6
2014-06-17,322.697,398.582,21.45
2014-06-18,322.681,392.631,21.14
2014-06-19,322.661,385.486,21.07
2014-06-20,322.65,381.186,20.71
2014-06-21,322.637,376.749,20.43
2014-06-22,322.618,369.697,21.08
2014-06-23,322.598,362.721,21.34
2014-06-24,322.728,409.874,21.14
2014-06-25,322.72,407.019,21.03
2014-06-26,322.662,385.854,20.85
2014-06-27,322.638,377.1,21.17
2014-06-28,322.625,372.188,21.29
2014-06-29,322.737,413.326,20.72
2014-06-30,323.023,522.042,18.84
2014-07-01,322.872,463.655,18.29
2014-07-02,322.844,453.083,19.68
2014-07-03,322.896,472.737,19.49
2014-07-04,322.847,454.326,20.12
2014-07-05,322.807,439.226,20.27
2014-07-06,322.798,435.949,19.81
2014-07-07,322.807,439.248,20.94
2014-07-08,322.82,444.086,20.18
2014-07-09,322.965,499.41,18.21
2014-07-10,323.119,559.549,16.87
2014-07-11,323.263,618.17,16.39
2014-07-12,323.321,641.11,17.0
2014-07-13,323.551,737.137,17.58
2014-07-14,323.452,695.409,17.43
2014-07-15,323.332,645.388,17.65
2014-07-16,323.265,618.094,18.45
2014-07-17,323.222,600.899,19.29
2014-07-18,323.191,588.219,19.94
2014-07-19,323.162,576.522,20.57
2014-07-20,323.12,560.144,20.82
2014-07-21,323.121,560.5,19.71
2014-07-22,323.849,880.567,18.49
2014-07-23,323.931,906.644,17.89
2014-07-24,323.478,706.3,19.88
2014-07-25,323.367,659.888,20.05
2014-07-26,323.332,645.451,20.35
2014-07-27,323.951,913.04,18.51
2014-07-28,323.737,817.294,18.3
2014-07-29,323.734,815.797,18.9
2014-07-30,323.578,748.319,18.54
2014-07-31,323.894,887.958,18.21
2014-08-01,323.701,801.427,19.17
2014-08-02,323.604,759.618,19.53
2014-08-03,323.609,761.41,19.48
2014-08-04,323.64,774.985,19.29
2014-08-05,323.543,733.505,19.74
2014-08-06,323.532,728.859,19.72
2014-08-07,323.459,698.278,20.39
2014-08-08,323.427,684.608,20.52
2014-08-09,323.378,664.27,21.03
2014-08-10,323.345,650.949,20.22
2014-08-11,323.671,789.827,20.47
2014-08-12,323.567,743.735,19.4
2014-08-13,323.409,677.451,19.84
2014-08-14,323.42,681.938,19.1
2014-08-15,323.435,688.304,18.79
2014-08-16,323.505,717.292,18.41
2014-08-17,323.536,730.653,18.1
2014-08-18,323.433,687.161,18.19
2014-08-19,323.385,667.148,18.16
2014-08-20,323.343,650.183,18.2
2014-08-21,323.304,634.133,18.46
2014-08-22,323.274,621.832,18.31
2014-08-23,323.228,603.306,18.18
2014-08-24,323.198,591.199,17.83
2014-08-25,323.197,590.77,17.56
2014-08-26,323.157,574.698,17.78
2014-08-27,323.244,609.84,17.6
2014-08-28,323.227,602.667,17.57
2014-08-29,323.159,575.624,18.38
2014-08-30,323.156,574.206,18.29
2014-08-31,323.139,567.64,17.88
2014-09-01,323.513,721.64,16.86
2014-09-02,323.326,643.044,16.93
2014-09-03,323.225,602.151,17.55
2014-09-04,323.176,582.406,17.94
2014-09-05,323.138,566.938,18.25
2014-09-06,323.11,556.129,18.23
2014-09-07,323.076,542.472,18.58
2014-09-08,323.037,527.433,18.82
2014-09-09,323.015,518.802,19.07
2014-09-10,323.059,535.852,19.15
2014-09-11,322.999,512.373,18.99
2014-09-12,322.983,506.377,18.75
2014-09-13,323.052,533.344,17.84
2014-09-14,323.002,513.783,17.84
2014-09-15,322.953,494.565,18.39
2014-09-16,322.916,480.446,18.59
2014-09-17,322.885,468.745,18.61
2014-09-18,322.86,459.124,18.67
2014-09-19,322.835,449.734,18.66
2014-09-20,322.822,444.742,18.83
2014-09-21,322.83,447.793,18.66
2014-09-22,323.195,594.34,17.71
2014-09-23,322.984,518.62,16.62
2014-09-24,322.884,484.504,17.14
2014-09-25,323.008,531.804,17.34
2014-09-26,322.927,500.656,16.53
2014-09-27,322.858,474.596,17.1
2014-09-28,322.813,457.842,17.47
2014-09-29,322.769,441.34,17.45
2014-09-30,322.735,428.864,17.68
2014-10-01,322.728,426.28,17.54
2014-10-02,322.728,426.347,17.6
2014-10-03,322.683,409.833,17.51
2014-10-04,322.652,398.122,17.45
2014-10-05,322.626,388.731,17.18
2014-10-06,322.606,381.408,17.34
2014-10-07,322.581,372.326,17.19
2014-10-08,322.604,380.656,16.89
2014-10-09,322.544,359.128,17.01
2014-10-10,322.516,349.236,17.14
2014-10-11,322.494,341.124,17.12
2014-10-12,322.476,334.946,16.99
2014-10-13,322.472,333.482,16.9
2014-10-14,322.528,353.62,16.73
2014-10-15,322.552,361.94,16.57
2014-10-16,322.534,355.61,16.63
2014-10-17,322.539,357.534,16.68
2014-10-18,322.546,359.829,16.44
2014-10-19,322.537,356.701,16.26
2014-10-20,322.521,350.783,16.52
2014-10-21,322.572,369.463,16.61
2014-10-22,322.816,459.188,15.17
2014-10-23,322.783,446.783,13.29
2014-10-24,322.758,437.454,13.29
2014-10-25,322.719,422.996,13.88
2014-10-26,322.734,428.518,14.27
2014-10-27,322.739,430.373,14.06
2014-10-28,322.704,417.243,13.8
2014-10-29,322.686,410.777,13.8
2014-10-30,322.675,406.835,13.61
2014-10-31,322.661,401.758,13.28
2014-11-01,322.645,395.56,13.18
2014-11-02,322.631,390.477,13.1
2014-11-03,322.614,384.304,12.96
2014-11-04,322.593,376.935,12.74
2014-11-05,322.63,390.273,12.54
2014-11-06,322.859,475.013,11.66
2014-11-07,322.828,463.518,11.26
2014-11-08,322.794,450.649,11.55
2014-11-09,322.767,440.742,11.42
2014-11-10,322.738,430.094,11.4
2014-11-11,322.719,423.03,11.41
2014-11-12,322.704,417.506,11.37
2014-11-13,322.817,459.423,11.41
2014-11-14,322.802,453.725,11.41
2014-11-15,322.766,440.277,11.36
2014-11-16,323.067,554.494,11.2
2014-11-17,322.945,507.643,10.68
2014-11-18,322.935,503.85,10.76
2014-11-19,322.932,502.83,10.65
2014-11-20,322.886,485.354,10.45
2014-11-21,322.857,474.305,10.45
2014-11-22,322.83,464.367,10.48
2014-11-23,322.807,455.541,10.39
2014-11-24,322.775,443.684,10.32
2014-11-25,322.747,433.358,10.35
2014-11-26,322.721,423.69,10.38
2014-11-27,322.699,415.708,10.33
2014-11-28,322.681,408.789,10.12
2014-11-29,322.658,400.337,9.71
2014-11-30,322.637,392.961,9.47
2014-12-01,322.623,387.806,9.34
2014-12-02,322.601,379.563,9.23
2014-12-03,322.593,376.859,9.26
2014-12-04,322.586,374.128,9.14
2014-12-05,322.578,371.419,9.07
2014-12-06,322.569,368.153,8.95
2014-12-07,322.559,364.384,8.85
2014-12-08,322.539,357.282,8.67
2014-12-09,322.524,352.121,8.43
2014-12-10,322.513,348.197,8.14
2014-12-11,322.511,347.23,8.02
2014-12-12,322.495,341.656,7.98
2014-12-13,322.484,337.831,7.84
2014-12-14,322.471,333.226,7.92
2014-12-15,322.464,330.679,8.19
2014-12-16,322.444,323.739,8.26
2014-12-17,322.441,322.527,8.15
2014-12-18,322.508,346.113,7.95
2014-12-19,322.616,385.48,8.01
2014-12-20,322.729,426.731,8.02
2014-12-21,322.667,403.868,7.52
2014-12-22,322.598,378.549,7.17
2014-12-23,322.565,366.819,6.95
2014-12-24,322.535,355.85,6.78
2014-12-25,322.503,344.391,6.9
2014-12-26,322.498,342.882,6.99
2014-12-27,322.504,344.769,6.52
2014-12-28,322.512,347.564,5.98
2014-12-29,322.472,333.397,5.6
2014-12-30,322.462,330.088,5.14
2014-12-31,322.474,334.294,5.41
2015-01-01,322.476,334.751,5.57
2015-01-02,322.46,329.202,5.39
2015-01-03,322.661,402.386,5.54
2015-01-04,323.939,916.26,5.15
2015-01-05,323.064,553.212,5.13
2015-01-06,322.845,469.744,4.97
2015-01-07,322.761,438.416,4.92
2015-01-08,322.71,419.561,5.26
2015-01-09,322.699,415.568,5.62
2015-01-10,322.857,474.485,6.23
2015-01-11,323.011,533.129,6.72
2015-01-12,322.945,507.623,5.72
2015-01-13,322.851,472.014,5.18
2015-01-14,322.827,463.301,5.41
2015-01-15,322.894,488.324,5.49
2015-01-16,322.823,461.475,5.41
2015-01-17,322.863,476.724,5.53
2015-01-18,322.889,486.604,5.32
2015-01-19,322.834,465.596,5.33
2015-01-20,322.808,455.934,5.33
2015-01-21,322.783,446.604,5.34
2015-01-22,322.759,437.617,5.25
2015-01-23,322.733,428.12,5.13
2015-01-24,322.708,418.726,5.13
2015-01-25,322.687,411.169,5.0
2015-01-26,322.662,401.971,4.9
2015-01-27,322.65,397.453,4.71
2015-01-28,322.635,392.167,4.9
2015-01-29,322.678,407.749,4.85
2015-01-30,322.776,443.922,4.77
2015-01-31,322.706,418.049,4.55
2015-02-01,322.669,404.461,4.62
2015-02-02,322.638,393.046,4.43
2015-02-03,322.633,391.432,4.43
2015-02-04,322.617,385.629,4.2
2015-02-05,322.601,379.838,3.84
2015-02-06,322.585,373.978,3.51
2015-02-07,322.561,365.146,3.2
2015-02-08,322.528,353.549,3.06
2015-02-09,322.512,347.649,3.04
2015-02-10,322.5,343.315,3.17
2015-02-11,322.487,338.622,3.42
2015-02-12,322.473,334.001,3.38
2015-02-13,322.469,332.476,3.44
2015-02-14,322.468,331.939,3.49
2015-02-15,322.459,328.875,3.56
2015-02-16,322.442,322.768,3.41
2015-02-17,322.422,315.749,3.45
2015-02-18,322.424,316.713,3.45
2015-02-19,322.417,314.266,3.43
2015-02-20,322.418,314.431,3.57
2015-02-21,322.421,315.653,3.63
2015-02-22,322.437,321.001,3.75
2015-02-23,322.441,322.638,3.87
2015-02-24,322.534,355.505,3.87
2015-02-25,322.519,350.271,3.94
2015-02-26,322.483,337.499,4.0
2015-02-27,322.486,338.377,3.9
2015-02-28,322.553,362.251,3.91
2015-03-01,322.546,360.027,4.19
2015-03-02,323.13,583.325,4.77
2015-03-03,323.124,577.231,4.42
2015-03-04,322.84,468.089,4.84
2015-03-05,322.757,437.031,4.61
2015-03-06,322.698,415.204,4.58
2015-03-07,322.661,401.749,4.73
2015-03-08,322.636,392.293,4.9
2015-03-09,322.625,388.426,5.35
2015-03-10,322.63,390.288,5.68
2015-03-11,322.635,392.091,5.95
2015-03-12,322.626,388.683,5.95
2015-03-13,322.592,376.397,5.86
2015-03-14,322.558,364.187,5.91
2015-03-15,322.534,355.668,5.89
2015-03-16,322.517,349.597,5.9
2015-03-17,322.511,347.341,6.35
2015-03-18,322.534,355.721,6.77
2015-03-19,322.554,362.697,7.22
2015-03-20,322.539,357.276,7.33
2015-03-21,322.517,349.343,7.07
2015-03-22,322.612,383.739,6.75
2015-03-23,322.562,365.807,6.33
2015-03-24,322.529,353.668,6.78
2015-03-25,322.517,349.662,7.25
2015-03-26,322.569,368.063,7.14
2015-03-27,322.557,363.711,6.42
2015-03-28,322.537,356.525,6.28
2015-03-29,322.503,344.366,6.68
2015-03-30,323.185,603.101,7.08
2015-03-31,323.021,537.123,7.11
2015-04-01,322.939,505.327,6.99
2015-04-02,322.841,468.411,6.42
2015-04-03,322.992,525.55,6.31
2015-04-04,323.002,529.562,6.9
2015-04-05,323.176,596.708,6.83
2015-04-06,322.946,507.965,6.74
2015-04-07,322.86,475.536,6.76
2015-04-08,322.798,452.432,7.37
2015-04-09,322.761,438.665,7.89
2015-04-10,322.745,432.702,8.27
2015-04-11,322.731,427.472,8.44
2015-04-12,322.713,420.866,8.25
2015-04-13,322.706,418.077,8.51
2015-04-14,322.691,412.715,9.1
2015-04-15,322.683,409.585,9.17
2015-04-16,322.67,404.845,9.44
2015-04-17,322.687,411.066,9.76
2015-04-18,322.997,527.774,8.92
2015-04-19,322.841,468.325,8.88
2015-04-20,322.769,441.653,9.86
2015-04-21,322.738,429.862,10.75
2015-04-22,322.722,424.224,11.18
2015-04-23,322.709,419.224,11.34
2015-04-24,322.698,415.168,11.94
2015-04-25,322.679,408.158,12.31
2015-04-26,322.695,414.163,11.32
2015-04-27,322.693,413.472,11.17
2015-04-28,323.152,588.37,12.45
2015-04-29,323.037,542.892,10.31
2015-04-30,322.9,490.716,11.81
2015-05-01,323.132,579.982,11.6
2015-05-02,323.678,798.581,11.23
2015-05-03,323.823,859.996,10.56
2015-05-04,323.797,848.816,11.5
2015-05-05,323.534,739.095,11.96
2015-05-06,323.659,790.391,12.1
2015-05-07,323.536,739.694,12.09
2015-05-08,323.444,702.396,12.3
2015-05-09,323.392,681.501,12.9
2015-05-10,323.368,672.134,11.79
2015-05-11,323.338,659.97,13.29
2015-05-12,323.309,648.472,13.98
2015-05-13,323.287,639.863,14.27
2015-05-14,323.282,637.989,14.68
2015-05-15,323.376,675.464,13.63
2015-05-16,323.493,722.112,12.83
2015-05-17,323.408,687.865,13.92
2015-05-18,323.376,675.203,14.64
2015-05-19,323.347,663.669,14.4
2015-05-20,323.399,684.442,12.9
2015-05-21,323.543,742.649,12.7
2015-05-22,323.582,758.487,12.7
2015-05-23,323.526,735.529,13.56
2015-05-24,323.481,717.54,13.73
2015-05-25,323.442,701.847,14.21
2015-05-26,323.641,783.963,13.36
2015-05-27,323.683,800.608,13.1
2015-05-28,323.525,735.457,13.77
2015-05-29,323.443,701.882,13.93
2015-05-30,323.384,678.561,14.22
2015-05-31,323.349,664.366,13.84
2015-06-01,323.298,644.404,15.5
2015-06-02,323.269,632.748,15.24
2015-06-03,323.243,622.511,16.09
2015-06-04,323.221,614.043,16.37
2015-06-05,323.206,608.048,18.11
2015-06-06,323.191,602.447,19.06
2015-06-07,323.196,604.371,19.17
2015-06-08,323.321,653.259,20.23
2015-06-09,323.27,633.423,19.74
2015-06-10,323.246,623.645,19.56
2015-06-11,323.231,617.915,19.58
2015-06-12,323.213,610.725,19.88
2015-06-13,323.19,601.794,19.88
2015-06-14,323.206,608.069,19.1
2015-06-15,323.833,864.291,18.94
2015-06-16,323.579,757.612,18.22
2015-06-17,323.418,692.05,18.96
2015-06-18,323.343,662.18,19.25
2015-06-19,323.406,687.458,17.63
2015-06-20,323.399,684.355,17.5
2015-06-21,323.523,734.278,17.32
2015-06-22,323.524,734.698,16.96
2015-06-23,323.818,859.968,15.95
2015-06-24,323.653,788.084,15.8
2015-06-25,323.514,730.865,17.37
2015-06-26,323.446,703.387,17.53
2015-06-27,323.4,684.741,17.98
2015-06-28,323.355,666.673,17.83
2015-06-29,323.309,648.758,19.04
2015-06-30,323.276,635.74,18.96
2015-07-01,323.245,623.452,19.91
2015-07-02,323.21,609.9,20.75
2015-07-03,323.184,599.578,21.53
2015-07-04,323.159,589.862,22.12
2015-07-05,323.137,581.187,22.36
2015-07-06,323.12,574.66,23.42
2015-07-07,323.098,566.024,23.83
2015-07-08,323.054,549.241,23.72
2015-07-09,323.045,545.671,19.83
2015-07-10,323.023,537.355,20.16
2015-07-11,322.988,524.033,22.31
2015-07-12,322.957,512.067,21.06
2015-07-13,322.926,500.594,20.74
2015-07-14,322.89,486.619,20.79
2015-07-15,322.87,479.399,20.47
2015-07-16,322.849,471.21,21.71
2015-07-17,322.825,462.323,22.73
2015-07-18,322.815,458.733,22.68
2015-07-19,322.785,447.311,22.38
2015-07-20,322.762,438.852,22.16
2015-07-21,322.741,431.035,22.65
2015-07-22,322.721,423.834,23.7
2015-07-23,322.719,422.938,23.91
2015-07-24,322.708,418.947,23.47
2015-07-25,322.707,418.421,24.2
2015-07-26,322.692,413.16,21.13
2015-07-27,322.66,401.41,20.55
2015-07-28,322.638,393.058,20.58
2015-07-29,322.613,383.906,19.55
2015-07-30,322.629,389.922,19.72
2015-07-31,322.615,384.91,20.35
2015-08-01,322.563,365.857,20.66
2015-08-02,322.53,354.272,20.72
2015-08-03,322.505,345.05,20.86
2015-08-04,322.483,337.331,21.42
2015-08-05,322.465,330.858,20.82
2015-08-06,322.449,325.307,20.86
2015-08-07,322.436,320.87,22.14
2015-08-08,322.417,314.164,22.76
2015-08-09,322.401,308.576,22.86
2015-08-10,322.464,330.856,23.4
2015-08-11,322.482,337.111,22.5
2015-08-12,322.444,323.51,23.29
2015-08-13,322.417,314.06,23.94
2015-08-14,322.398,307.522,24.24
2015-08-15,322.38,301.173,22.77
2015-08-16,322.375,299.599,21.82
2015-08-17,322.392,305.281,20.99
2015-08-18,322.386,303.257,21.27
2015-08-19,322.405,309.93,21.63
2015-08-20,322.473,333.72,20.98
2015-08-21,322.425,317.022,21.07
2015-08-22,322.405,310.125,21.42
2015-08-23,322.383,302.258,21.57
2015-08-24,322.375,299.501,21.23
2015-08-25,322.371,298.221,20.86
2015-08-26,322.383,302.204,20.43
2015-08-27,322.367,296.77,20.59
2015-08-28,322.353,292.123,21.56
2015-08-29,322.346,289.395,22.13
2015-08-30,322.34,287.654,22.09
2015-08-31,322.328,283.25,22.58
2015-09-01,322.337,286.668,22.43
2015-09-02,322.364,295.927,21.5
2015-09-03,322.367,296.901,20.97
2015-09-04,322.345,289.273,20.99
2015-09-05,322.345,289.099,20.94
2015-09-06,322.332,284.623,20.16
2015-09-07,322.331,284.554,19.56
2015-09-08,322.327,283.0,19.28
2015-09-09,322.313,278.215,19.57
2015-09-10,322.3,273.86,19.54
2015-09-11,322.289,270.17,19.28
2015-09-12,322.281,267.347,19.36
2015-09-13,322.266,262.505,19.74
2015-09-14,322.267,262.65,19.61
2015-09-15,322.342,288.149,19.09
2015-09-16,322.337,286.596,18.39
2015-09-17,322.324,282.176,18.09
2015-09-18,322.347,289.975,17.85
2015-09-19,322.387,303.681,17.48
2015-09-20,322.411,311.95,17.66
2015-09-21,322.42,315.267,17.62
2015-09-22,322.417,314.0,17.67
2015-09-23,322.45,325.851,17.34
2015-09-24,322.535,355.96,16.5
2015-09-25,322.501,343.669,16.47
2015-09-26,322.488,339.164,16.62
2015-09-27,322.478,335.467,16.7
2015-09-28,322.464,330.674,16.46
2015-09-29,322.458,328.57,15.93
2015-09-30,322.441,322.639,15.59
2015-10-01,322.43,318.705,15.34
2015-10-02,322.418,314.63,15.28
2015-10-03,322.407,310.601,15.45
2015-10-04,322.399,307.97,15.54
2015-10-05,322.41,311.857,15.22
2015-10-06,322.41,311.859,15.16
2015-10-07,322.4,308.276,15.39
2015-10-08,322.41,311.799,15.15
2015-10-09,322.421,315.681,14.71
2015-10-10,322.402,308.953,14.77
2015-10-11,322.389,304.508,14.55
2015-10-12,322.371,298.09,14.45
2015-10-13,322.355,292.616,14.2
2015-10-14,322.376,300.085,13.81
2015-10-15,322.403,309.15,13.5
2015-10-16,322.406,310.334,13.15
2015-10-17,322.414,312.917,12.83
2015-10-18,322.423,316.204,12.72
2015-10-19,322.538,356.876,12.63
2015-10-20,322.462,330.057,12.39
2015-10-21,322.436,320.899,12.51
2015-10-22,322.416,313.634,12.44
2015-10-23,322.407,310.684,12.48
2015-10-24,322.396,306.684,12.79
2015-10-25,322.385,303.104,12.92
2015-10-26,322.374,299.083,12.83
2015-10-27,322.358,293.532,12.66
2015-10-28,322.345,289.332,12.54
2015-10-29,322.364,295.592,12.56
2015-10-30,322.379,300.91,12.62
2015-10-31,322.365,296.076,12.45
2015-11-01,322.348,290.119,12.35
2015-11-02,322.332,284.882,12.2
2015-11-03,322.317,279.649,12.03
2015-11-04,322.304,275.419,11.76
2015-11-05,322.296,272.441,11.69
2015-11-06,322.286,269.094,11.8
2015-11-07,322.275,265.491,12.08
2015-11-08,322.262,261.242,12.28
2015-11-09,322.246,255.7,12.16
2015-11-10,322.23,250.519,12.05
2015-11-11,322.223,248.255,11.76
2015-11-12,322.215,245.534,11.3
2015-11-13,322.204,242.047,11.23
2015-11-14,322.192,238.162,11.39
2015-11-15,322.179,233.745,11.35
2015-11-16,322.176,232.94,11.14
2015-11-17,322.159,227.526,11.04
2015-11-18,322.145,222.841,11.2
2015-11-19,322.138,220.625,11.37
2015-11-20,322.215,246.228,11.26
2015-11-21,322.982,525.075,10.67
2015-11-22,322.494,338.736,9.13
2015-11-23,322.387,300.272,8.91
2015-11-24,322.348,286.694,8.77
2015-11-25,322.338,283.274,8.75
2015-11-26,322.362,291.776,8.9
2015-11-27,322.366,292.835,8.73
2015-11-28,322.352,288.016,8.46
2015-11-29,322.345,285.57,8.13
2015-11-30,322.408,308.085,8.24
2015-12-01,322.456,324.878,8.33
2015-12-02,322.425,313.676,8.32
2015-12-03,322.395,303.322,8.1
2015-12-04,322.377,296.883,7.95
2015-12-05,322.369,294.067,7.96
2015-12-06,322.357,289.928,8.05
2015-12-07,322.348,286.719,8.03
2015-12-08,322.328,279.924,7.83
2015-12-09,322.327,279.455,7.66
2015-12-10,322.363,292.097,7.59
2015-12-11,322.339,283.491,7.18
2015-12-12,322.31,273.726,7.05
2015-12-13,322.298,269.335,6.92
2015-12-14,322.288,266.035,6.76
2015-12-15,322.28,263.343,6.64
2015-12-16,322.278,262.735,6.7
2015-12-17,322.333,281.729,7.06
2015-12-18,322.361,291.307,7.22
2015-12-19,322.329,279.97,7.21
2015-12-20,322.311,273.847,7.21
2015-12-21,322.292,267.45,7.1
2015-12-22,322.291,266.988,7.05
2015-12-23,322.273,260.843,6.97
2015-12-24,322.252,253.952,7.01
2015-12-25,322.237,248.66,6.97
2015-12-26,322.218,242.384,6.71
2015-12-27,322.201,236.879,6.5
2015-12-28,322.183,230.897,6.33
2015-12-29,322.167,225.663,6.23
2015-12-30,322.154,221.636,6.21
2015-12-31,322.145,218.544,6.32
2016-01-01,322.138,216.351,6.48
2016-01-02,322.135,215.309,6.64
2016-01-03,322.18,230.127,6.74
2016-01-04,322.305,272.132,6.62
2016-01-05,322.344,285.372,6.29
2016-01-06,322.26,256.585,6.24
2016-01-07,322.271,260.382,6.3
2016-01-08,322.437,318.237,6.16
2016-01-09,322.842,468.15,6.16
2016-01-10,322.741,427.797,6.47
2016-01-11,322.904,487.856,6.49
2016-01-12,322.826,456.629,6.44
2016-01-13,322.694,405.304,6.15
2016-01-14,322.579,362.926,5.68
2016-01-15,322.502,335.264,5.36
2016-01-16,322.458,319.874,5.18
2016-01-17,322.433,311.298,5.12
2016-01-18,322.413,304.375,4.76
2016-01-19,322.389,296.41,4.48
2016-01-20,322.381,293.62,4.7
2016-01-21,322.368,289.399,4.8
2016-01-22,322.355,284.755,4.65
2016-01-23,322.354,284.457,4.79
2016-01-24,322.381,293.488,5.01
2016-01-25,322.371,290.045,5.02
2016-01-26,322.387,295.632,4.96
2016-01-27,322.401,300.393,4.89
2016-01-28,322.408,302.808,5.11
2016-01-29,322.423,308.118,5.42
2016-01-30,322.455,318.839,5.59
2016-01-31,322.98,517.671,5.61
2016-02-01,323.407,684.442,6.23
2016-02-02,322.912,486.896,6.48
2016-02-03,322.845,461.211,6.12
2016-02-04,322.866,469.035,5.46
2016-02-05,322.856,465.511,5.27
2016-02-06,322.859,466.462,5.49
2016-02-07,322.783,437.745,5.4
2016-02-08,322.751,425.737,5.44
2016-02-09,322.738,421.147,5.83
2016-02-10,322.763,430.115,5.56
2016-02-11,322.713,411.573,5.21
2016-02-12,322.682,400.197,5.37
2016-02-13,322.699,406.301,5.46
2016-02-14,322.739,421.144,5.68
2016-02-15,322.728,417.162,5.57
2016-02-16,322.696,405.46,5.44
2016-02-17,322.667,394.833,5.26
2016-02-18,322.641,385.023,5.25
2016-02-19,322.61,373.756,5.37
2016-02-20,322.593,367.671,5.09
2016-02-21,322.71,410.968,5.34
2016-02-22,322.784,438.334,6.1
2016-02-23,322.698,405.985,6.32
2016-02-24,322.78,436.679,5.93
2016-02-25,322.77,432.997,5.43
2016-02-26,322.775,434.764,5.23
2016-02-27,322.731,418.351,5.35
2016-02-28,322.691,403.514,5.4
2016-03-01,322.708,409.972,5.3
2016-03-02,322.743,422.968,5.47
2016-03-03,322.967,508.101,5.4
2016-03-04,322.825,453.58,5.22
2016-03-05,322.799,443.697,5.37
2016-03-06,322.815,449.784,5.25
2016-03-07,322.768,432.301,5.36
2016-03-08,322.728,417.186,5.44
2016-03-09,322.698,406.001,5.37
2016-03-10,322.672,396.685,5.44
2016-03-11,322.648,387.743,5.67
2016-03-12,322.63,381.197,5.82
2016-03-13,322.613,375.034,5.63
2016-03-14,322.6,370.492,5.55
2016-03-15,322.577,361.965,5.44
2016-03-16,322.567,358.561,5.38
2016-03-17,322.537,347.929,5.49
2016-03-18,322.52,341.704,5.87
2016-03-19,322.526,343.719,6.16
2016-03-20,322.529,345.063,6.4
2016-03-21,322.512,338.716,6.37
2016-03-22,322.492,331.707,6.44
2016-03-23,322.469,323.908,6.45
2016-03-24,322.456,319.464,6.49
2016-03-25,322.439,313.474,6.78
2016-03-26,322.462,321.45,6.81
2016-03-27,322.486,329.815,6.85
2016-03-28,322.448,316.413,6.67
2016-03-29,322.423,307.884,6.68
2016-03-30,322.434,311.629,7.25
2016-03-31,322.441,314.043,7.72
2016-04-01,322.454,318.465,7.88
2016-04-02,322.443,314.767,7.89
2016-04-03,322.448,316.509,8.31
2016-04-04,322.476,326.224,9.07
2016-04-05,322.473,325.229,9.52
2016-04-06,322.509,337.897,9.43
2016-04-07,322.505,336.357,8.61
2016-04-08,322.497,333.55,7.85
2016-04-09,322.511,338.368,7.94
2016-04-10,322.505,336.366,8.9
2016-04-11,322.489,330.75,9.89
2016-04-12,322.501,334.998,10.53
2016-04-13,322.511,338.632,10.76
2016-04-14,322.519,341.326,10.24
2016-04-15,322.546,350.836,9.32
2016-04-16,322.542,349.43,8.43
2016-04-17,322.581,363.436,9.64
2016-04-18,323.03,532.623,8.98
2016-04-19,323.071,548.456,9.04
2016-04-20,322.95,501.199,10.06
2016-04-21,322.843,460.323,11.11
2016-04-22,322.802,444.861,11.73
2016-04-23,322.811,448.152,11.24
2016-04-24,322.997,519.851,10.44
2016-04-25,322.945,499.386,9.68
2016-04-26,322.914,487.521,8.83
2016-04-27,322.955,503.137,7.47
2016-04-28,322.946,499.943,7.94
2016-04-29,322.928,492.92,9.03
2016-04-30,322.913,486.944,10.36
2016-05-01,322.935,495.572,10.54
2016-05-02,323.05,540.41,9.28
2016-05-03,322.968,508.344,9.84
2016-05-04,323.043,537.801,10.0
2016-05-05,322.938,496.754,10.46
2016-05-06,322.88,474.572,11.58
2016-05-07,322.834,456.89,12.11
2016-05-08,322.806,446.251,12.21
2016-05-09,322.769,432.576,13.21
2016-05-10,322.756,427.567,13.55
2016-05-11,322.753,426.543,13.36
2016-05-12,322.805,446.449,13.54
2016-05-13,323.683,810.214,11.13
2016-05-14,324.074,976.55,10.08
2016-05-15,323.96,923.942,10.78
2016-05-16,323.498,721.564,10.69
2016-05-17,323.383,674.022,11.26
2016-05-18,323.315,646.105,12.0
2016-05-19,323.32,648.129,12.54
2016-05-20,323.367,667.282,11.5
2016-05-21,323.275,630.034,12.43
2016-05-22,323.22,607.806,13.38
2016-05-23,323.225,609.832,13.28
2016-05-24,323.435,695.646,11.18
2016-05-25,323.364,666.322,11.68
2016-05-26,323.289,635.625,13.35
2016-05-27,323.257,622.446,14.31
2016-05-28,323.299,639.62,14.54
2016-05-29,323.304,641.555,13.96
2016-05-30,323.38,672.772,13.51
2016-05-31,323.378,672.048,12.18
2016-06-01,323.538,738.565,13.29
2016-06-02,323.597,763.543,14.07
2016-06-03,323.526,733.323,13.8
2016-06-04,323.568,750.908,14.58
2016-06-05,323.576,754.374,14.3
2016-06-06,323.586,758.443,15.25
2016-06-07,323.535,736.966,16.1
2016-06-08,323.65,786.447,16.01
2016-06-09,323.935,912.229,15.17
2016-06-10,323.907,899.069,15.87
2016-06-11,323.749,828.918,17.05
2016-06-12,323.716,814.205,16.12
2016-06-13,323.719,815.876,15.21
2016-06-14,323.909,899.738,15.46
2016-06-15,323.864,879.337,15.26
2016-06-16,323.807,854.331,15.84
2016-06-17,324.493,1184.423,15.06
2016-06-18,324.216,1042.144,14.74
2016-06-19,324.262,1064.234,15.23
2016-06-20,324.273,1069.235,15.74
2016-06-21,324.177,1023.098,16.17
2016-06-22,324.118,995.232,16.24
2016-06-23,324.073,974.574,17.55
2016-06-24,324.033,955.885,18.25
2016-06-25,324.052,964.686,18.31
2016-06-26,324.043,960.501,17.26
2016-06-27,323.987,934.628,18.22
2016-06-28,323.944,915.261,18.48
2016-06-29,323.901,895.77,19.0
2016-06-30,323.922,905.456,18.76
2016-07-01,323.913,901.355,19.16
2016-07-02,323.857,876.517,19.11
2016-07-03,323.814,857.248,18.23
2016-07-04,323.775,840.088,18.9
2016-07-05,323.719,815.858,19.97
2016-07-06,323.665,792.401,19.31
2016-07-07,323.621,773.514,20.26
2016-07-08,323.571,752.325,20.66
2016-07-09,323.529,734.593,19.91
2016-07-10,323.486,716.599,20.29
2016-07-11,323.433,694.652,21.1
2016-07-12,323.551,744.155,20.22
2016-07-13,323.817,858.483,19.44
2016-07-14,323.925,906.664,17.94
2016-07-15,323.834,866.041,17.51
2016-07-16,323.688,802.394,18.47
2016-07-17,323.616,771.383,19.1
2016-07-18,323.559,747.269,19.54
2016-07-19,323.508,725.742,19.87
2016-07-20,323.461,706.333,20.23
2016-07-21,323.424,690.783,20.5
2016-07-22,323.398,680.326,20.02
2016-07-23,323.387,675.445,20.53
2016-07-24,323.36,664.514,20.84
2016-07-25,323.384,674.343,21.74
2016-07-26,323.445,699.476,21.97
2016-07-27,323.43,693.417,22.23
2016-07-28,323.392,677.626,21.77
2016-07-29,323.282,632.87,21.72
2016-07-30,323.23,611.579,22.12
2016-07-31,323.207,602.544,22.31
2016-08-01,323.262,624.443,21.5
2016-08-02,323.189,595.382,21.93
2016-08-03,323.131,572.016,21.64
2016-08-04,323.095,557.978,21.91
2016-08-05,323.706,814.457,20.98
2016-08-06,323.63,777.625,19.46
2016-08-07,323.46,705.887,20.7
2016-08-08,323.372,669.393,21.32
2016-08-09,323.338,655.576,20.77
2016-08-10,323.348,659.714,20.19
2016-08-11,323.398,680.117,19.54
2016-08-12,323.335,654.361,19.75
2016-08-13,323.284,633.399,19.58
2016-08-14,323.242,616.62,20.4
2016-08-15,323.201,600.268,20.84
2016-08-16,323.155,581.879,21.3
2016-08-17,323.123,569.088,21.49
2016-08-18,323.125,569.989,21.13
2016-08-19,323.182,592.35,20.39
2016-08-20,323.113,565.041,20.73
2016-08-21,323.071,548.402,20.45
2016-08-22,323.035,534.366,19.9
2016-08-23,323.01,524.682,20.57
2016-08-24,322.984,514.551,21.32
2016-08-25,322.959,504.7,21.56
2016-08-26,322.932,494.24,22.01
2016-08-27,322.906,484.478,22.23
2016-08-28,322.875,472.51,22.29
2016-08-29,322.853,464.367,21.6
2016-08-30,322.875,472.744,21.03
2016-08-31,322.841,459.701,21.67
2016-09-01,322.814,449.274,22.44
2016-09-02,322.792,441.054,22.21
2016-09-03,322.771,433.338,22.16
2016-09-04,322.747,424.261,22.06
2016-09-05,322.869,470.922,21.29
2016-09-06,322.935,495.868,19.69
2016-09-07,322.827,454.375,20.63
2016-09-08,322.785,438.455,21.19
2016-09-09,322.753,426.644,21.23
2016-09-10,322.727,416.779,21.21
2016-09-11,322.708,409.711,21.57
2016-09-12,322.687,402.074,21.58
2016-09-13,322.668,395.058,21.71
2016-09-14,322.651,388.85,21.89
2016-09-15,322.629,380.873,21.78
2016-09-16,322.604,371.635,21.14
2016-09-17,322.581,363.411,20.35
2016-09-18,322.586,365.255,20.0
2016-09-19,322.618,376.989,19.32
2016-09-20,322.669,395.253,19.13
2016-09-21,322.639,384.37,19.17
2016-09-22,322.616,376.053,19.26
2016-09-23,322.603,371.287,19.2
2016-09-24,322.587,365.753,18.92
2016-09-25,322.565,357.866,18.82
2016-09-26,322.549,352.156,18.77
2016-09-27,322.537,347.884,18.82
2016-09-28,322.527,344.259,18.72
2016-09-29,322.507,337.255,18.58
2016-09-30,322.488,330.269,18.41
2016-10-01,322.467,323.044,18.21
2016-10-02,322.452,317.919,17.96
2016-10-03,322.437,312.761,17.45
2016-10-04,322.433,311.428,17.1
2016-10-05,322.421,307.065,16.95
2016-10-06,322.393,297.661,16.3
2016-10-07,322.371,290.235,15.95
2016-10-08,322.356,285.088,15.98
2016-10-09,322.339,279.563,15.77
2016-10-10,322.339,279.322,15.34
2016-10-11,322.334,277.757,15.03
2016-10-12,322.314,271.249,14.79
2016-10-13,322.303,267.637,14.45
2016-10-14,322.291,263.478,14.22
2016-10-15,322.286,262.039,14.2
2016-10-16,322.268,256.025,14.32
2016-10-17,322.254,251.611,14.29
2016-10-18,322.264,254.713,14.2
2016-10-19,322.289,262.954,14.17
2016-10-20,322.264,254.763,13.51
2016-10-21,322.256,252.351,12.94
2016-10-22,322.261,253.834,12.69
2016-10-23,322.258,252.843,12.53
2016-10-24,322.267,255.743,12.65
2016-10-25,322.329,276.289,13.02
2016-10-26,322.386,295.668,13.23
2016-10-27,322.436,312.374,12.93
2016-10-28,322.34,279.927,12.57
2016-10-29,322.303,267.494,12.4
2016-10-30,322.282,260.529,12.31
2016-10-31,322.263,254.476,12.14
2016-11-01,322.245,248.854,12.08
2016-11-02,322.228,243.334,12.07
2016-11-03,322.217,239.812,11.94
2016-11-04,322.205,236.162,11.44
2016-11-05,322.238,246.62,11.31
2016-11-06,322.39,296.588,11.53
2016-11-07,322.414,304.8,10.84
2016-11-08,322.336,278.453,10.25
2016-11-09,322.307,269.029,10.03
2016-11-10,322.373,290.978,10.0
2016-11-11,322.797,443.354,9.74
2016-11-12,322.603,371.45,9.27
2016-11-13,322.487,330.107,9.38
2016-11-14,322.441,314.126,9.26
2016-11-15,322.407,302.42,9.17
2016-11-16,322.392,297.161,9.46
2016-11-17,322.467,323.3,9.77
2016-11-18,322.489,330.664,9.49
2016-11-19,322.632,381.801,9.28
2016-11-20,322.625,379.29,8.75
2016-11-21,322.519,341.238,8.53
2016-11-22,322.492,332.031,8.77
2016-11-23,322.47,324.212,9.09
2016-11-24,322.448,316.473,9.09
2016-11-25,322.432,310.948,8.95
2016-11-26,322.413,304.628,8.99
2016-11-27,322.404,301.228,9.11
2016-11-28,322.395,298.251,8.82
2016-11-29,322.369,289.566,7.81
2016-11-30,322.351,283.575,7.08
2016-12-01,322.336,278.311,7.05
2016-12-02,322.326,275.302,7.09
2016-12-03,322.316,271.709,7.17
2016-12-04,322.301,266.964,7.31
2016-12-05,322.29,263.311,7.19
2016-12-06,322.274,258.133,7.11
2016-12-07,322.264,254.731,7.01
2016-12-08,322.253,251.35,6.97
2016-12-09,322.233,244.806,6.79
2016-12-10,322.22,240.761,6.58
2016-12-11,322.209,237.373,6.44
2016-12-12,322.203,235.285,6.44
2016-12-13,322.185,229.803,6.57
2016-12-14,322.183,229.27,6.5
2016-12-15,322.182,228.836,6.43
2016-12-16,322.184,229.642,6.32
2016-12-17,322.179,228.018,6.28
2016-12-18,322.173,226.185,6.2
2016-12-19,322.173,225.936,6.18
2016-12-20,322.163,222.967,6.08
2016-12-21,322.156,220.934,5.78
2016-12-22,322.152,219.778,5.74
2016-12-23,322.15,218.906,5.9
2016-12-24,322.139,215.819,6.12
2016-12-25,322.132,213.465,6.39
2016-12-26,322.123,210.808,6.4
2016-12-27,322.114,208.123,6.19
2016-12-28,322.105,205.458,5.78
2016-12-29,322.095,202.541,5.19
2016-12-30,322.077,197.38,5.03
2016-12-31,322.064,193.483,5.14
2017-01-01,322.049,189.295,5.11
2017-01-02,322.045,188.023,5.03
2017-01-03,322.037,185.902,4.86
2017-01-04,322.025,182.528,4.74
2017-01-05,322.026,182.583,4.45
2017-01-06,322.024,182.023,4.01
2017-01-07,322.011,178.466,3.57
2017-01-08,322.011,178.446,3.64
2017-01-09,322.012,178.685,3.92
2017-01-10,322.019,180.703,4.24
2017-01-11,322.016,179.823,4.33
2017-01-12,322.048,188.955,4.58
2017-01-13,322.195,233.187,4.77
2017-01-14,322.16,222.31,4.34
2017-01-15,322.11,206.856,3.86
2017-01-16,322.102,204.537,3.82
2017-01-17,322.095,202.387,3.58
2017-01-18,322.087,200.17,3.16
2017-01-19,322.08,198.238,2.71
2017-01-20,322.078,197.692,2.62
2017-01-21,322.075,196.724,2.58
2017-01-22,322.077,197.214,2.52
2017-01-23,322.07,195.222,2.47
2017-01-24,322.066,194.045,2.37
2017-01-25,322.066,194.127,2.23
2017-01-26,322.065,193.642,2.08
2017-01-27,322.069,194.9,1.82
2017-01-28,322.064,193.494,2.0
2017-01-29,322.069,194.85,2.03
2017-01-30,322.071,195.432,2.18
2017-01-31,322.17,226.605,2.64
2017-02-01,323.198,599.598,2.92
2017-02-02,322.713,412.588,4.08
2017-02-03,322.492,331.933,4.02
2017-02-04,322.432,310.997,3.93
2017-02-05,322.396,298.708,3.66
2017-02-06,322.393,297.782,3.6
2017-02-07,322.37,289.928,3.79
2017-02-08,322.361,286.646,3.79
2017-02-09,322.343,280.739,3.64
2017-02-10,322.323,274.161,3.28
2017-02-11,322.299,266.091,3.31
2017-02-12,322.281,260.508,3.35
2017-02-13,322.265,255.021,3.47
2017-02-14,322.25,250.295,3.42
2017-02-15,322.23,243.81,3.36
2017-02-16,322.216,239.675,3.48
2017-02-17,322.237,246.385,3.85
2017-02-18,322.356,285.258,4.14
2017-02-19,322.294,264.681,4.13
2017-02-20,322.262,254.239,4.25
2017-02-21,322.252,250.848,4.79
2017-02-22,322.391,297.316,5.25
2017-02-23,322.389,296.263,5.72
2017-02-24,322.322,273.834,5.6
2017-02-25,322.314,271.276,5.27
2017-02-26,322.284,261.205,4.82
2017-02-27,322.272,257.479,4.8
2017-02-28,322.322,273.791,4.94
2017-03-01,322.358,286.105,4.99
2017-03-02,322.518,341.589,5.25
2017-03-03,322.53,345.604,5.7
2017-03-04,322.419,306.569,5.45
2017-03-05,322.395,298.372,5.6
2017-03-06,322.428,309.521,5.85
2017-03-07,322.536,347.292,5.7
2017-03-08,322.488,330.585,5.61
2017-03-09,322.768,435.71,5.8
2017-03-10,323.094,558.165,6.36
2017-03-11,322.774,434.568,6.35
2017-03-12,322.695,405.107,6.27
2017-03-13,322.66,392.119,6.44
2017-03-14,322.627,379.94,6.69
2017-03-15,322.594,368.012,6.91
2017-03-16,322.576,361.819,7.06
2017-03-17,322.555,354.116,7.25
2017-03-18,322.539,348.416,7.41
2017-03-19,322.77,433.311,6.72
2017-03-20,322.749,424.968,7.34
2017-03-21,322.686,401.728,7.27
2017-03-22,322.675,397.644,7.2
2017-03-23,322.696,405.288,7.12
2017-03-24,322.675,397.718,7.92
2017-03-25,322.661,392.625,8.03
2017-03-26,322.649,388.161,8.32
2017-03-27,322.627,380.106,8.32
2017-03-28,322.602,371.209,8.65
2017-03-29,322.59,366.657,8.82
2017-03-30,322.573,360.664,8.85
2017-03-31,322.56,355.807,8.99
2017-04-01,322.548,351.776,9.44
2017-04-02,322.539,348.608,9.22
2017-04-03,322.567,358.529,9.31
2017-04-04,322.546,350.963,10.2
2017-04-05,322.55,352.26,10.18
2017-04-06,322.524,343.006,10.98
2017-04-07,322.507,337.031,11.04
2017-04-08,322.488,330.372,11.67
2017-04-09,322.473,325.332,11.57
2017-04-10,322.458,320.117,11.67
2017-04-11,322.447,316.301,11.89
2017-04-12,322.441,314.007,10.02
2017-04-13,322.426,309.071,12.07
2017-04-14,322.421,307.154,10.13
2017-04-15,322.412,304.263,9.42
2017-04-16,322.413,304.615,11.12
2017-04-17,322.47,324.17,9.74
2017-04-18,322.486,329.872,9.93
2017-04-19,322.496,333.147,8.38
2017-04-20,322.497,333.465,8.7
2017-04-21,322.49,330.985,9.9
2017-04-22,322.492,331.712,10.62
2017-04-23,322.508,337.474,10.66
2017-04-24,322.495,332.997,10.55
2017-04-25,322.522,342.489,11.58
2017-04-26,322.908,485.481,10.13
2017-04-27,322.855,465.047,8.63
2017-04-28,323.026,530.866,8.99
2017-04-29,322.967,508.102,8.79
2017-04-30,323.006,523.057,9.84
2017-05-01,323.027,531.494,10.32
2017-05-02,322.979,512.422,9.25
2017-05-03,322.905,484.036,9.51
2017-05-04,322.852,463.856,10.25
2017-05-05,322.846,461.662,10.63
2017-05-06,322.815,449.69,11.33
2017-05-07,322.923,490.974,11.37
2017-05-08,323.137,574.976,9.77
2017-05-09,323.167,586.715,9.48
2017-05-10,323.065,546.168,10.3
2017-05-11,322.996,519.353,11.78
2017-05-12,322.953,502.561,12.1
2017-05-13,323.005,522.54,12.02
2017-05-14,323.029,532.278,12.12
2017-05-15,323.018,527.568,12.61
2017-05-16,322.964,506.956,13.1
2017-05-17,322.934,495.342,14.83
2017-05-18,322.921,490.227,15.41
2017-05-19,322.896,480.852,14.96
2017-05-20,322.909,485.767,12.78
2017-05-21,322.897,480.964,12.79
2017-05-22,322.877,473.403,15.5
2017-05-23,322.852,463.668,16.12
2017-05-24,322.842,459.879,15.57
2017-05-25,322.844,460.883,16.26
2017-05-26,322.839,458.805,17.5
2017-05-27,322.823,452.802,18.28
2017-05-28,322.815,449.743,18.43
2017-05-29,322.813,449.04,18.58
2017-05-30,322.837,458.015,19.28
2017-05-31,322.909,485.535,18.68
2017-06-01,322.886,476.749,19.75
2017-06-02,322.886,476.69,20.55
2017-06-03,322.911,486.471,20.08
2017-06-04,322.975,510.841,20.21
2017-06-05,322.993,517.932,18.07
2017-06-06,322.937,496.312,18.79
2017-06-07,323.069,547.764,17.02
2017-06-08,323.019,528.328,14.83
2017-06-09,322.974,510.782,17.21
2017-06-10,322.958,504.382,17.48
2017-06-11,322.942,498.377,18.64
2017-06-12,322.908,485.078,19.27
2017-06-13,322.895,480.088,18.25
2017-06-14,322.886,476.856,18.79
2017-06-15,322.879,474.25,20.07
2017-06-16,322.879,474.019,19.65
2017-06-17,322.852,463.62,18.0
2017-06-18,322.832,456.26,19.36
2017-06-19,322.799,443.911,21.27
2017-06-20,322.772,433.64,21.82
2017-06-21,322.751,425.853,21.65
2017-06-22,322.727,416.965,22.01
2017-06-23,322.698,406.098,22.55
2017-06-24,322.687,402.072,21.16
2017-06-25,322.663,393.242,20.79
2017-06-26,322.657,391.028,20.98
2017-06-27,322.646,387.001,22.13
2017-06-28,322.665,394.095,22.48
2017-06-29,322.73,417.819,22.16
2017-06-30,322.786,438.875,20.39
2017-07-01,322.742,422.274,20.43
2017-07-02,322.733,419.159,19.15
2017-07-03,322.762,429.992,18.58
2017-07-04,322.772,433.664,20.01
2017-07-05,322.736,420.195,21.14
2017-07-06,322.71,410.585,21.4
2017-07-07,322.693,404.318,21.5
2017-07-08,322.694,404.614,21.54
2017-07-09,322.735,419.752,21.48
2017-07-10,322.764,430.503,21.69
2017-07-11,322.796,442.478,21.06
2017-07-12,322.754,427.056,20.7
2017-07-13,322.734,419.417,21.3
2017-07-14,322.728,417.044,21.4
2017-07-15,322.766,431.465,21.81
2017-07-16,322.734,419.496,21.5
2017-07-17,322.7,406.977,22.34
2017-07-18,322.672,396.473,22.93
2017-07-19,322.658,391.389,23.03
2017-07-20,322.642,385.635,23.13
2017-07-21,322.652,389.089,22.53
2017-07-22,322.675,397.544,23.04
2017-07-23,322.656,390.843,22.5
2017-07-24,322.624,379.142,21.91
2017-07-25,322.735,420.348,20.83
2017-07-26,323.086,555.16,18.86
2017-07-27,323.007,523.611,17.14
2017-07-28,322.944,499.121,18.99
2017-07-29,322.994,518.54,19.46
2017-07-30,322.918,488.951,20.4
2017-07-31,322.896,480.748,20.96
2017-08-01,322.874,472.194,21.14
2017-08-02,322.895,480.168,21.55
2017-08-03,322.841,459.724,21.77
2017-08-04,322.808,447.254,22.28
2017-08-05,322.772,433.64,21.48
2017-08-06,322.754,426.77,21.54
2017-08-07,322.733,419.121,21.85
2017-08-08,322.703,408.034,22.58
2017-08-09,322.76,429.396,21.62
2017-08-10,322.806,446.379,20.97
2017-08-11,322.827,454.212,19.84
2017-08-12,322.864,468.316,19.46
2017-08-13,322.873,471.959,19.03
2017-08-14,322.83,455.488,20.44
2017-08-15,322.807,446.588,21.06
2017-08-16,322.838,458.461,21.13
2017-08-17,322.798,443.452,21.15
2017-08-18,322.771,433.283,21.54
2017-08-19,322.888,477.7,21.28
2017-08-20,322.841,459.458,20.44
2017-08-21,322.791,440.834,21.08
2017-08-22,322.761,429.414,21.44
2017-08-23,322.733,418.936,21.92
2017-08-24,322.714,411.879,22.11
2017-08-25,322.724,415.619,22.02
2017-08-26,322.702,407.671,21.95
2017-08-27,322.669,395.573,22.42
2017-08-28,322.65,388.393,22.31
2017-08-29,322.623,378.807,22.41
2017-08-30,322.601,370.734,22.98
2017-08-31,322.633,382.173,22.83
2017-09-01,323.204,603.786,20.48
2017-09-02,323.782,846.498,18.09
2017-09-03,323.49,718.371,17.88
2017-09-04,323.276,630.169,19.2
2017-09-05,323.198,598.945,20.25
2017-09-06,323.162,584.527,20.72
2017-09-07,323.144,577.515,19.47
2017-09-08,323.124,569.278,19.45
2017-09-09,323.114,565.571,19.2
2017-09-10,323.155,581.654,18.96
2017-09-11,323.183,593.024,18.49
2017-09-12,323.127,570.522,17.98
2017-09-13,323.135,573.834,17.13
2017-09-14,323.13,571.668,16.49
2017-09-15,323.224,609.459,15.39
2017-09-16,323.16,583.752,16.27
2017-09-17,323.146,578.07,16.48
2017-09-18,323.199,599.497,16.32
2017-09-19,323.152,580.627,15.75
2017-09-20,323.17,587.593,15.84
2017-09-21,323.183,592.885,15.64
2017-09-22,323.136,574.009,16.01
2017-09-23,323.099,559.401,16.01
2017-09-24,323.061,544.567,16.31
2017-09-25,323.04,536.258,16.32
2017-09-26,323.012,525.441,16.25
2017-09-27,322.995,518.685,16.25
2017-09-28,322.975,510.992,16.37
2017-09-29,322.957,503.996,16.47
2017-09-30,322.933,494.835,16.68
2017-10-01,322.948,500.678,16.47
2017-10-02,322.94,497.415,15.93
2017-10-03,322.942,498.569,16.1
2017-10-04,323.055,542.377,15.11
2017-10-05,322.927,492.677,15.33
2017-10-06,323.066,546.851,15.17
2017-10-07,323.032,533.375,14.39
2017-10-08,322.974,510.72,14.69
2017-10-09,322.96,505.126,14.49
2017-10-10,322.956,503.783,14.61
2017-10-11,322.922,490.669,14.71
2017-10-12,322.895,480.203,14.71
2017-10-13,322.865,468.814,14.82
2017-10-14,322.838,458.366,14.9
2017-10-15,322.805,445.901,14.95
2017-10-16,322.774,434.46,14.94
2017-10-17,322.745,423.501,14.96
2017-10-18,322.724,415.602,14.86
2017-10-19,322.706,409.057,14.77
2017-10-20,322.687,402.104,14.79
2017-10-21,322.668,395.105,14.9
2017-10-22,322.648,387.803,14.74
2017-10-23,322.639,384.356,13.9
2017-10-24,322.663,393.082,13.7
2017-10-25,322.656,390.678,13.89
2017-10-26,322.636,383.189,14.02
2017-10-27,322.622,378.216,14.06
2017-10-28,322.635,383.165,13.62
2017-10-29,322.601,370.625,12.93
2017-10-30,322.666,394.31,12.36
2017-10-31,322.663,393.165,11.89
2017-11-01,322.634,382.79,11.95
2017-11-02,322.608,373.338,12.07
2017-11-03,322.594,368.133,12.29
2017-11-04,322.574,360.822,12.31
2017-11-05,322.572,360.404,12.19
2017-11-06,322.757,428.285,11.63
2017-11-07,322.728,417.137,10.8
2017-11-08,322.684,400.854,10.81
2017-11-09,322.658,391.335,10.79
2017-11-10,322.63,381.303,10.74
2017-11-11,322.634,382.724,10.61
2017-11-12,323.204,603.02,10.25
2017-11-13,323.309,644.94,9.47
2017-11-14,323.006,523.208,9.44
2017-11-15,322.936,495.921,9.34
2017-11-16,322.885,476.575,9.32
2017-11-17,322.848,462.409,9.17
2017-11-18,322.815,449.643,9.4
2017-11-19,322.798,443.507,9.13
2017-11-20,322.784,438.241,8.74
2017-11-21,322.76,429.158,8.75
2017-11-22,322.762,429.895,8.75
2017-11-23,322.752,426.244,8.52
2017-11-24,322.727,416.746,8.59
2017-11-25,322.748,424.761,8.81
2017-11-26,322.801,444.566,8.29
2017-11-27,322.739,421.196,7.81
2017-11-28,322.71,410.403,7.82
2017-11-29,322.693,404.334,7.83
2017-11-30,322.673,396.715,7.66
2017-12-01,322.668,395.005,7.31
2017-12-02,322.657,391.108,7.23
2017-12-03,322.632,381.907,7.02
2017-12-04,322.608,373.291,6.85
2017-12-05,322.595,368.4,6.92
2017-12-06,322.583,364.222,6.92
2017-12-07,322.567,358.412,6.67
2017-12-08,322.624,379.089,6.6
2017-12-09,322.662,392.969,6.24
2017-12-10,322.643,385.881,5.57
2017-12-11,322.95,501.715,5.41
2017-12-12,323.054,541.915,5.82
2017-12-13,322.857,465.871,5.64
2017-12-14,322.838,458.602,5.72
2017-12-15,323.258,623.755,5.53
2017-12-16,323.023,529.653,5.5
2017-12-17,322.918,489.075,5.55
2017-12-18,322.872,471.246,5.31
2017-12-19,322.833,456.477,5.34
2017-12-20,322.801,444.614,5.49
2017-12-21,322.784,438.064,5.55
2017-12-22,322.852,463.768,5.71
2017-12-23,323.016,527.022,5.74
2017-12-24,322.938,496.697,5.73
2017-12-25,322.859,466.362,5.46
2017-12-26,322.805,446.134,5.2
2017-12-27,322.771,433.345,5.01
2017-12-28,322.747,424.395,4.97
2017-12-29,322.716,412.765,4.66
2017-12-30,322.714,412.003,4.7
2017-12-31,323.131,573.339,5.53
2018-01-01,322.984,514.736,5.52
2018-01-02,322.914,487.574,5.44
2018-01-03,322.913,487.322,5.54
2018-01-04,323.275,630.509,5.79
2018-01-05,324.014,952.342,6.33
2018-01-06,323.391,679.995,6.37
2018-01-07,323.199,601.987,6.2
2018-01-08,323.117,569.439,5.9
2018-01-09,323.089,558.321,5.65
2018-01-10,323.05,543.199,5.57
2018-01-11,322.993,520.867,5.57
2018-01-12,322.95,504.541,5.6
2018-01-13,322.919,492.371,5.5
2018-01-14,322.88,477.801,5.18
2018-01-15,322.844,464.318,5.24
2018-01-16,322.843,463.759,5.46
2018-01-17,323.105,564.837,5.45
2018-01-18,323.006,525.995,5.03
2018-01-19,323.335,657.244,5.44
2018-01-20,323.193,599.722,5.33
2018-01-21,323.362,667.905,5.4
2018-01-22,323.638,787.266,5.41
2018-01-23,324.007,950.096,5.82
2018-01-24,323.516,732.223,5.66
2018-01-25,323.355,664.938,5.5
2018-01-26,323.28,634.364,5.56
2018-01-27,323.217,609.012,5.68
2018-01-28,323.16,586.273,5.72
2018-01-29,323.114,568.107,5.7
2018-01-30,323.073,552.033,5.79
2018-01-31,323.048,542.382,5.8
2018-02-01,323.074,552.406,5.75
2018-02-02,323.059,546.594,5.38
2018-02-03,323.008,526.631,5.25
2018-02-04,322.974,513.495,5.24
2018-02-05,322.938,499.84,5.2
2018-02-06,322.904,486.9,5.02
2018-02-07,322.873,475.16,4.94
2018-02-08,322.852,467.286,4.99
2018-02-09,322.828,458.22,5.15
2018-02-10,322.801,447.974,4.98
2018-02-11,322.775,438.413,5.0
2018-02-12,322.755,431.002,4.97
2018-02-13,322.738,424.71,4.8
2018-02-14,322.714,415.898,4.59
2018-02-15,322.705,412.685,4.46
2018-02-16,323.096,564.614,4.62
2018-02-17,323.202,603.038,4.69
2018-02-18,323.258,625.903,4.7
2018-02-19,323.053,544.234,4.63
2018-02-20,322.974,513.632,4.59
2018-02-21,322.928,496.156,4.42
2018-02-22,322.882,478.47,4.03
2018-02-23,322.842,463.52,3.67
2018-02-24,322.809,451.022,3.57
2018-02-25,322.766,435.281,3.35
2018-02-26,322.724,419.471,2.86
2018-02-27,322.689,406.95,2.39
2018-02-28,322.676,402.218,2.24
2018-03-01,322.66,396.282,2.3
2018-03-02,322.643,390.032,2.35
2018-03-03,322.637,388.135,2.63
2018-03-04,322.63,385.476,3.13
2018-03-05,322.619,381.724,3.58
2018-03-06,322.609,377.859,3.86
2018-03-07,322.597,373.711,3.95
2018-03-08,322.599,374.48,4.06
2018-03-09,322.576,366.33,4.42
2018-03-10,322.56,360.765,4.47
2018-03-11,322.552,357.659,4.49
2018-03-12,322.562,361.469,4.6
2018-03-13,322.582,368.532,4.9
2018-03-14,322.567,362.983,5.03
2018-03-15,322.539,353.273,5.29
2018-03-16,322.51,342.899,5.0
2018-03-17,322.501,339.765,5.13
2018-03-18,322.506,341.685,4.77
2018-03-19,322.482,333.494,4.58
2018-03-20,322.463,326.777,4.53
2018-03-21,322.456,324.277,4.81
2018-03-22,322.442,319.451,4.95
2018-03-23,322.438,318.056,5.05
2018-03-24,322.445,320.66,5.39
2018-03-25,322.429,315.165,5.84
2018-03-26,322.413,309.75,6.18
2018-03-27,322.396,304.117,6.13
2018-03-28,322.41,308.627,6.28
2018-03-29,322.748,429.708,6.47
2018-03-30,322.628,385.046,6.31
2018-03-31,322.813,453.324,6.39
2018-04-01,322.763,434.019,6.17
2018-04-02,322.655,394.435,6.19
2018-04-03,322.605,376.524,6.79
2018-04-04,322.586,369.984,7.39
2018-04-05,322.577,366.551,7.57
2018-04-06,322.545,355.371,7.26
2018-04-07,322.531,350.243,7.63
2018-04-08,322.53,350.223,8.33
2018-04-09,322.558,359.771,8.9
2018-04-10,322.547,355.914,9.02
2018-04-11,322.553,358.119,8.83
2018-04-12,322.541,353.765,8.57
2018-04-13,322.541,353.925,9.32
2018-04-14,322.546,355.821,9.2
2018-04-15,322.549,356.548,8.57
2018-04-16,322.566,362.756,9.56
2018-04-17,322.573,365.224,9.88
2018-04-18,322.582,368.379,10.86
2018-04-19,322.601,375.003,11.72
2018-04-20,322.619,381.763,12.57
2018-04-21,322.647,391.696,12.17
2018-04-22,322.669,399.552,12.54
2018-04-23,322.692,407.987,12.71
2018-04-24,322.75,429.064,11.74
2018-04-25,322.768,435.728,12.38
2018-04-26,322.783,441.324,11.91
2018-04-27,322.83,458.916,9.52
2018-04-28,322.842,463.469,12.92
2018-04-29,322.867,472.936,13.9
2018-04-30,322.871,474.195,14.53
2018-05-01,322.913,490.239,10.54
2018-05-02,322.915,490.95,10.41
2018-05-03,322.913,490.081,12.63
2018-05-04,322.926,495.065,12.86
2018-05-05,322.932,497.637,13.94
2018-05-06,322.941,500.858,14.7
2018-05-07,322.951,504.863,14.99
2018-05-08,322.961,508.511,15.24
2018-05-09,322.976,514.433,15.26
2018-05-10,322.995,521.707,14.79
2018-05-11,323.007,526.436,12.98
2018-05-12,323.016,529.837,14.54
2018-05-13,323.011,527.961,15.41
2018-05-14,323.032,536.055,13.49
2018-05-15,323.134,576.065,12.68
2018-05-16,323.182,595.02,13.34
2018-05-17,323.2,602.221,13.24
2018-05-18,323.169,589.922,13.86
2018-05-19,323.136,576.907,14.77
2018-05-20,323.129,574.223,15.18
2018-05-21,323.101,562.949,15.59
2018-05-22,323.071,551.047,15.76
2018-05-23,323.062,547.604,15.94
2018-05-24,323.093,559.997,16.28
2018-05-25,323.064,548.638,16.36
2018-05-26,323.049,542.809,17.71
2018-05-27,323.038,538.423,18.38
2018-05-28,323.039,538.692,18.52
2018-05-29,323.028,534.475,19.32
2018-05-30,323.067,549.676,17.88
2018-05-31,323.104,564.369,19.59
2018-06-01,323.107,565.562,19.38
2018-06-02,323.09,558.808,18.89
2018-06-03,323.078,553.963,20.42
2018-06-04,323.068,550.199,21.2
2018-06-05,323.093,559.755,21.16
2018-06-06,323.065,548.742,20.88
2018-06-07,323.083,555.867,21.14
2018-06-08,323.103,563.855,20.84
2018-06-09,323.105,564.551,21.68
2018-06-10,323.069,550.614,21.75
2018-06-11,323.059,546.668,21.69
2018-06-12,323.036,537.582,21.13
2018-06-13,323.309,647.899,20.49
2018-06-14,323.309,646.334,19.54
2018-06-15,323.179,593.946,20.83
2018-06-16,323.129,573.91,20.94
2018-06-17,323.091,559.013,21.0
2018-06-18,323.07,550.75,20.36
2018-06-19,323.041,539.384,21.03
2018-06-20,323.008,526.781,21.7
2018-06-21,322.975,514.017,22.07
2018-06-22,322.951,504.665,20.75
2018-06-23,322.934,498.418,21.2
2018-06-24,322.903,486.453,21.87
2018-06-25,322.874,475.31,21.62
2018-06-26,322.839,462.392,21.56
2018-06-27,322.812,452.151,21.64
2018-06-28,322.788,443.125,21.72
2018-06-29,322.761,433.28,21.47
2018-06-30,322.733,422.773,21.61
2018-07-01,322.698,410.281,21.84
2018-07-02,322.665,398.144,22.07
2018-07-03,322.685,405.618,22.27
2018-07-04,322.658,395.686,21.73
2018-07-05,322.66,396.322,21.72
2018-07-06,322.701,411.444,21.35
2018-07-07,322.675,401.594,20.64
2018-07-08,322.641,389.403,21.91
2018-07-09,322.603,375.919,22.56
2018-07-10,322.562,361.462,22.73
2018-07-11,322.535,351.725,21.96
2018-07-12,322.515,344.778,21.8
2018-07-13,322.497,338.633,22.68
2018-07-14,322.48,332.558,23.12
2018-07-15,322.458,325.159,23.02
2018-07-16,322.463,326.869,23.1
2018-07-17,322.429,315.224,23.4
2018-07-18,322.406,307.236,23.42
2018-07-19,322.381,298.87,23.43
2018-07-20,322.356,290.454,24.24
2018-07-21,322.334,283.281,23.81
2018-07-22,322.33,281.906,22.89
2018-07-23,322.332,282.634,22.04
2018-07-24,322.317,277.779,23.07
2018-07-25,322.307,274.42,24.04
2018-07-26,322.295,270.407,24.5
2018-07-27,322.288,268.329,24.68
2018-07-28,322.272,263.077,24.81
2018-07-29,322.258,258.468,24.37
2018-07-30,322.246,254.749,23.79
2018-07-31,322.23,249.611,24.75
2018-08-01,322.223,247.401,25.36
2018-08-02,322.302,272.994,25.66
2018-08-03,322.258,258.517,25.78
2018-08-04,322.235,251.026,26.23
2018-08-05,322.224,247.776,26.42
2018-08-06,322.21,243.197,26.46
2018-08-07,322.201,240.566,26.51
2018-08-08,322.208,242.67,26.3
2018-08-09,322.204,241.43,25.81
2018-08-10,322.197,239.305,25.42
2018-08-11,322.197,239.315,24.45
2018-08-12,322.184,235.044,24.05
2018-08-13,322.18,233.969,24.07
2018-08-14,322.215,244.938,23.87
2018-08-15,322.217,245.501,23.58
2018-08-16,322.171,231.177,23.48
2018-08-17,322.163,228.678,23.97
2018-08-18,322.173,231.75,24.1
2018-08-19,322.133,219.356,23.92
2018-08-20,322.119,215.219,24.18
2018-08-21,322.104,210.794,24.76
2018-08-22,322.106,211.284,24.87
2018-08-23,322.104,210.634,25.08
2018-08-24,322.15,224.647,24.64
2018-08-25,322.148,224.184,23.22
2018-08-26,322.162,228.31,21.44
2018-08-27,322.142,222.179,21.1
2018-08-28,322.124,216.586,21.84
2018-08-29,322.111,212.718,22.32
2018-08-30,322.15,224.734,22.44
2018-08-31,322.205,241.709,21.71
2018-09-01,322.528,350.928,20.2
2018-09-02,322.5,339.995,18.03
2018-09-03,322.31,275.48,18.69
2018-09-04,322.259,258.772,19.91
2018-09-05,322.246,254.69,20.76
2018-09-06,322.238,252.292,21.1
2018-09-07,322.27,262.484,21.12
2018-09-08,322.343,286.366,20.49
2018-09-09,322.278,264.923,19.89
2018-09-10,322.253,257.072,20.49
2018-09-11,322.234,250.926,20.77
2018-09-12,322.22,246.455,20.95
2018-09-13,322.246,254.935,21.11
2018-09-14,322.325,280.346,21.26
2018-09-15,322.272,263.171,21.15
2018-09-16,322.241,253.134,21.17
2018-09-17,322.216,245.147,20.93
2018-09-18,322.2,240.252,21.12
2018-09-19,322.185,235.406,21.14
2018-09-20,322.169,230.33,21.16
2018-09-21,322.156,226.444,21.12
2018-09-22,322.147,223.728,20.76
2018-09-23,322.138,220.892,20.15
2018-09-24,322.286,268.766,19.89
2018-09-25,322.258,258.674,17.83
2018-09-26,322.194,238.417,17.33
2018-09-27,322.17,230.73,17.58
2018-09-28,322.15,224.55,18.11
2018-09-29,322.137,220.57,18.32
2018-09-30,322.119,215.035,18.17
2018-10-01,322.225,248.196,17.77
2018-10-02,322.269,262.05,17.08
2018-10-03,322.191,237.17,16.0
2018-10-04,322.176,232.553,16.23
2018-10-05,322.166,229.4,16.19
2018-10-06,322.156,226.47,16.6
2018-10-07,322.145,223.118,16.89
2018-10-08,322.136,220.271,17.07
2018-10-09,322.124,216.794,17.09
2018-10-10,322.12,215.549,17.13
2018-10-11,322.108,211.974,16.99
2018-10-12,322.102,210.054,16.77
2018-10-13,322.092,206.964,16.65
2018-10-14,322.08,203.54,16.58
2018-10-15,322.071,200.826,16.47
2018-10-16,322.057,196.625,16.23
2018-10-17,322.046,193.654,16.01
2018-10-18,322.043,192.64,15.93
2018-10-19,322.037,190.815,15.87
2018-10-20,322.031,189.062,15.82
2018-10-21,322.021,186.395,15.82
2018-10-22,322.01,183.202,15.31
2018-10-23,321.999,180.007,14.85
2018-10-24,321.98,174.692,14.86
2018-10-25,321.982,175.112,14.51
2018-10-26,321.977,173.752,14.77
2018-10-27,322.021,186.338,14.58
2018-10-28,322.065,199.112,13.72
2018-10-29,322.025,187.468,12.76
2018-10-30,322.109,212.247,12.3
2018-10-31,322.097,208.673,12.3
2018-11-01,322.065,199.152,11.42
2018-11-02,322.055,196.064,11.98
2018-11-03,322.046,193.421,12.45
2018-11-04,322.043,192.594,12.62
2018-11-05,322.035,190.347,12.65
2018-11-06,322.03,188.986,12.44
2018-11-07,322.025,187.616,12.12
2018-11-08,322.026,187.821,12.19
2018-11-09,322.03,189.016,12.31
2018-11-10,322.032,189.342,12.38
2018-11-11,322.044,193.033,12.29
2018-11-12,322.032,189.454,12.21
2018-11-13,322.031,189.233,12.1
2018-11-14,322.028,188.44,11.88
2018-11-15,322.026,187.882,11.67
2018-11-16,322.029,188.716,11.38
2018-11-17,322.028,188.309,10.98
2018-11-18,322.016,184.9,10.36
2018-11-19,322.011,183.425,9.83
2018-11-20,321.996,179.322,9.41
2018-11-21,321.994,178.68,9.19
2018-11-22,321.993,178.226,9.08
2018-11-23,321.996,179.058,9.03
2018-11-24,322.002,180.86,9.2
2018-11-25,322.004,181.394,9.23
2018-11-26,322.003,181.084,9.26
2018-11-27,322.013,184.231,9.11
2018-11-28,322.019,185.767,9.02
2018-11-29,322.015,184.79,8.84
2018-11-30,322.01,183.069,8.72
2018-12-01,322.014,184.336,8.78
2018-12-02,322.035,190.434,8.89
2018-12-03,322.352,290.582,9.23
2018-12-04,322.516,345.828,9.35
2018-12-05,322.503,340.796,9.06
2018-12-06,322.326,280.809,8.86
2018-12-07,322.316,277.279,9.07
2018-12-08,322.317,277.858,9.0
2018-12-09,322.388,301.275,8.48
2018-12-10,322.576,366.289,8.17
2018-12-11,322.425,313.738,7.75
2018-12-12,322.347,287.489,7.38
2018-12-13,322.318,277.984,7.09
2018-12-14,322.3,272.052,7.02
2018-12-15,322.285,267.107,6.79
2018-12-16,322.281,265.803,6.65
2018-12-17,322.275,263.856,6.67
2018-12-18,322.267,261.535,7.06
2018-12-19,322.259,258.847,6.87
2018-12-20,322.259,258.957,6.8
2018-12-21,322.274,263.753,6.9
2018-12-22,322.528,350.046,7.1
2018-12-23,322.665,398.196,7.33
2018-12-24,323.332,661.573,7.67
2018-12-25,322.947,504.503,6.97
2018-12-26,322.658,395.806,6.47
2018-12-27,322.568,363.389,6.2
2018-12-28,322.526,348.641,6.02
2018-12-29,322.496,338.103,6.09
2018-12-30,322.463,326.768,6.02
2018-12-31,322.456,324.465,6.15
2019-01-01,322.448,321.799,6.43
2019-01-02,322.424,313.433,6.33
2019-01-03,322.406,307.272,5.78
2019-01-04,322.389,301.635,5.43
2019-01-05,322.375,296.76,5.46
2019-01-06,322.377,297.623,5.39
2019-01-07,322.405,307.165,5.62
2019-01-08,322.407,307.801,5.6
2019-01-09,322.443,319.825,5.43
2019-01-10,322.438,318.087,5.19
2019-01-11,322.429,315.239,4.97
2019-01-12,322.423,313.168,4.92
2019-01-13,322.515,345.156,4.97
2019-01-14,323.148,582.693,5.13
2019-01-15,322.867,472.939,4.92
2019-01-16,322.705,412.596,4.89
2019-01-17,322.641,389.366,4.69
2019-01-18,322.638,388.366,4.67
2019-01-19,322.602,375.576,4.34
2019-01-20,322.569,363.94,4.02
2019-01-21,322.548,356.251,4.15
2019-01-22,322.523,347.707,4.29
2019-01-23,322.513,344.099,4.16
2019-01-24,322.498,338.888,4.13
2019-01-25,322.491,336.416,3.92
2019-01-26,322.483,333.519,3.9
2019-01-27,322.481,332.969,4.07
2019-01-28,322.466,327.688,4.25
2019-01-29,322.449,322.055,4.13
2019-01-30,322.433,316.659,4.01
2019-01-31,322.425,313.707,3.75
2019-02-01,322.417,311.071,3.85
2019-02-02,322.412,309.266,4.02
2019-02-03,322.439,318.739,4.15
2019-02-04,322.45,322.471,4.08
2019-02-05,322.433,316.646,3.89
2019-02-06,322.418,311.567,3.79
2019-02-07,322.417,311.079,3.71
2019-02-08,322.459,325.278,3.91
2019-02-09,322.449,321.927,4.16
2019-02-10,322.493,337.208,4.37
2019-02-11,322.608,377.865,4.45
2019-02-12,322.534,351.559,4.37
2019-02-13,322.484,334.045,4.22
2019-02-14,322.456,324.331,4.15
2019-02-15,322.44,318.827,4.24
2019-02-16,322.434,316.711,4.32
2019-02-17,322.44,318.966,4.39
2019-02-18,322.447,321.376,4.47
2019-02-19,322.434,316.937,4.55
2019-02-20,322.429,315.098,4.83
2019-02-21,322.423,313.105,5.02
2019-02-22,322.433,316.434,5.21
2019-02-23,322.463,326.687,5.36
2019-02-24,322.43,315.569,5.22
2019-02-25,322.398,304.768,5.13
2019-02-26,322.392,302.737,5.32
2019-02-27,322.401,305.581,5.6
2019-02-28,322.421,312.29,5.77
2019-03-01,322.547,356.22,6.06
2019-03-02,322.711,415.236,5.84
2019-03-03,322.559,360.311,5.8
2019-03-04,322.532,350.921,6.03
2019-03-05,322.528,349.291,5.62
2019-03-06,322.49,335.947,5.67
2019-03-07,322.481,333.069,5.75
2019-03-08,322.542,354.431,5.93
2019-03-09,322.494,337.501,6.02
2019-03-10,322.595,373.272,6.32
2019-03-11,322.802,448.614,6.57
2019-03-12,322.616,380.377,5.62
2019-03-13,322.549,356.783,5.98
2019-03-14,322.595,373.169,5.98
2019-03-15,322.926,497.217,5.94
2019-03-16,323.218,610.276,6.77
2019-03-17,322.899,484.871,7.05
2019-03-18,322.814,453.079,6.59
2019-03-19,322.756,431.511,6.4
2019-03-20,322.713,415.503,6.39
2019-03-21,322.676,402.27,6.62
2019-03-22,322.65,392.671,6.91
2019-03-23,322.63,385.358,7.23
2019-03-24,322.616,380.406,7.59
2019-03-25,322.608,377.671,7.74
2019-03-26,322.585,369.383,7.11
2019-03-27,322.563,361.693,6.86
2019-03-28,322.534,351.537,7.34
2019-03-29,322.516,345.166,8.01
2019-03-30,322.511,343.348,8.33
2019-03-31,322.504,341.131,8.58
2019-04-01,322.505,341.436,8.75
2019-04-02,322.499,339.384,9.2
2019-04-03,322.493,336.979,9.52
2019-04-04,322.523,347.774,8.69
2019-04-05,322.536,352.127,7.33
2019-04-06,322.514,344.589,7.36
2019-04-07,322.505,341.143,8.17
2019-04-08,322.514,344.588,8.81
2019-04-09,322.537,352.518,8.72
2019-04-10,322.535,351.759,8.43
2019-04-11,322.532,350.782,8.76
2019-04-12,322.531,350.267,8.89
2019-04-13,322.503,340.666,9.13
2019-04-14,322.508,342.41,9.1
2019-04-15,322.507,342.004,8.77
2019-04-16,322.503,340.696,9.35
2019-04-17,322.506,341.495,10.09
2019-04-18,322.504,340.811,10.22
2019-04-19,322.498,338.979,10.78
2019-04-20,322.497,338.56,11.57
2019-04-21,322.495,337.737,11.62
2019-04-22,322.496,338.151,11.97
2019-04-23,322.495,337.935,11.96
2019-04-24,322.5,339.602,12.66
2019-04-25,322.52,346.412,12.73
2019-04-26,322.557,359.687,10.89
2019-04-27,322.611,378.867,9.91
2019-04-28,322.635,387.303,9.19
2019-04-29,322.652,393.455,8.97
2019-04-30,322.638,388.31,9.62
2019-05-01,322.626,384.046,10.54
2019-05-02,322.607,377.345,11.51
2019-05-03,322.659,395.888,11.52
2019-05-04,322.696,409.484,10.32
2019-05-05,322.722,418.912,10.08
2019-05-06,322.724,419.587,9.97
2019-05-07,322.733,422.928,10.46
2019-05-08,322.799,447.455,11.17
2019-05-09,322.851,466.794,10.96
2019-05-10,322.781,440.513,10.49
2019-05-11,322.777,439.159,10.22
2019-05-12,322.896,484.216,10.44
2019-05-13,322.866,472.447,10.25
2019-05-14,322.781,440.717,10.78
2019-05-15,322.74,425.415,11.08
2019-05-16,322.709,414.005,11.17
2019-05-17,322.686,405.852,11.45
2019-05-18,322.673,401.041,12.2
2019-05-19,322.72,418.243,12.12
2019-05-20,323.1,567.242,12.15
2019-05-21,324.023,957.087,10.58
2019-05-22,323.986,938.711,10.26
2019-05-23,323.639,784.423,11.29
2019-05-24,323.483,718.002,12.35
2019-05-25,323.425,694.066,12.56
2019-05-26,323.386,677.957,12.61
2019-05-27,323.349,662.413,13.13
2019-05-28,323.344,660.409,12.7
2019-05-29,323.459,708.213,11.92
2019-05-30,323.46,708.257,12.09
2019-05-31,323.393,680.443,13.64
2019-06-01,323.355,664.992,14.68
2019-06-02,323.33,654.725,15.15
2019-06-03,323.316,649.198,15.77
2019-06-04,323.319,650.083,15.75
2019-06-05,323.333,655.995,17.56
2019-06-06,323.337,657.624,16.94
2019-06-07,323.362,667.972,14.14
2019-06-08,323.367,669.802,16.26
2019-06-09,323.385,677.442,15.89
2019-06-10,323.409,687.106,16.53
2019-06-11,323.652,789.866,16.02
2019-06-12,323.719,819.974,15.76
2019-06-13,323.808,858.52,15.2
2019-06-14,323.76,837.149,16.05
2019-06-15,323.761,837.739,16.16
2019-06-16,323.907,902.666,15.09
2019-06-17,323.835,870.295,16.3
2019-06-18,323.806,857.256,17.25
2019-06-19,323.825,865.812,17.47
2019-06-20,323.848,876.308,17.14
2019-06-21,323.868,885.319,16.97
2019-06-22,323.82,863.48,17.64
2019-06-23,323.846,875.242,17.5
2019-06-24,323.768,840.514,18.66
2019-06-25,323.721,820.091,19.29
2019-06-26,323.694,808.067,20.12
2019-06-27,323.676,800.452,20.8
2019-06-28,323.66,793.473,21.46
2019-06-29,323.641,785.215,22.02
2019-06-30,323.621,776.457,22.45
2019-07-01,323.597,766.219,22.55
2019-07-02,323.678,801.445,22.74
2019-07-03,323.597,766.418,23.61
2019-07-04,323.539,741.68,23.86
2019-07-05,323.497,723.757,23.65
2019-07-06,323.46,708.442,22.81
2019-07-07,323.46,708.653,22.2
2019-07-08,323.428,695.192,22.42
2019-07-09,323.388,678.598,22.79
2019-07-10,323.354,664.447,22.65
2019-07-11,323.318,649.91,22.25
2019-07-12,323.305,644.43,21.64
2019-07-13,323.302,643.163,21.71
2019-07-14,323.271,630.699,21.28
2019-07-15,323.285,636.438,21.63
2019-07-16,323.23,614.407,21.86
2019-07-17,323.174,592.003,22.03
2019-07-18,323.133,575.558,21.52
2019-07-19,323.095,560.849,21.65
2019-07-20,323.061,547.14,21.84
2019-07-21,323.037,538.091,22.07
2019-07-22,323.008,526.775,22.2
2019-07-23,322.969,511.785,23.03
2019-07-24,322.935,498.626,23.83
2019-07-25,322.909,488.735,24.13
2019-07-26,322.883,479.009,24.74
2019-07-27,322.862,471.127,24.48
2019-07-28,322.934,498.216,23.28
2019-07-29,323.192,599.122,22.08
2019-07-30,323.015,529.292,22.44
2019-07-31,322.979,515.493,23.0
2019-08-01,322.941,500.879,22.44
2019-08-02,322.904,486.72,22.71
2019-08-03,322.905,487.128,22.23
2019-08-04,322.873,475.181,21.63
2019-08-05,322.836,461.185,22.49
2019-08-06,322.939,500.145,22.23
2019-08-07,322.919,492.468,21.59
2019-08-08,322.934,498.454,21.22
2019-08-09,322.908,488.314,21.87
2019-08-10,322.937,499.581,22.68
2019-08-11,322.991,520.293,21.66
2019-08-12,322.931,497.109,21.74
2019-08-13,323.193,599.687,20.79
2019-08-14,323.09,558.863,20.64
2019-08-15,323.055,545.019,21.14
2019-08-16,323.039,538.854,21.14
2019-08-17,323.026,533.584,21.35
2019-08-18,323.008,526.643,21.46
2019-08-19,323.126,572.998,21.61
2019-08-20,323.282,635.457,20.51
2019-08-21,323.694,809.936,19.11
2019-08-22,323.381,675.714,19.94
2019-08-23,323.324,652.281,20.28
2019-08-24,323.286,636.884,20.46
2019-08-25,323.258,625.602,20.72
2019-08-26,323.22,610.447,21.07
2019-08-27,323.192,599.223,21.25
2019-08-28,323.17,590.361,21.45
2019-08-29,323.152,583.016,21.83
2019-08-30,323.147,581.178,21.73
2019-08-31,323.103,563.926,22.06
2019-09-01,323.06,547.011,21.96
2019-09-02,323.11,566.499,21.17
2019-09-03,323.091,559.255,20.9
2019-09-04,323.021,531.944,21.21
2019-09-05,322.971,512.584,20.98
2019-09-06,322.98,515.912,20.42
2019-09-07,323.013,528.757,20.17
2019-09-08,323.14,578.738,19.54
2019-09-09,323.369,670.729,18.14
2019-09-10,323.193,599.667,18.08
2019-09-11,323.088,558.099,19.02
2019-09-12,323.036,537.626,19.33
2019-09-13,322.993,521.036,19.49
2019-09-14,322.956,506.818,19.7
2019-09-15,322.922,493.69,19.79
2019-09-16,322.888,480.63,19.85
2019-09-17,322.857,469.258,19.67
2019-09-18,322.835,460.63,19.37
2019-09-19,322.805,449.581,19.35
2019-09-20,322.779,439.954,18.94
2019-09-21,322.741,425.797,18.81
2019-09-22,322.705,412.757,18.98
2019-09-23,322.726,420.542,18.87
2019-09-24,322.722,418.879,18.03
2019-09-25,322.688,406.31,17.87
2019-09-26,322.696,409.265,17.83
2019-09-27,322.69,407.067,17.72
2019-09-28,322.713,415.431,17.81
2019-09-29,322.711,414.905,17.25
2019-09-30,322.633,386.715,17.44
2019-10-01,322.609,378.093,16.72
2019-10-02,322.631,385.935,17.06
2019-10-03,322.806,450.128,16.36
2019-10-04,322.71,414.39,15.67
2019-10-05,322.707,413.659,15.67
2019-10-06,322.93,496.879,14.95
2019-10-07,323.169,590.864,14.61
2019-10-08,322.944,502.293,14.45
2019-10-09,323.331,661.027,14.67
2019-10-10,323.442,702.531,13.62
2019-10-11,323.127,573.267,13.47
2019-10-12,323.023,532.628,14.04
2019-10-13,322.957,507.246,14.7
2019-10-14,322.91,489.015,14.94
2019-10-15,322.87,473.903,14.93
2019-10-16,322.911,489.5,14.4
2019-10-17,322.874,475.335,13.79
2019-10-18,322.839,462.203,14.36
2019-10-19,322.861,470.751,14.38
2019-10-20,322.802,448.551,14.26
2019-10-21,322.77,436.578,14.43
2019-10-22,322.768,435.778,14.49
2019-10-23,322.782,441.122,14.36
2019-10-24,322.782,440.848,14.44
2019-10-25,322.773,437.725,14.43
2019-10-26,322.762,433.786,14.24
2019-10-27,322.743,426.669,14.1
2019-10-28,322.729,421.619,14.34
2019-10-29,322.732,422.512,13.96
2019-10-30,322.811,451.84,13.56
2019-10-31,323.086,557.254,12.82
2019-11-01,322.936,499.026,12.71
2019-11-02,322.894,483.043,13.23
2019-11-03,322.871,474.399,13.33
2019-11-04,322.867,472.666,12.88
2019-11-05,322.893,482.851,12.6
2019-11-06,322.913,490.119,12.48
2019-11-07,322.907,487.997,12.07
2019-11-08,322.939,500.221,11.89
2019-11-09,322.952,505.312,11.58
2019-11-10,322.892,482.336,11.5
2019-11-11,322.845,464.631,11.36
2019-11-12,322.81,451.507,11.26
2019-11-13,322.789,443.761,11.01
2019-11-14,322.758,432.115,10.73
2019-11-15,322.732,422.686,10.55
2019-11-16,322.726,420.284,10.47
2019-11-17,322.707,413.375,10.36
2019-11-18,322.687,406.067,10.2
2019-11-19,322.662,397.173,9.94
2019-11-20,322.649,392.491,9.94
2019-11-21,322.637,387.961,9.99
2019-11-22,322.632,386.166,9.94
2019-11-23,322.617,380.937,9.73
2019-11-24,322.59,371.309,9.51
2019-11-25,322.572,364.671,9.58
2019-11-26,322.552,357.841,9.64
2019-11-27,322.547,356.104,9.71
2019-11-28,322.531,350.221,9.69
2019-11-29,322.583,368.827,9.56
2019-11-30,322.868,473.353,9.09
2019-12-01,322.688,406.381,8.53
2019-12-02,322.627,384.602,8.54
2019-12-03,322.588,370.424,8.28
2019-12-04,322.557,359.606,7.85
2019-12-05,322.534,351.467,7.9
2019-12-06,322.516,345.052,7.94
2019-12-07,322.502,340.394,8.08
2019-12-08,322.482,333.504,8.29
2019-12-09,322.47,329.205,8.26
2019-12-10,322.506,341.612,8.02
2019-12-11,322.507,341.955,7.44
2019-12-12,322.494,337.463,7.18
2019-12-13,322.516,345.313,7.16
2019-12-14,322.527,349.083,7.04
2019-12-15,322.586,369.685,7.45
2019-12-16,322.554,358.541,7.55
2019-12-17,322.534,351.551,7.34
2019-12-18,322.56,360.536,7.17
2019-12-19,322.509,342.648,7.27
2019-12-20,322.478,332.073,7.12
2019-12-21,322.517,345.682,7.08
2019-12-22,322.535,351.774,7.13
2019-12-23,322.589,370.825,7.11
2019-12-24,322.675,401.724,6.99
2019-12-25,322.764,434.349,6.98
2019-12-26,322.705,412.53,6.96
2019-12-27,322.677,402.503,6.86
2019-12-28,322.717,417.149,7.03
2019-12-29,322.634,386.893,6.49
2019-12-30,322.57,363.981,6.0
2019-12-31,322.529,349.733,5.95
2020-01-01,322.496,338.137,6.01
2020-01-02,322.47,329.202,5.95
2020-01-03,322.447,321.296,5.97
2020-01-04,322.435,317.103,6.29
2020-01-05,322.451,322.825,6.28
2020-01-06,322.426,314.127,5.88
2020-01-07,322.4,305.381,5.78
2020-01-08,322.383,299.592,5.92
2020-01-09,322.373,296.311,5.92
2020-01-10,322.362,292.622,5.96
2020-01-11,322.358,291.191,6.14
2020-01-12,322.349,288.358,5.99
2020-01-13,322.338,284.691,5.66
2020-01-14,322.324,280.075,5.55
2020-01-15,322.317,277.861,5.48
2020-01-16,322.306,274.069,5.54
2020-01-17,322.302,272.741,5.61
2020-01-18,322.306,274.045,5.68
2020-01-19,322.305,273.844,5.68
2020-01-20,322.299,271.838,5.35
2020-01-21,322.28,265.751,5.19
2020-01-22,322.273,263.215,4.94
2020-01-23,322.272,263.129,4.94
2020-01-24,322.273,263.317,4.94
2020-01-25,322.279,265.233,4.92
2020-01-26,322.28,265.474,5.02
2020-01-27,322.281,265.919,5.22
2020-01-28,322.305,273.7,5.54
2020-01-29,322.379,298.177,5.55
2020-01-30,322.379,298.27,5.33
2020-01-31,322.431,316.042,5.81
2020-02-01,322.534,351.387,6.43
2020-02-02,322.568,363.588,6.55
2020-02-03,323.023,535.357,7.15
2020-02-04,323.266,629.188,7.16
2020-02-05,322.988,519.243,6.16
2020-02-06,322.869,473.637,5.51
2020-02-07,322.813,452.696,5.25
2020-02-08,322.776,438.693,5.24
2020-02-09,322.74,425.564,5.37
2020-02-10,322.689,407.002,6.15
2020-02-11,322.845,464.816,6.47
2020-02-12,322.913,490.267,5.89
2020-02-13,322.85,466.395,5.72
2020-02-14,323.058,546.229,5.88
2020-02-15,322.984,517.518,5.97
2020-02-16,322.896,483.698,6.04
2020-02-17,322.864,471.694,6.19
2020-02-18,322.95,504.464,6.34
2020-02-19,322.872,474.832,6.13
2020-02-20,322.82,455.235,6.03
2020-02-21,322.774,438.102,6.19
2020-02-22,322.758,432.098,6.09
2020-02-23,322.707,413.346,6.4
2020-02-24,322.704,412.553,6.9
2020-02-25,322.742,426.39,7.05
2020-02-26,322.765,434.687,6.45
2020-02-27,322.761,433.286,5.8
2020-02-28,322.81,451.491,5.6
2020-03-01,323.191,599.183,6.69
2020-03-02,323.0,523.544,6.71
2020-03-03,322.922,493.856,6.4
2020-03-04,322.879,477.402,6.36
2020-03-05,322.909,488.825,6.36
2020-03-06,323.048,542.301,6.47
2020-03-07,322.938,499.927,6.48
2020-03-08,322.875,475.821,6.28
2020-03-09,322.846,465.127,6.58
2020-03-10,322.873,475.016,6.53
2020-03-11,323.029,535.001,6.73
2020-03-12,323.031,535.608,7.49
2020-03-13,322.978,515.112,7.59
2020-03-14,322.943,501.869,7.14
2020-03-15,322.872,474.557,6.92
2020-03-16,322.825,457.217,7.18
2020-03-17,322.795,446.241,7.51
2020-03-18,322.772,437.437,7.64
2020-03-19,322.76,432.793,8.02
2020-03-20,322.745,427.459,8.25
2020-03-21,322.745,427.203,8.18
2020-03-22,322.739,425.054,7.69
2020-03-23,322.702,411.716,7.29
2020-03-24,322.666,398.485,7.17
2020-03-25,322.641,389.585,7.23
2020-03-26,322.614,379.779,7.21
2020-03-27,322.593,372.139,7.14
2020-03-28,322.573,365.124,7.68
2020-03-29,322.554,358.541,7.86
2020-03-30,322.562,361.333,7.11
2020-03-31,322.536,352.105,6.92
2020-04-01,322.517,345.455,7.18
2020-04-02,322.498,338.785,7.55
2020-04-03,322.486,334.781,7.94
2020-04-04,322.476,331.174,8.09
2020-04-05,322.463,326.636,8.28
2020-04-06,322.448,321.751,8.97
2020-04-07,322.433,316.549,9.51
2020-04-08,322.425,313.754,9.75
2020-04-09,322.427,314.319,10.46
2020-04-10,322.422,312.791,10.08
2020-04-11,322.421,312.407,10.76
2020-04-12,322.418,311.475,11.37
2020-04-13,322.411,309.171,11.92
2020-04-14,322.409,308.2,11.24
2020-04-15,322.404,306.523,11.72
2020-04-16,322.39,302.024,12.42
2020-04-17,322.389,301.701,12.68
2020-04-18,322.387,301.056,12.96
2020-04-19,322.388,301.251,13.21
2020-04-20,322.4,305.237,12.5
2020-04-21,322.396,303.949,13.87
2020-04-22,322.396,303.941,13.78
2020-04-23,322.39,301.981,14.14
2020-04-24,322.392,302.781,14.31
2020-04-25,322.398,304.71,14.31
2020-04-26,322.399,305.09,13.38
2020-04-27,322.396,303.862,14.46
2020-04-28,322.414,310.083,14.4
2020-04-29,322.453,323.387,13.02
2020-04-30,322.497,338.529,12.18
2020-05-01,322.49,336.09,10.87
2020-05-02,322.636,388.456,11.83
2020-05-03,322.713,415.626,11.4
2020-05-04,322.575,365.942,12.81
2020-05-05,322.549,356.838,13.9
2020-05-06,322.765,435.495,13.13
2020-05-07,322.694,408.969,13.8
2020-05-08,322.609,378.076,14.62
2020-05-09,322.587,370.326,15.28
2020-05-10,322.593,372.44,15.42
2020-05-11,322.596,373.211,15.95
2020-05-12,322.683,404.876,14.73
2020-05-13,322.66,396.223,14.3
2020-05-14,322.666,398.616,14.21
2020-05-15,322.66,396.19,14.23
2020-05-16,322.67,399.855,14.4
2020-05-17,322.652,393.352,14.94
2020-05-18,322.63,385.383,15.42
2020-05-19,322.613,379.401,15.75
2020-05-20,322.604,376.371,16.38
2020-05-21,322.604,376.361,17.15
2020-05-22,322.604,376.112,17.71
2020-05-23,322.623,383.024,17.06
2020-05-24,322.752,430.014,16.16
2020-05-25,322.669,399.52,16.13
2020-05-26,322.63,385.436,16.23
2020-05-27,322.608,377.776,17.58
2020-05-28,322.594,372.681,18.39
2020-05-29,322.591,371.524,18.06
2020-05-30,322.569,363.882,18.04
2020-05-31,322.546,355.531,17.7
2020-06-01,322.518,345.914,17.83
2020-06-02,322.491,336.312,18.15
2020-06-03,322.475,330.965,18.57
2020-06-04,322.501,339.885,18.34
2020-06-05,322.541,353.954,17.07
2020-06-06,322.515,344.867,16.04
2020-06-07,322.543,354.602,13.96
2020-06-08,322.726,420.466,15.51
2020-06-09,322.652,393.557,16.58
2020-06-10,322.804,450.187,16.77
2020-06-11,323.271,630.956,15.75
2020-06-12,323.004,525.237,16.43
2020-06-13,322.886,479.859,17.91
2020-06-14,322.924,494.736,17.41
2020-06-15,323.007,526.239,15.75
2020-06-16,322.96,508.245,16.78
2020-06-17,322.999,523.173,16.97
2020-06-18,323.013,528.714,16.57
2020-06-19,323.084,556.516,16.74
2020-06-20,323.215,608.572,16.38
2020-06-21,323.076,553.074,17.27
2020-06-22,323.018,530.505,17.79
2020-06-23,322.978,515.036,18.13
2020-06-24,322.947,503.166,19.33
2020-06-25,322.922,493.836,20.25
2020-06-26,322.909,488.636,20.46
2020-06-27,322.909,488.841,20.21
2020-06-28,322.909,488.566,20.06
2020-06-29,323.081,555.908,19.29
2020-06-30,323.089,558.315,18.69
2020-07-01,322.995,521.676,19.65
2020-07-02,322.984,517.371,20.88
2020-07-03,322.999,523.234,19.9
2020-07-04,323.027,534.262,20.25
2020-07-05,322.967,510.924,20.9
2020-07-06,322.927,495.511,20.46
2020-07-07,322.894,483.061,20.06
2020-07-08,322.857,469.136,21.34
2020-07-09,322.835,460.864,21.28
2020-07-10,322.818,454.496,21.21
2020-07-11,322.997,522.905,20.91
2020-07-12,323.029,534.984,20.57
2020-07-13,322.898,484.675,21.29
2020-07-14,322.837,461.608,21.92
2020-07-15,322.792,444.673,21.59
2020-07-16,322.775,438.405,20.85
2020-07-17,323.092,560.844,19.74
2020-07-18,323.035,537.119,19.07
2020-07-19,322.913,490.326,20.86
2020-07-20,322.856,468.706,21.63
2020-07-21,322.815,453.175,21.7
2020-07-22,322.79,443.845,21.83
2020-07-23,322.797,446.627,22.44
2020-07-24,322.752,430.063,22.13
2020-07-25,322.721,418.453,21.39
2020-07-26,322.687,406.008,21.9
2020-07-27,322.659,395.84,22.16
2020-07-28,322.627,384.468,22.69
2020-07-29,322.608,377.539,22.79
2020-07-30,322.593,372.321,22.99
2020-07-31,322.563,361.53,24.06
2020-08-01,322.54,353.631,24.4
2020-08-02,322.559,360.541,24.08
2020-08-03,322.69,407.359,22.85
2020-08-04,323.418,697.354,20.62
2020-08-05,323.025,533.588,19.19
2020-08-06,322.842,463.566,21.59
2020-08-07,322.779,440.048,22.78
2020-08-08,322.743,426.687,23.34
2020-08-09,322.712,415.258,23.57
2020-08-10,322.678,402.941,23.77
2020-08-11,322.66,396.502,24.01
2020-08-12,322.648,392.058,24.27
2020-08-13,322.624,383.38,24.81
2020-08-14,322.627,384.441,24.19
2020-08-15,322.6,374.681,23.69
2020-08-16,322.572,364.706,23.9
2020-08-17,322.61,378.3,24.35
2020-08-18,322.572,364.721,23.68
2020-08-19,322.556,359.202,23.54
2020-08-20,322.544,354.89,23.83
2020-08-21,322.515,344.759,24.65
2020-08-22,322.501,339.88,24.59
2020-08-23,322.474,330.634,23.47
2020-08-24,322.447,321.36,22.85
2020-08-25,322.432,316.161,22.37
2020-08-26,322.399,305.091,22.57
2020-08-27,322.389,301.65,22.59
2020-08-28,322.379,298.153,21.38
2020-08-29,322.397,304.459,21.75
2020-08-30,323.317,664.354,19.93
2020-08-31,323.366,675.367,17.1
2020-09-01,322.997,522.376,19.21
2020-09-02,322.993,520.882,19.65
2020-09-03,322.976,514.451,19.97
2020-09-04,322.963,509.286,20.11
2020-09-05,322.933,497.815,20.42
2020-09-06,322.915,490.998,20.19
2020-09-07,322.993,520.848,19.59
2020-09-08,322.945,502.61,19.85
2020-09-09,322.892,482.127,20.12
2020-09-10,322.857,468.952,20.01
2020-09-11,322.829,458.499,20.35
2020-09-12,322.802,448.432,20.52
2020-09-13,322.769,436.36,20.59
2020-09-14,322.738,424.849,20.74
2020-09-15,322.708,413.791,20.96
2020-09-16,322.687,406.111,21.07
2020-09-17,322.68,403.463,20.9
2020-09-18,322.658,395.483,21.17
2020-09-19,322.623,383.028,20.92
2020-09-20,322.592,371.902,20.78
2020-09-21,322.559,360.294,20.91
2020-09-22,322.534,351.332,20.89
2020-09-23,322.547,355.911,20.76
2020-09-24,322.562,361.164,20.22
2020-09-25,322.646,391.575,19.53
2020-09-26,322.79,444.187,17.53
2020-09-27,322.789,443.597,14.97
2020-09-28,322.701,411.256,14.98
2020-09-29,322.675,401.707,16.16
2020-09-30,322.69,407.176,15.83
2020-10-01,322.679,403.233,16.19
2020-10-02,322.678,402.916,16.42
2020-10-03,322.721,418.716,16.14
2020-10-04,322.857,469.034,15.31
2020-10-05,322.832,459.716,15.14
2020-10-06,322.869,473.474,14.65
2020-10-07,322.872,474.884,14.05
2020-10-08,322.925,495.043,13.95
2020-10-09,322.91,488.999,14.43
2020-10-10,322.914,490.574,14.64
2020-10-11,322.988,519.026,14.17
2020-10-12,322.986,518.149,13.76
2020-10-13,322.939,500.114,13.66
2020-10-14,322.912,489.857,13.63
2020-10-15,322.88,477.671,13.56
2020-10-16,322.868,473.033,13.47
2020-10-17,322.895,483.612,13.44
2020-10-18,322.885,479.703,13.23
2020-10-19,322.841,462.911,13.13
2020-10-20,322.811,451.856,12.91
2020-10-21,322.781,440.582,12.87
2020-10-22,322.757,431.801,12.99
2020-10-23,322.782,440.929,13.32
2020-10-24,322.793,445.044,13.25
2020-10-25,322.764,434.544,13.04
2020-10-26,322.775,438.377,12.73
2020-10-27,322.983,517.182,12.09
2020-10-28,322.867,472.974,12.05
2020-10-29,322.87,474.203,12.36
2020-10-30,323.031,535.753,12.14
2020-10-31,322.935,498.678,12.03
2020-11-01,322.892,482.441,12.12
2020-11-02,322.861,470.486,12.48
2020-11-03,322.836,461.155,12.76
2020-11-04,322.846,464.924,12.36
2020-11-05,322.84,462.749,12.04
2020-11-06,322.822,455.842,11.94
2020-11-07,322.8,447.634,11.79
2020-11-08,322.771,436.873,11.68
2020-11-09,322.747,427.96,11.57
2020-11-10,322.724,419.624,11.5
2020-11-11,322.708,413.877,11.43
2020-11-12,322.693,408.342,11.46
2020-11-13,322.68,403.499,11.44
2020-11-14,322.659,396.127,11.25
2020-11-15,322.634,387.139,11.09
2020-11-16,322.626,384.241,11.07
2020-11-17,322.6,374.779,11.08
2020-11-18,322.574,365.63,10.9
2020-11-19,322.557,359.684,10.63
2020-11-20,322.556,359.078,10.53
2020-11-21,322.559,360.222,10.12
2020-11-22,322.533,350.956,9.7
2020-11-23,322.507,341.886,9.64
2020-11-24,322.488,335.405,9.74
2020-11-25,322.471,329.434,9.7
2020-11-26,322.458,324.914,9.52
2020-11-27,322.446,320.824,9.34
2020-11-28,322.44,318.991,9.14
2020-11-29,322.426,314.046,8.92
2020-11-30,322.404,306.728,8.69
2020-12-01,322.401,305.6,8.41
2020-12-02,322.394,303.149,8.33
2020-12-03,322.382,299.304,8.29
2020-12-04,322.37,295.306,8.03
2020-12-05,322.366,293.927,7.86
2020-12-06,322.391,302.345,7.87
2020-12-07,322.444,320.413,7.69
2020-12-08,322.429,315.286,7.51
2020-12-09,322.414,309.924,7.46
2020-12-10,322.418,311.434,7.34
2020-12-11,322.408,307.957,7.16
2020-12-12,322.422,312.684,7.08
2020-12-13,322.541,354.116,7.37
2020-12-14,322.589,371.09,7.2
2020-12-15,322.509,342.638,7.04
2020-12-16,322.513,344.209,7.21
2020-12-17,322.51,343.076,7.29
2020-12-18,322.48,332.566,7.29
2020-12-19,322.461,326.056,7.08
2020-12-20,322.437,317.915,6.9
2020-12-21,322.424,313.43,6.93
2020-12-22,322.515,344.934,7.26
2020-12-23,322.588,370.606,7.59
2020-12-24,322.836,462.512,7.57
2020-12-25,322.862,470.954,7.2
2020-12-26,322.675,401.934,6.44
2020-12-27,322.589,370.965,5.91
2020-12-28,322.546,355.819,5.87
2020-12-29,322.506,341.613,6.02
2020-12-30,322.478,331.832,6.18
2020-12-31,322.453,323.208,6.19
2021-01-01,322.438,318.321,6.13
2021-01-02,322.412,309.343,6.2
2021-01-03,322.382,299.161,6.1
2021-01-04,322.359,291.608,5.94
2021-01-05,322.339,284.901,5.8
2021-01-06,322.327,281.124,5.67
2021-01-07,322.316,277.255,5.65
2021-01-08,322.307,274.379,5.7
2021-01-09,322.303,273.161,5.4
2021-01-10,322.295,270.611,4.9
2021-01-11,322.285,267.405,4.78
2021-01-12,322.27,262.376,4.57
2021-01-13,322.291,269.252,4.6
2021-01-14,322.538,349.247,4.9
2021-01-15,322.534,343.302,3.94
2021-01-16,322.449,314.647,3.73
2021-01-17,322.433,309.274,3.96
2021-01-18,322.429,307.777,4.38
2021-01-19,322.417,303.74,4.49
2021-01-20,322.413,302.397,4.35
2021-01-21,322.407,300.645,4.29
2021-01-22,322.494,329.801,4.62
2021-01-23,322.69,398.278,4.85
2021-01-24,322.62,373.489,4.58
2021-01-25,322.548,348.352,4.25
2021-01-26,322.497,330.598,4.2
2021-01-27,322.481,325.364,4.09
2021-01-28,322.739,420.658,4.11
2021-01-29,324.17,1027.019,4.62
2021-01-30,323.977,935.985,4.98
2021-01-31,323.631,775.117,5.3
2021-02-01,323.459,700.341,5.38
2021-02-02,323.521,726.786,5.6
2021-02-03,323.65,784.203,5.91
2021-02-04,323.876,887.364,5.74
2021-02-05,323.472,705.806,5.61
2021-02-06,323.36,658.668,5.6
2021-02-07,323.316,640.083,5.45
2021-02-08,323.355,656.585,5.48
2021-02-09,323.284,627.122,5.29
2021-02-10,323.247,611.633,5.09
2021-02-11,323.218,600.143,4.63
2021-02-12,323.18,584.505,4.26
2021-02-13,323.143,569.636,4.08
2021-02-14,323.085,546.847,3.9
2021-02-15,323.045,531.186,4.04
2021-02-16,323.026,523.772,4.45
2021-02-17,323.1,552.738,4.85
2021-02-18,323.112,557.475,4.75
2021-02-19,323.025,523.447,4.85
2021-02-20,322.987,508.462,5.04
2021-02-21,322.952,495.158,5.06
2021-02-22,322.921,483.25,5.0
2021-02-23,322.894,473.068,5.04
2021-02-24,322.868,463.306,5.21
2021-02-25,322.859,460.04,5.35
2021-02-26,322.836,451.367,5.56
2021-02-27,322.813,442.825,5.87
2021-02-28,322.782,431.665,5.81
2021-03-01,322.745,418.042,5.7
2021-03-02,322.716,407.483,5.86
2021-03-03,322.697,400.684,6.07
2021-03-04,322.682,395.127,5.9
2021-03-05,322.691,398.363,6.06
2021-03-06,322.694,399.598,5.64
2021-03-07,322.656,386.116,5.75
2021-03-08,322.639,379.89,5.84
2021-03-09,322.611,370.273,6.05
2021-03-10,322.591,362.994,6.25
2021-03-11,322.575,357.568,6.46
2021-03-12,322.63,377.12,6.44
2021-03-13,322.616,371.989,6.48
2021-03-14,322.622,374.162,6.23
2021-03-15,322.638,379.494,6.1
2021-03-16,322.646,382.612,5.97
2021-03-17,322.638,379.586,6.05
2021-03-18,322.653,384.888,6.12
2021-03-19,322.637,379.401,6.01
2021-03-20,322.613,370.789,6.17
2021-03-21,322.588,362.11,6.08
2021-03-22,322.558,351.661,6.0
2021-03-23,322.536,344.02,6.23
2021-03-24,322.521,339.06,6.73
2021-03-25,322.527,341.056,7.05
2021-03-26,322.556,351.074,7.42
2021-03-27,322.613,370.947,7.58
2021-03-28,322.622,374.031,7.37
2021-03-29,322.549,348.576,7.38
2021-03-30,322.539,345.179,7.81
2021-03-31,322.549,348.455,8.49
2021-04-01,322.551,349.227,9.02
2021-04-02,322.553,350.013,9.38
2021-04-03,322.552,349.519,9.22
2021-04-04,322.512,335.728,9.12
2021-04-05,322.479,324.471,9.37
2021-04-06,322.471,322.077,8.72
2021-04-07,322.47,321.58,7.08
2021-04-08,322.461,318.54,6.96
2021-04-09,322.462,318.983,7.47
2021-04-10,322.466,320.356,8.0
2021-04-11,322.464,319.412,8.63
2021-04-12,322.499,331.369,8.89
2021-04-13,322.506,333.807,7.99
2021-04-14,322.484,326.339,7.99
2021-04-15,322.467,320.691,8.14
2021-04-16,322.451,315.08,8.31
2021-04-17,322.427,307.218,8.48
2021-04-18,322.41,301.607,8.56
2021-04-19,322.392,295.695,8.65
2021-04-20,322.38,291.467,9.15
2021-04-21,322.374,289.52,9.68
2021-04-22,322.364,286.29,10.19
2021-04-23,322.363,286.102,10.13
2021-04-24,322.359,284.692,10.34
2021-04-25,322.353,282.807,11.25
2021-04-26,322.35,281.715,11.92
2021-04-27,322.341,278.89,12.23
2021-04-28,322.337,277.622,12.49
2021-04-29,322.353,282.643,12.5
2021-04-30,322.378,291.065,11.35
2021-05-01,322.427,307.321,10.32
2021-05-02,322.57,356.037,10.67
2021-05-03,322.565,354.129,10.97
2021-05-04,322.501,332.113,10.79
2021-05-05,322.487,327.498,10.74
2021-05-06,322.619,373.066,9.27
2021-05-07,322.778,430.12,9.17
2021-05-08,322.769,426.959,9.61
2021-05-09,322.66,387.396,10.78
2021-05-10,322.63,376.877,11.86
2021-05-11,322.645,382.001,11.94
2021-05-12,322.776,429.626,11.14
2021-05-13,322.84,452.858,10.5
2021-05-14,322.841,453.123,10.91
2021-05-15,322.839,452.507,11.26
2021-05-16,322.925,485.017,11.19
2021-05-17,323.066,539.52,11.33
2021-05-18,323.042,530.104,11.13
2021-05-19,323.063,537.971,11.25
2021-05-20,323.103,553.757,11.48
2021-05-21,323.123,562.1,11.48
2021-05-22,323.382,667.679,11.48
2021-05-23,323.237,607.594,11.68
2021-05-24,323.165,578.582,11.58
2021-05-25,323.081,545.298,11.65
2021-05-26,323.043,530.38,11.51
2021-05-27,323.068,540.238,11.48
2021-05-28,323.105,554.502,12.18
2021-05-29,323.056,535.421,13.16
2021-05-30,323.032,525.865,13.67
2021-05-31,322.996,512.235,14.17
2021-06-01,322.977,504.878,14.64
2021-06-02,322.961,498.783,15.06
2021-06-03,322.952,495.013,15.62
2021-06-04,322.957,497.127,15.12
2021-06-05,322.981,506.383,15.23
2021-06-06,323.059,536.758,14.44
2021-06-07,323.548,744.037,14.48
2021-06-08,323.633,776.628,15.34
2021-06-09,323.528,730.333,16.13
2021-06-10,323.501,718.679,16.27
2021-06-11,323.37,662.609,17.36
2021-06-12,323.326,644.372,18.06
2021-06-13,323.3,633.667,17.36
2021-06-14,323.278,624.594,18.69
2021-06-15,323.263,618.428,19.48
2021-06-16,323.256,615.297,19.99
2021-06-17,323.245,611.147,20.37
2021-06-18,323.237,607.648,20.97
2021-06-19,323.235,607.036,21.28
2021-06-20,323.247,611.643,21.24
2021-06-21,323.246,611.279,21.11
2021-06-22,323.254,614.605,21.13
2021-06-23,323.269,620.878,21.35
2021-06-24,323.368,661.818,21.06
2021-06-25,323.282,626.377,20.0
2021-06-26,323.263,618.228,19.51
2021-06-27,323.23,604.967,20.82
2021-06-28,323.234,606.789,21.05
2021-06-29,323.422,684.727,20.22
2021-06-30,323.54,735.107,18.77
2021-07-01,323.434,689.818,17.82
2021-07-02,323.373,663.873,17.68
2021-07-03,323.292,630.421,19.0
2021-07-04,323.249,612.681,19.19
2021-07-05,323.25,612.787,18.42
2021-07-06,323.213,597.881,18.58
2021-07-07,323.276,623.642,18.5
2021-07-08,323.549,744.453,18.42
2021-07-09,324.645,1271.076,16.66
2021-07-10,323.841,870.065,17.46
2021-07-11,323.989,940.515,18.31
2021-07-12,323.729,818.913,18.6
2021-07-13,323.985,938.821,18.7
2021-07-14,323.932,912.229,17.09
2021-07-15,324.2,1041.112,17.15
2021-07-16,324.471,1177.675,16.46
2021-07-17,324.207,1043.807,17.41
2021-07-18,324.216,1048.367,18.2
2021-07-19,324.03,958.266,18.76
2021-07-20,323.906,899.455,19.15
2021-07-21,323.824,861.853,19.9
2021-07-22,323.753,829.286,20.2
2021-07-23,323.703,806.86,20.59
2021-07-24,323.657,786.299,21.03
2021-07-25,323.785,843.891,20.58
2021-07-26,323.8,850.777,20.27
2021-07-27,323.738,822.659,20.3
2021-07-28,323.67,792.083,20.47
2021-07-29,323.705,807.771,20.24
2021-07-30,323.6,761.101,20.45
2021-07-31,323.617,768.898,20.84
2021-08-01,324.16,1024.028,19.48
2021-08-02,323.984,936.783,19.02
2021-08-03,323.774,838.846,19.68
2021-08-04,323.741,824.004,19.73
2021-08-05,323.745,826.011,19.9
2021-08-06,323.782,842.363,19.68
2021-08-07,323.744,825.206,19.43
2021-08-08,323.768,836.144,19.24
2021-08-09,323.723,816.121,19.06
2021-08-10,323.688,800.322,19.5
2021-08-11,323.649,782.946,19.88
2021-08-12,323.616,768.096,20.25
2021-08-13,323.574,749.699,20.83
2021-08-14,323.538,734.253,20.52
2021-08-15,323.493,714.86,21.56
2021-08-16,323.49,713.487,21.36
2021-08-17,323.728,818.203,19.31
2021-08-18,323.56,743.788,19.72
2021-08-19,323.471,705.316,19.78
2021-08-20,323.415,681.657,20.42
2021-08-21,323.369,662.333,20.93
2021-08-22,323.357,657.144,20.76
2021-08-23,323.555,742.758,19.5
2021-08-24,323.407,678.212,19.39
2021-08-25,323.33,645.768,19.66
2021-08-26,323.266,619.4,19.81
2021-08-27,323.219,600.449,19.36
2021-08-28,323.194,590.249,19.05
2021-08-29,323.195,590.609,18.73
2021-08-30,323.562,746.372,17.84
2021-08-31,323.568,747.356,17.66
2021-09-01,323.504,719.693,18.0
2021-09-02,323.421,684.108,18.54
2021-09-03,323.367,661.39,18.66
2021-09-04,323.32,641.655,18.91
2021-09-05,323.273,622.436,19.04
2021-09-06,323.225,602.739,19.17
2021-09-07,323.18,584.711,19.22
2021-09-08,323.145,570.448,19.21
2021-09-09,323.104,554.23,19.54
2021-09-10,323.078,543.9,19.18
2021-09-11,323.071,541.449,19.18
2021-09-12,323.055,535.118,19.34
2021-09-13,323.006,515.774,19.97
2021-09-14,322.954,496.035,20.29
2021-09-15,322.924,484.517,20.26
2021-09-16,322.958,497.655,20.0
2021-09-17,323.001,514.038,19.74
2021-09-18,322.922,483.773,19.81
2021-09-19,322.862,461.105,19.77
2021-09-20,322.887,470.45,18.69
2021-09-21,322.874,465.682,18.16
2021-09-22,322.816,444.015,18.61
2021-09-23,322.772,427.674,18.5
2021-09-24,322.736,414.899,18.52
2021-09-25,322.704,403.135,18.3
2021-09-26,322.668,390.239,18.66
2021-09-27,322.651,384.086,18.59
2021-09-28,322.632,377.545,18.39
2021-09-29,322.592,363.361,18.33
2021-09-30,322.583,360.485,17.93
2021-10-01,322.571,356.075,17.35
2021-10-02,322.544,346.709,17.68
2021-10-03,322.512,335.847,17.9
2021-10-04,322.487,327.442,17.58
2021-10-05,322.481,325.318,17.14
2021-10-06,322.479,324.565,16.87
2021-10-07,322.536,344.093,16.43
2021-10-08,322.513,336.232,16.02
2021-10-09,322.49,328.349,16.0
2021-10-10,322.472,322.127,15.79
2021-10-11,322.453,316.01,15.45
2021-10-12,322.433,309.166,15.34
2021-10-13,322.432,308.998,15.13
2021-10-14,322.473,322.518,14.64
2021-10-15,322.429,307.914,14.28
2021-10-16,322.415,303.168,14.39
2021-10-17,322.399,298.018,14.3
2021-10-18,322.385,293.267,14.18
2021-10-19,322.371,288.548,14.15
2021-10-20,322.351,282.188,14.19
2021-10-21,322.345,280.276,14.31
2021-10-22,322.391,295.114,13.82
2021-10-23,322.356,283.628,13.05
2021-10-24,322.333,276.351,12.77
2021-10-25,322.317,271.01,12.76
2021-10-26,322.302,266.177,12.91
2021-10-27,322.291,262.591,13.05
2021-10-28,322.28,259.325,13.01
2021-10-29,322.27,256.028,12.81
2021-10-30,322.255,251.44,12.53
2021-10-31,322.244,247.903,12.51
2021-11-01,322.244,247.798,12.73
2021-11-02,322.266,254.678,12.57
2021-11-03,322.273,256.825,12.03
2021-11-04,322.276,257.962,11.65
2021-11-05,322.332,276.001,11.32
2021-11-06,322.303,266.71,10.99
2021-11-07,322.28,259.22,11.0
2021-11-08,322.274,257.275,11.1
2021-11-09,322.271,256.371,10.98
2021-11-10,322.258,252.287,10.55
2021-11-11,322.255,251.432,10.48
2021-11-12,322.26,253.031,10.47
2021-11-13,322.26,252.91,10.54
2021-11-14,322.272,256.659,10.62
2021-11-15,322.302,266.395,10.69
2021-11-16,322.28,259.19,10.36
2021-11-17,322.272,256.753,10.22
2021-11-18,322.269,255.819,10.12
2021-11-19,322.266,254.874,9.96
2021-11-20,322.261,253.064,9.72
2021-11-21,322.248,248.998,9.62
2021-11-22,322.241,246.931,9.55
2021-11-23,322.228,242.671,9.42
2021-11-24,322.214,238.393,9.12
2021-11-25,322.208,236.471,9.0
2021-11-26,322.208,236.668,8.85
2021-11-27,322.205,235.705,8.61
2021-11-28,322.193,231.74,8.4
2021-11-29,322.189,230.559,8.27
2021-11-30,322.168,224.244,8.0
2021-12-01,322.198,233.401,7.68
2021-12-02,322.322,272.786,7.81
2021-12-03,322.312,269.578,7.47
2021-12-04,322.469,323.141,7.18
2021-12-05,322.817,445.6,6.8
2021-12-06,322.496,330.397,6.97
2021-12-07,322.427,307.061,6.98
2021-12-08,322.456,316.993,6.87
2021-12-09,322.495,330.106,6.8
2021-12-10,322.474,322.915,6.47
2021-12-11,322.462,318.743,6.24
2021-12-12,322.446,313.459,6.45
2021-12-13,322.431,308.366,6.53
2021-12-14,322.431,308.558,6.64
2021-12-15,322.444,312.958,6.57
2021-12-16,322.45,315.004,6.51
2021-12-17,322.445,313.338,6.47
2021-12-18,322.428,307.515,6.33
2021-12-19,322.404,299.551,6.13
2021-12-20,322.387,293.979,5.92
2021-12-21,322.365,286.807,5.76
2021-12-22,322.353,282.683,5.49
2021-12-23,322.339,278.08,5.41
2021-12-24,322.331,275.497,5.45
2021-12-25,322.454,316.666,5.77
2021-12-26,322.745,418.188,5.84
2021-12-27,322.701,402.068,6.14
2021-12-28,322.63,376.965,6.27
2021-12-29,322.834,450.977,6.46
2021-12-30,323.191,590.132,6.83
2021-12-31,322.918,482.615,7.23
2022-01-01,322.757,422.471,6.63
2022-01-02,322.694,399.56,6.1
2022-01-03,322.647,383.002,6.21
2022-01-04,322.643,381.563,6.69
2022-01-05,322.793,435.835,6.75
2022-01-06,322.745,417.895,5.99
2022-01-07,322.681,394.81,5.65
2022-01-08,322.644,381.821,5.49
2022-01-09,322.659,387.29,5.57
2022-01-10,322.679,394.201,5.56
2022-01-11,322.635,378.677,5.57
2022-01-12,322.607,368.83,5.42
2022-01-13,322.578,358.55,5.15
2022-01-14,322.548,348.05,4.96
2022-01-15,322.529,341.717,4.92
2022-01-16,322.505,333.565,4.98
2022-01-17,322.487,327.339,5.14
2022-01-18,322.476,323.705,5.28
2022-01-19,322.456,316.944,5.35
2022-01-20,322.441,311.78,5.3
2022-01-21,322.432,308.891,5.16
2022-01-22,322.415,303.33,5.03
2022-01-23,322.402,298.763,5.02
2022-01-24,322.366,287.026,4.98
2022-01-25,322.339,278.23,4.89
2022-01-26,322.333,276.364,4.83
2022-01-27,322.328,274.699,4.62
2022-01-28,322.33,275.361,4.65
2022-01-29,322.319,271.683,4.89
2022-01-30,322.303,266.684,5.12
2022-01-31,322.327,274.207,5.21
2022-02-01,322.319,271.676,4.9
2022-02-02,322.323,273.018,4.83
2022-02-03,322.564,354.055,5.17
2022-02-04,322.455,316.499,5.27
2022-02-05,322.419,304.328,5.26
2022-02-06,322.392,295.737,5.05
2022-02-07,322.484,326.723,4.91
2022-02-08,322.466,320.237,4.81
2022-02-09,322.405,299.712,4.75
2022-02-10,322.374,289.724,4.79
2022-02-11,322.448,314.468,5.18
2022-02-12,322.483,325.983,5.21
2022-02-13,322.418,304.231,4.77
2022-02-14,322.393,295.849,4.74
2022-02-15,322.379,291.167,4.99
2022-02-16,322.395,296.389,5.26
2022-02-17,322.472,323.103,5.66
2022-02-18,322.664,389.071,6.4
2022-02-19,322.671,392.085,6.18
2022-02-20,322.584,360.911,5.84
2022-02-21,322.509,334.732,5.84
2022-02-22,322.529,341.619,5.86
2022-02-23,322.502,332.535,6.01
2022-02-24,322.491,328.589,6.14
2022-02-25,322.456,316.993,6.14
2022-02-26,322.437,310.534,5.93
2022-02-27,322.419,304.568,5.65
2022-02-28,322.392,295.629,5.53
2022-03-01,322.37,288.197,5.53
2022-03-02,322.352,282.338,5.56
2022-03-03,322.34,278.597,5.7
2022-03-04,322.33,275.358,5.96
2022-03-05,322.32,272.034,5.89
2022-03-06,322.301,266.013,5.74
2022-03-07,322.288,261.838,5.63
2022-03-08,322.272,256.723,5.55
2022-03-09,322.258,252.313,5.55
2022-03-10,322.25,249.606,5.78
2022-03-11,322.239,246.102,6.09
2022-03-12,322.228,242.892,6.35
2022-03-13,322.216,238.968,6.58
2022-03-14,322.2,234.191,6.9
2022-03-15,322.198,233.362,7.24
2022-03-16,322.201,234.328,6.74
2022-03-17,322.23,243.536,6.81
2022-03-18,322.245,248.044,7.24
2022-03-19,322.25,249.806,7.47
2022-03-20,322.221,240.476,7.43
2022-03-21,322.216,239.075,7.47
2022-03-22,322.206,235.784,7.58
2022-03-23,322.197,233.032,7.79
2022-03-24,322.195,232.42,7.99
2022-03-25,322.201,234.21,8.14
2022-03-26,322.205,235.678,8.27
2022-03-27,322.204,235.386,8.55
2022-03-28,322.206,235.836,9.15
2022-03-29,322.203,234.989,9.51
2022-03-30,322.209,236.902,8.97
2022-03-31,322.23,243.312,8.58
2022-04-01,322.287,261.612,8.11
2022-04-02,322.336,277.304,7.36
2022-04-03,322.295,263.855,6.64
2022-04-04,322.276,257.932,7.28
2022-04-05,322.28,259.265,8.19
2022-04-06,322.323,273.083,8.6
2022-04-07,322.411,301.794,8.74
2022-04-08,322.666,390.328,8.39
2022-04-09,322.61,369.811,8.4
2022-04-10,322.555,350.775,8.32
2022-04-11,322.495,329.896,8.26
2022-04-12,322.453,315.764,8.86
2022-04-13,322.432,308.887,9.83
2022-04-14,322.426,306.981,10.62
2022-04-15,322.424,306.326,10.99
2022-04-16,322.419,304.572,11.05
2022-04-17,322.409,301.274,11.51
2022-04-18,322.393,295.794,11.44
2022-04-19,322.383,292.517,11.43
2022-04-20,322.376,290.169,11.43
2022-04-21,322.371,288.63,11.49
2022-04-22,322.371,288.554,12.02
2022-04-23,322.369,288.093,12.15
2022-04-24,322.38,291.741,11.79
2022-04-25,322.466,320.329,11.64
2022-04-26,322.559,352.06,10.25
2022-04-27,322.515,336.728,10.29
2022-04-28,322.461,318.651,11.39
2022-04-29,322.444,312.72,12.37
2022-04-30,322.448,314.127,12.9
2022-05-01,322.473,322.553,12.62
2022-05-02,322.452,315.358,12.86
2022-05-03,322.434,309.545,13.94
2022-05-04,322.427,307.096,14.02
2022-05-05,322.481,326.152,13.73
2022-05-06,322.84,452.963,12.9
2022-05-07,322.71,405.377,13.1
2022-05-08,322.636,378.946,14.32
2022-05-09,322.585,360.953,14.86
2022-05-10,322.56,352.408,15.71
2022-05-11,322.549,348.52,15.82
2022-05-12,322.536,344.061,15.88
2022-05-13,322.544,346.897,14.64
2022-05-14,322.561,352.636,14.93
2022-05-15,322.559,352.003,16.61
2022-05-16,322.569,355.313,18.03
2022-05-17,322.588,362.152,17.64
2022-05-18,322.608,369.114,17.78
2022-05-19,322.616,371.844,19.26
2022-05-20,322.629,376.503,19.78
2022-05-21,322.651,384.291,19.28
2022-05-22,322.672,391.876,18.8
2022-05-23,322.679,394.301,20.05
2022-05-24,322.908,478.949,19.68
2022-05-25,322.897,474.398,17.01
2022-05-26,322.835,450.955,18.33
2022-05-27,322.789,434.059,18.73
2022-05-28,322.764,424.979,17.9
2022-05-29,322.738,415.361,18.12
2022-05-30,322.718,408.102,18.83
2022-05-31,322.691,398.523,19.12
2022-06-01,322.682,395.117,18.43
2022-06-02,322.678,393.894,17.39
2022-06-03,322.662,388.247,18.49
2022-06-04,322.716,407.472,19.02
2022-06-05,322.705,403.537,19.12
2022-06-06,322.725,410.711,18.97
2022-06-07,322.928,487.613,18.74
2022-06-08,322.896,474.071,17.65
2022-06-09,322.974,504.906,18.16
2022-06-10,323.035,527.452,16.7
2022-06-11,322.908,478.281,18.68
2022-06-12,322.853,457.677,19.89
2022-06-13,322.83,449.311,20.39
2022-06-14,322.818,444.798,20.09
2022-06-15,322.776,429.167,21.17
2022-06-16,322.751,420.29,21.62
2022-06-17,322.738,415.4,21.08
2022-06-18,322.716,407.341,22.1
2022-06-19,322.681,394.78,22.99
2022-06-20,322.641,380.76,23.36
2022-06-21,322.624,374.578,22.15
2022-06-22,322.631,377.085,22.74
2022-06-23,322.623,374.476,23.03
2022-06-24,322.686,396.951,23.52
2022-06-25,322.693,399.302,22.1
2022-06-26,322.635,378.528,22.78
2022-06-27,322.594,364.27,23.6
2022-06-28,322.588,361.989,22.6
2022-06-29,322.564,353.797,22.09
2022-06-30,322.552,349.528,23.07
2022-07-01,322.706,404.075,22.56
2022-07-02,322.747,418.896,20.57
2022-07-03,322.627,375.873,22.04
2022-07-04,322.608,369.044,22.75
2022-07-05,322.662,388.409,22.37
2022-07-06,322.64,380.245,22.39
2022-07-07,322.587,361.636,22.47
2022-07-08,322.556,351.083,22.25
2022-07-09,322.531,342.26,22.51
2022-07-10,322.506,333.624,23.17
2022-07-11,322.484,326.424,22.8
2022-07-12,322.456,316.757,23.04
2022-07-13,322.436,310.002,23.33
2022-07-14,322.416,303.335,23.65
2022-07-15,322.393,296.032,23.73
2022-07-16,322.371,288.504,23.28
2022-07-17,322.349,281.433,23.89
2022-07-18,322.326,273.932,24.17
2022-07-19,322.3,265.632,24.51
2022-07-20,322.293,263.478,24.75
2022-07-21,322.289,262.108,24.88
2022-07-22,322.273,256.883,24.33
2022-07-23,322.28,259.228,24.09
2022-07-24,322.274,257.385,24.95
2022-07-25,322.244,247.854,25.21
2022-07-26,322.222,240.916,25.42
2022-07-27,322.244,247.717,24.75
2022-07-28,322.228,242.883,24.49
2022-07-29,322.214,238.419,24.91
2022-07-30,322.22,240.181,24.62
2022-07-31,322.199,233.687,23.95
2022-08-01,322.186,229.839,23.84
2022-08-02,322.184,229.152,24.32
2022-08-03,322.172,225.404,24.69
2022-08-04,322.15,218.769,25.3
2022-08-05,322.175,226.501,25.73
2022-08-06,322.229,243.318,25.09
2022-08-07,322.167,223.964,24.37
2022-08-08,322.148,218.042,23.91
2022-08-09,322.126,211.222,24.09
2022-08-10,322.104,204.782,24.12
2022-08-11,322.085,199.094,24.0
2022-08-12,322.074,195.624,23.9
2022-08-13,322.058,190.946,23.81
2022-08-14,322.047,187.664,23.63
2022-08-15,322.038,184.981,23.55
2022-08-16,322.066,193.411,23.61
2022-08-17,322.056,190.247,23.56
2022-08-18,322.053,189.523,23.58
2022-08-19,322.329,281.624,23.21
2022-08-20,322.874,470.103,19.36
2022-08-21,322.419,304.392,19.98
2022-08-22,322.364,286.492,21.72
2022-08-23,322.344,279.872,22.58
2022-08-24,322.324,273.195,22.83
2022-08-25,322.317,271.138,23.0
2022-08-26,322.31,268.849,23.36
2022-08-27,322.527,341.231,23.26
2022-08-28,322.395,296.717,22.21
2022-08-29,322.349,281.427,22.69
2022-08-30,322.318,271.512,23.29
2022-08-31,322.313,269.738,23.24
2022-09-01,322.327,274.314,22.49
2022-09-02,322.298,264.869,21.94
2022-09-03,322.28,259.206,22.12
2022-09-04,322.274,257.398,22.29
2022-09-05,322.254,251.002,22.15
2022-09-06,322.245,247.983,22.15
2022-09-07,322.246,248.306,22.03
2022-09-08,322.327,274.349,21.91
2022-09-09,322.311,269.345,21.5
2022-09-10,322.263,253.862,20.84
2022-09-11,322.263,253.73,20.53
2022-09-12,322.257,252.063,20.25
2022-09-13,322.241,246.777,20.65
2022-09-14,322.237,245.519,21.1
2022-09-15,322.302,266.371,21.19
2022-09-16,322.41,301.619,20.12
2022-09-17,322.546,348.618,18.86
2022-09-18,322.516,337.175,17.07
2022-09-19,322.419,304.444,17.05
2022-09-20,322.393,295.753,17.37
2022-09-21,322.386,293.63,17.66
2022-09-22,322.385,293.15,17.67
2022-09-23,322.37,288.316,17.69
2022-09-24,322.373,289.314,17.8
2022-09-25,322.36,284.989,17.51
2022-09-26,322.366,287.028,17.19
2022-09-27,322.41,301.654,16.65
2022-09-28,322.862,464.603,14.95
2022-09-29,323.121,562.576,13.21
2022-09-30,322.769,426.959,14.22
2022-10-01,322.655,385.532,14.8
2022-10-02,322.937,490.41,14.55
2022-10-03,323.08,545.258,14.39
2022-10-04,322.894,473.416,14.31
2022-10-05,322.79,434.456,14.74
2022-10-06,322.74,416.19,15.14
2022-10-07,322.699,401.352,15.55
2022-10-08,322.675,392.707,15.47
2022-10-09,322.67,390.843,15.17
2022-10-10,322.635,378.741,15.02
2022-10-11,322.601,366.529,15.3
2022-10-12,322.566,354.301,15.46
2022-10-13,322.544,346.729,15.33
2022-10-14,322.547,347.768,15.36
2022-10-15,322.623,374.446,15.27
2022-10-16,322.625,374.944,15.12
2022-10-17,322.564,353.706,15.22
2022-10-18,322.528,341.147,15.35
2022-10-19,322.502,332.571,15.5
2022-10-20,322.481,325.186,15.41
2022-10-21,322.473,322.468,15.52
2022-10-22,322.553,349.963,15.48
2022-10-23,322.548,348.067,15.38
2022-10-24,322.555,350.837,15.07
2022-10-25,322.656,385.993,14.86
2022-10-26,322.633,377.97,14.85
2022-10-27,322.625,374.941,15.14
2022-10-28,322.612,370.482,15.09
2022-10-29,322.601,366.467,15.15
2022-10-30,322.578,358.735,15.15
2022-10-31,322.567,354.63,15.01
2022-11-01,322.55,348.852,14.88
2022-11-02,322.528,341.437,14.81
2022-11-03,322.511,335.347,14.43
2022-11-04,322.502,332.406,14.13
2022-11-05,322.493,329.367,14.02
2022-11-06,322.483,325.845,13.62
2022-11-07,322.47,321.649,13.37
2022-11-08,322.451,315.144,13.42
2022-11-09,322.447,314.004,13.25
2022-11-10,322.441,311.864,13.33
2022-11-11,322.429,307.837,13.23
2022-11-12,322.416,303.374,13.04
2022-11-13,322.402,298.851,12.89
2022-11-14,322.397,297.075,12.6
2022-11-15,322.384,293.01,12.58
2022-11-16,322.379,291.329,12.54
2022-11-17,322.376,290.417,12.46
2022-11-18,322.58,359.629,12.22
2022-11-19,322.602,367.147,11.32
2022-11-20,322.481,325.259,11.09
2022-11-21,322.448,314.328,10.98
2022-11-22,322.431,308.506,10.96
2022-11-23,322.457,317.235,10.7
2022-11-24,322.441,311.706,10.5
2022-11-25,322.458,317.452,10.34
2022-11-26,322.429,307.733,10.08
2022-11-27,322.417,303.757,10.1
2022-11-28,322.384,292.923,9.98
2022-11-29,322.363,286.17,10.02
2022-11-30,322.384,292.893,10.13
2022-12-01,322.391,295.234,9.81
2022-12-02,322.369,287.967,9.44
2022-12-03,322.35,281.857,9.2
2022-12-04,322.33,275.125,8.92
2022-12-05,322.315,270.533,8.9
2022-12-06,322.299,265.255,8.92
2022-12-07,322.286,261.002,8.8
2022-12-08,322.273,257.025,8.57
2022-12-09,322.266,254.857,8.33
2022-12-10,322.268,255.325,8.14
2022-12-11,322.253,250.792,7.82
2022-12-12,322.233,244.219,7.28
2022-12-13,322.219,239.957,6.9
2022-12-14,322.229,242.945,6.71
2022-12-15,322.35,281.952,7.15
2022-12-16,322.392,295.632,7.0
2022-12-17,322.349,281.542,6.67
2022-12-18,322.324,273.348,6.49
2022-12-19,322.306,267.605,6.58
2022-12-20,322.301,266.077,6.77
2022-12-21,322.325,273.562,6.95
2022-12-22,322.331,275.448,7.33
2022-12-23,322.398,297.864,7.82
2022-12-24,322.887,471.134,8.24
2022-12-25,322.724,410.857,7.97
2022-12-26,322.586,361.409,7.77
2022-12-27,322.846,455.712,7.63
2022-12-28,322.69,398.352,7.35
2022-12-29,322.575,357.66,7.11
2022-12-30,322.691,398.621,7.36
2022-12-31,322.62,373.242,7.6
2023-01-01,322.551,349.112,7.7
2023-01-02,322.501,332.161,7.56
2023-01-03,322.478,324.343,7.48
2023-01-04,322.455,316.577,7.61
2023-01-05,322.429,307.829,7.71
2023-01-06,322.421,305.014,7.92
2023-01-07,322.403,299.05,7.76
2023-01-08,322.391,295.177,7.46
2023-01-09,322.495,330.252,7.23
2023-01-10,322.484,326.301,7.15
2023-01-11,322.443,312.37,7.06
2023-01-12,322.475,323.486,7.15
2023-01-13,322.449,314.486,7.04
2023-01-14,322.439,311.279,7.19
2023-01-15,322.432,308.885,7.2
2023-01-16,322.468,320.773,6.85
2023-01-17,322.422,305.492,6.27
2023-01-18,322.381,292.054,6.17
2023-01-19,322.353,282.653,6.03
2023-01-20,322.33,275.263,5.6
2023-01-21,322.319,271.753,5.36
2023-01-22,322.305,267.332,5.35
2023-01-23,322.295,263.98,5.51
2023-01-24,322.286,261.141,5.44
2023-01-25,322.278,258.656,5.55
2023-01-26,322.274,257.325,5.58
2023-01-27,322.272,256.801,5.42
2023-01-28,322.269,255.582,5.22
2023-01-29,322.256,251.727,5.11
2023-01-30,322.237,245.501,4.94
2023-01-31,322.228,242.875,4.87
2023-02-01,322.218,239.61,5.12
2023-02-02,322.201,234.205,5.23
2023-02-03,322.198,233.358,5.24
2023-02-04,322.196,232.925,5.4
2023-02-05,322.248,249.101,5.33
2023-02-06,322.249,249.305,5.17
2023-02-07,322.225,241.673,4.93
2023-02-08,322.208,236.456,4.41
2023-02-09,322.199,233.791,4.11
2023-02-10,322.189,230.67,4.08
2023-02-11,322.185,229.243,4.17
2023-02-12,322.174,226.122,4.33
2023-02-13,322.171,224.981,4.63
2023-02-14,322.163,222.733,4.89
2023-02-15,322.165,223.084,4.81
2023-02-16,322.161,222.04,4.82
2023-02-17,322.161,221.928,5.1
2023-02-18,322.162,222.311,5.74
2023-02-19,322.185,229.359,6.18
2023-02-20,322.177,226.942,6.15
2023-02-21,322.16,221.829,5.98
2023-02-22,322.145,217.017,5.84
2023-02-23,322.14,215.473,6.04
2023-02-24,322.146,217.529,6.27
2023-02-25,322.291,263.806,6.21
2023-02-26,322.305,267.144,5.86
2023-02-27,322.23,243.5,4.72
2023-02-28,322.193,231.76,4.32
2023-03-01,322.177,226.915,4.31
2023-03-02,322.168,224.013,4.57
2023-03-03,322.161,222.139,4.96
2023-03-04,322.164,222.804,5.29
2023-03-05,322.165,223.165,5.53
2023-03-06,322.16,221.697,5.7
2023-03-07,322.146,217.466,5.74
2023-03-08,322.15,218.622,5.75
2023-03-09,322.305,268.194,6.17
2023-03-10,322.415,303.174,7.01
2023-03-11,322.404,299.407,6.45
2023-03-12,322.376,290.207,6.18
2023-03-13,322.497,330.779,6.53
2023-03-14,322.743,417.914,7.32
2023-03-15,322.683,395.891,6.94
2023-03-16,322.526,340.697,6.52
2023-03-17,322.458,317.384,6.55
2023-03-18,322.426,306.67,6.97
2023-03-19,322.395,296.676,7.64
2023-03-20,322.404,299.679,8.1
2023-03-21,322.393,296.016,7.7
2023-03-22,322.371,288.766,7.73
2023-03-23,322.356,283.633,8.03
2023-03-24,322.37,288.192,7.94
2023-03-25,322.516,337.67,7.81
2023-03-26,322.563,353.263,7.58
2023-03-27,322.556,351.086,7.3
2023-03-28,322.514,336.381,7.12
2023-03-29,322.465,319.745,7.53
2023-03-30,322.467,320.617,8.15
2023-03-31,322.534,343.25,8.41
2023-04-01,322.544,346.872,8.26
2023-04-02,322.524,339.962,7.95
2023-04-03,322.518,337.783,8.27
2023-04-04,322.5,331.598,7.54
2023-04-05,322.46,318.295,7.66
2023-04-06,322.436,310.099,8.05
2023-04-07,322.41,301.614,8.55
2023-04-08,322.394,296.137,8.49
2023-04-09,322.383,292.474,8.58
2023-04-10,322.366,286.863,8.87
2023-04-11,322.357,283.909,9.44
2023-04-12,322.473,322.553,9.42
2023-04-13,322.578,359.14,8.8
2023-04-14,322.521,339.114,8.47
2023-04-15,322.48,324.818,8.76
2023-04-16,322.703,404.489,8.64
2023-04-17,323.063,538.572,8.59
2023-04-18,322.829,448.91,9.24
2023-04-19,322.735,414.392,9.65
2023-04-20,322.738,415.578,9.4
2023-04-21,322.821,446.002,8.99
2023-04-22,322.783,432.042,9.69
2023-04-23,322.745,418.157,10.35
2023-04-24,322.863,461.713,10.5
2023-04-25,322.876,466.286,9.65
2023-04-26,322.876,466.385,9.3
2023-04-27,322.831,449.415,10.02
2023-04-28,323.074,545.008,10.81
2023-04-29,323.503,719.979,10.96
2023-04-30,323.178,583.994,11.12
2023-05-01,323.127,563.385,11.67
2023-05-02,323.239,608.373,11.57
2023-05-03,323.18,584.63,11.24
2023-05-04,323.117,559.561,12.55
2023-05-05,323.078,543.91,13.19
2023-05-06,323.075,542.966,13.07
2023-05-07,323.074,542.688,13.73
2023-05-08,323.378,666.633,13.31
2023-05-09,323.289,628.895,12.75
2023-05-10,323.563,746.292,13.56
2023-05-11,323.589,756.563,11.11
2023-05-12,323.527,729.384,12.35
2023-05-13,323.429,687.485,13.75
2023-05-14,323.417,682.486,14.05
2023-05-15,323.528,729.925,13.85
2023-05-16,323.506,720.208,13.16
2023-05-17,323.995,943.336,12.78
2023-05-18,323.59,757.188,13.14
2023-05-19,323.45,696.354,13.41
2023-05-20,323.373,663.919,13.59
2023-05-21,323.317,640.744,14.09
2023-05-22,323.263,618.104,14.45
2023-05-23,323.246,611.533,14.49
2023-05-24,323.28,625.17,14.61
2023-05-25,323.244,610.613,15.23
2023-05-26,323.213,597.88,15.77
2023-05-27,323.187,587.347,16.0
2023-05-28,323.158,575.687,16.83
2023-05-29,323.132,565.503,17.07
2023-05-30,323.099,552.108,17.75
2023-05-31,323.078,544.034,18.1
2023-06-01,323.052,533.712,18.45
2023-06-02,323.034,526.926,18.59
2023-06-03,323.016,519.622,19.02
2023-06-04,322.99,509.643,19.51
2023-06-05,322.966,500.636,19.66
2023-06-06,322.944,492.239,19.99
2023-06-07,322.925,484.923,20.42
2023-06-08,322.901,475.939,20.76
2023-06-09,322.881,468.128,20.83
2023-06-10,322.854,458.124,21.48
2023-06-11,322.828,448.601,21.91
2023-06-12,322.803,439.207,22.27
2023-06-13,322.775,428.949,22.19
2023-06-14,322.752,420.538,21.97
2023-06-15,322.731,412.781,21.84
2023-06-16,322.713,406.315,21.94
2023-06-17,322.695,400.086,21.88
2023-06-18,322.676,393.279,22.1
2023-06-19,322.659,386.976,22.54
2023-06-20,322.651,384.308,22.77
2023-06-21,322.65,383.923,23.01
2023-06-22,322.619,372.786,22.64
2023-06-23,322.63,376.932,23.06
2023-06-24,322.661,387.725,21.11
2023-06-25,322.617,372.321,22.76
2023-06-26,322.587,361.899,23.43
2023-06-27,322.558,351.779,22.8
2023-06-28,322.541,345.691,22.08
2023-06-29,322.527,340.926,22.88
2023-06-30,322.512,335.986,23.11
2023-07-01,322.522,339.15,21.98
2023-07-02,322.506,333.836,21.07
2023-07-03,322.516,337.174,20.3
2023-07-04,322.478,324.425,20.26
2023-07-05,322.478,324.151,20.65
2023-07-06,322.473,322.623,21.04
2023-07-07,322.455,316.61,20.94
2023-07-08,322.438,310.892,22.3
2023-07-09,322.419,304.562,22.42
2023-07-10,322.411,301.912,22.82
2023-07-11,322.397,297.217,23.51
2023-07-12,322.461,318.866,23.43
2023-07-13,322.577,358.232,22.39
2023-07-14,322.478,324.332,22.22
2023-07-15,322.437,310.326,22.81
2023-07-16,322.439,311.155,23.79
2023-07-17,322.418,304.27,23.26
2023-07-18,322.401,298.374,23.23
2023-07-19,322.379,291.203,23.24
2023-07-20,322.365,286.784,23.95
2023-07-21,322.364,286.326,22.57
2023-07-22,322.371,288.604,22.94
2023-07-23,322.359,284.571,22.92
2023-07-24,322.392,295.756,22.89
2023-07-25,322.483,326.34,22.25
2023-07-26,322.806,440.727,21.06
2023-07-27,322.632,377.805,19.02
2023-07-28,322.525,340.44,20.28
2023-07-29,322.516,337.32,21.23
2023-07-30,322.673,392.469,21.05
2023-07-31,322.622,374.134,20.31
2023-08-01,322.542,346.007,20.01
2023-08-02,322.574,357.278,20.02
2023-08-03,322.575,357.382,19.68
2023-08-04,322.552,349.661,19.48
2023-08-05,323.008,519.412,19.37
2023-08-06,322.905,477.453,17.95
2023-08-07,322.956,497.033,16.66
2023-08-08,322.847,455.616,16.41
2023-08-09,322.777,429.724,17.74
2023-08-10,322.747,418.691,18.29
2023-08-11,322.715,407.312,19.56
2023-08-12,322.691,398.576,20.26
2023-08-13,322.668,390.138,20.01
2023-08-14,322.655,385.779,20.26
2023-08-15,322.637,379.167,21.27
2023-08-16,322.61,369.729,21.48
2023-08-17,322.592,363.395,22.12
2023-08-18,322.568,354.984,22.26
2023-08-19,322.545,347.13,22.9
2023-08-20,322.518,338.035,23.2
2023-08-21,322.495,330.124,23.78
2023-08-22,322.477,324.111,24.25
2023-08-23,322.46,318.085,24.62
2023-08-24,322.445,313.186,25.0
2023-08-25,322.493,329.409,25.04
2023-08-26,322.488,327.516,24.25
2023-08-27,322.602,367.327,22.81
2023-08-28,323.278,634.294,20.96
2023-08-29,324.159,1036.818,17.45
2023-08-30,323.535,747.024,18.41
2023-08-31,323.404,689.305,19.33
2023-09-01,323.358,669.808,19.45
2023-09-02,323.317,652.456,20.16
2023-09-03,323.277,635.435,20.53
2023-09-04,323.244,621.89,20.46
2023-09-05,323.2,603.531,20.86
2023-09-06,323.162,588.061,20.88
2023-09-07,323.124,572.376,21.04
2023-09-08,323.087,557.637,21.25
2023-09-09,323.049,542.325,21.59
2023-09-10,323.011,527.538,21.76
2023-09-11,322.978,514.651,21.94
2023-09-12,322.947,502.466,22.04
2023-09-13,322.932,496.615,22.02
2023-09-14,322.946,502.112,21.23
2023-09-15,322.899,483.76,21.4
2023-09-16,322.853,466.429,21.75
2023-09-17,322.815,451.992,21.94
2023-09-18,322.779,438.607,21.82
2023-09-19,322.768,434.435,21.07
2023-09-20,322.739,424.004,20.54
2023-09-21,322.711,413.506,20.98
2023-09-22,322.769,435.371,20.97
2023-09-23,322.928,495.246,19.66
2023-09-24,322.903,485.323,19.07
2023-09-25,322.875,474.644,19.35
2023-09-26,322.859,468.742,19.54
2023-09-27,322.852,466.113,19.5
2023-09-28,322.846,463.906,19.42
2023-09-29,322.822,454.826,19.51
2023-09-30,322.8,446.343,19.58
2023-10-01,322.773,436.217,19.39
2023-10-02,322.749,427.338,19.37
2023-10-03,322.717,415.873,19.35
2023-10-04,322.691,406.166,19.08
2023-10-05,322.67,398.813,18.62
2023-10-06,322.648,390.75,18.5
2023-10-07,322.625,382.459,18.48
2023-10-08,322.596,372.196,18.48
2023-10-09,322.566,361.644,18.48
2023-10-10,322.545,354.185,18.4
2023-10-11,322.523,346.524,18.36
2023-10-12,322.499,338.338,18.29
2023-10-13,322.478,331.172,18.14
2023-10-14,322.468,327.466,18.0
2023-10-15,322.452,322.198,17.35
2023-10-16,322.443,318.917,16.57
2023-10-17,322.405,306.232,16.16
2023-10-18,322.388,300.574,16.0
2023-10-19,322.366,293.221,16.04
2023-10-20,322.354,289.142,16.31
2023-10-21,322.384,299.292,16.23
2023-10-22,322.435,316.504,15.67
2023-10-23,322.433,315.668,15.44
2023-10-24,322.437,316.99,15.23
2023-10-25,322.455,322.988,15.14
2023-10-26,322.487,334.033,14.96
2023-10-27,322.637,386.935,14.63
2023-10-28,322.632,385.078,14.05
2023-10-29,322.576,365.015,13.94
2023-10-30,322.553,356.873,14.03
2023-10-31,322.64,388.006,14.06
2023-11-01,322.696,407.925,13.45
2023-11-02,322.697,408.364,13.14
2023-11-03,322.75,428.087,13.01
2023-11-04,322.813,451.517,12.45
2023-11-05,322.883,477.802,12.35
2023-11-06,322.856,467.392,12.12
2023-11-07,322.827,456.702,12.05
2023-11-08,322.821,454.188,11.85
2023-11-09,322.801,446.964,11.52
2023-11-10,322.794,444.055,11.41
2023-11-11,322.797,445.396,11.11
2023-11-12,322.861,469.776,10.62
2023-11-13,323.213,609.256,10.49
2023-11-14,323.556,762.394,11.09
2023-11-15,324.125,1026.402,10.58
2023-11-16,323.503,732.858,10.36
2023-11-17,323.563,759.788,10.45
2023-11-18,323.571,762.528,10.04
2023-11-19,323.563,759.416,10.22
2023-11-20,323.649,797.714,10.26
2023-11-21,323.512,736.307,10.09
2023-11-22,323.493,728.148,10.0
2023-11-23,323.47,718.151,9.57
2023-11-24,323.385,681.096,9.47
2023-11-25,323.342,662.859,9.15
2023-11-26,323.289,640.366,8.84
2023-11-27,323.254,626.016,8.71
2023-11-28,323.338,661.322,8.65
2023-11-29,323.356,668.865,7.99
2023-11-30,323.3,645.068,7.82
2023-12-01,323.871,903.73,7.51
2023-12-02,323.775,856.056,7.24
2023-12-03,323.538,747.76,7.05
2023-12-04,323.445,706.917,6.85
2023-12-05,323.401,688.014,6.91
2023-12-06,323.417,694.814,7.06
2023-12-07,323.404,689.299,7.07
2023-12-08,323.358,669.832,6.89
2023-12-09,323.413,693.255,7.07
2023-12-10,323.868,900.568,7.07
2023-12-11,323.79,863.762,7.32
2023-12-12,324.089,1006.403,7.55
2023-12-13,324.152,1037.452,7.77
2023-12-14,323.902,915.227,7.54
2023-12-15,323.817,874.981,7.39
2023-12-16,323.701,821.308,7.16
2023-12-17,323.602,776.447,7.09
2023-12-18,323.529,743.757,7.03
2023-12-19,323.473,719.403,7.01
2023-12-20,323.436,703.012,7.1
2023-12-21,323.384,680.932,7.02
2023-12-22,323.43,701.063,7.22
2023-12-23,323.721,831.171,7.16
2023-12-24,323.484,724.306,7.11
2023-12-25,323.433,702.083,7.26
2023-12-26,323.382,679.78,7.01
2023-12-27,323.322,654.376,6.77
2023-12-28,323.268,631.744,6.48
2023-12-29,323.22,611.625,6.63
2023-12-30,323.176,593.771,6.79
2023-12-31,323.136,577.485,6.59
2024-01-01,323.106,565.17,6.51
2024-01-02,323.074,552.431,6.52
2024-01-03,323.137,577.808,6.9
2024-01-04,323.12,570.767,6.92
2024-01-05,323.098,562.077,6.61
2024-01-06,323.151,583.662,6.62
2024-01-07,323.206,605.916,6.6
2024-01-08,323.159,586.75,6.03
2024-01-09,323.072,551.5,5.47
2024-01-10,323.016,529.247,5.32
2024-01-11,322.981,515.605,5.44
2024-01-12,322.955,505.555,5.21
2024-01-13,322.928,495.05,5.19
2024-01-14,322.903,485.386,5.06
2024-01-15,322.876,475.163,5.07
2024-01-16,322.853,466.462,4.81
2024-01-17,322.917,490.885,4.86
2024-01-18,323.412,693.628,5.45
2024-01-19,323.37,675.122,5.27
2024-01-20,323.135,577.153,4.51
2024-01-21,323.039,538.564,4.23
2024-01-22,323.015,529.041,4.32
2024-01-23,323.298,644.566,5.01
2024-01-24,323.161,587.632,5.52
2024-01-25,323.496,733.835,6.32
2024-01-26,323.557,757.542,6.42
2024-01-27,323.392,684.327,6.04
2024-01-28,323.27,632.562,5.57
2024-01-29,323.191,599.811,5.38
2024-01-30,323.131,575.436,5.35
2024-01-31,323.089,558.35,5.45
2024-02-01,323.061,547.387,5.65
2024-02-02,323.065,548.719,5.89
2024-02-03,323.041,539.444,5.77
2024-02-04,322.993,520.287,5.82
2024-02-05,322.958,506.672,5.84
2024-02-06,322.922,492.758,5.73
2024-02-07,322.886,479.062,5.83
2024-02-08,322.879,476.406,6.23
2024-02-09,322.911,488.672,6.48
2024-02-10,322.874,474.394,6.54
2024-02-11,322.846,463.791,6.57
2024-02-12,322.841,461.788,6.5
2024-02-13,322.814,451.576,6.46
2024-02-14,322.796,445.065,6.48
2024-02-15,322.773,436.281,6.61
2024-02-16,322.752,428.469,6.75
2024-02-17,322.737,423.029,7.1
2024-02-18,322.725,418.729,7.07
2024-02-19,322.733,421.746,7.21
2024-02-20,322.834,459.457,7.11
2024-02-21,322.854,466.663,6.96
2024-02-22,322.893,482.103,7.06
2024-02-23,323.232,617.108,7.21
2024-02-24,323.021,531.366,6.85
2024-02-25,322.919,491.561,6.89
2024-02-26,322.864,470.469,7.12
2024-02-27,322.826,456.213,7.2
2024-02-28,322.796,444.924,7.34
2024-03-01,322.772,436.168,7.36
2024-03-02,322.782,439.597,7.24
2024-03-03,322.748,427.301,7.34
2024-03-04,322.711,413.474,7.36
2024-03-05,322.681,402.616,7.26
2024-03-06,322.736,422.868,7.23
2024-03-07,322.836,460.119,6.99
2024-03-08,322.795,444.602,6.91
2024-03-09,322.777,437.992,7.03
2024-03-10,322.776,437.422,7.38
2024-03-11,322.778,438.189,7.32
2024-03-12,322.723,418.006,7.46
2024-03-13,322.935,499.488,7.38
2024-03-14,323.021,531.829,7.61
2024-03-15,322.869,472.526,8.0
2024-03-16,322.98,515.267,8.38
2024-03-17,322.967,510.176,8.24
2024-03-18,322.963,508.622,8.15
2024-03-19,323.154,584.761,8.31
2024-03-20,322.99,519.017,8.61
2024-03-21,322.939,499.309,8.93
2024-03-22,322.95,503.421,8.91
2024-03-23,322.911,488.487,8.75
2024-03-24,323.029,534.415,8.09
2024-03-25,323.007,525.823,7.85
2024-03-26,322.974,513.076,8.37
2024-03-27,322.928,495.184,8.69
2024-03-28,322.915,490.25,8.31
2024-03-29,322.881,476.95,8.15
2024-03-30,322.851,465.567,8.72
2024-03-31,322.842,462.324,8.94
2024-04-01,322.847,464.033,9.21
2024-04-02,322.944,501.443,8.8
2024-04-03,322.868,471.956,8.67
2024-04-04,322.839,460.965,8.82
2024-04-05,322.826,456.048,9.27
2024-04-06,322.812,450.881,9.85
2024-04-07,322.796,444.897,10.04
2024-04-08,322.796,444.838,10.24
2024-04-09,322.796,445.076,10.24
2024-04-10,322.821,454.509,9.37
2024-04-11,322.836,460.101,9.48
2024-04-12,322.828,456.895,10.17
2024-04-13,322.822,454.797,10.84
2024-04-14,322.809,449.979,11.23
2024-04-15,322.821,454.253,11.17
2024-04-16,322.844,463.055,10.16
2024-04-17,322.884,478.321,9.34
2024-04-18,322.985,517.051,9.07
2024-04-19,323.01,527.1,9.0
2024-04-20,323.109,566.32,9.18
2024-04-21,323.133,576.337,9.1
2024-04-22,323.122,571.592,8.79
2024-04-23,323.084,556.341,8.84
2024-04-24,323.057,545.514,8.99
2024-04-25,323.055,545.019,9.04
2024-04-26,323.063,547.987,9.02
2024-04-27,323.075,552.699,9.55
2024-04-28,323.1,562.932,10.32
2024-04-29,323.093,560.151,10.01
2024-04-30,323.05,543.055,10.41
2024-05-01,323.033,536.226,11.34
2024-05-02,322.991,519.702,11.87
2024-05-03,322.975,513.176,10.88
2024-05-04,322.966,509.805,9.75
2024-05-05,322.938,498.956,10.89
2024-05-06,322.943,500.726,11.33
2024-05-07,322.954,505.332,10.76
2024-05-08,323.184,598.422,11.28
2024-05-09,323.149,582.737,11.78
2024-05-10,323.06,546.738,12.95
2024-05-11,323.029,534.497,13.46
2024-05-12,323.014,528.723,13.87
2024-05-13,323.003,524.228,14.45
2024-05-14,323.003,524.159,14.54
2024-05-15,322.998,522.493,14.98
2024-05-16,323.013,528.101,13.59
2024-05-17,323.328,657.547,13.42
2024-05-18,323.27,632.6,11.47
2024-05-19,323.217,610.494,13.71
2024-05-20,323.194,600.965,14.18
2024-05-21,323.194,601.2,15.26
2024-05-22,323.252,624.896,13.63
2024-05-23,323.359,670.684,13.89
2024-05-24,323.482,723.564,13.97
2024-05-25,323.455,711.546,14.66
2024-05-26,323.361,670.99,15.25
2024-05-27,323.332,658.763,15.52
2024-05-28,323.514,737.548,15.33
2024-05-29,323.403,688.92,14.68
2024-05-30,323.482,723.525,15.28
2024-05-31,324.047,993.154,14.23
2024-06-01,325.196,1609.816,12.71
2024-06-02,324.335,1130.44,13.53
2024-06-03,324.507,1224.358,14.14
2024-06-04,324.498,1215.67,14.39
2024-06-05,324.248,1085.35,15.17
2024-06-06,324.168,1044.882,14.85
2024-06-07,324.114,1018.07,15.38
2024-06-08,324.107,1014.723,15.65
2024-06-09,324.207,1064.689,16.03
2024-06-10,324.637,1290.006,16.45
2024-06-11,324.401,1164.113,15.28
2024-06-12,324.292,1107.781,16.37
2024-06-13,324.201,1061.673,16.9
2024-06-14,324.129,1025.312,16.94
2024-06-15,324.093,1007.701,16.25
2024-06-16,324.056,989.63,16.35
2024-06-17,323.988,956.267,16.64
2024-06-18,323.951,938.494,16.93
2024-06-19,323.91,919.014,18.01
2024-06-20,323.9,914.252,18.37
2024-06-21,323.9,914.077,18.59
2024-06-22,324.078,1000.464,17.73
2024-06-23,324.235,1078.793,16.86
2024-06-24,324.123,1022.385,18.07
2024-06-25,324.06,991.308,19.23
2024-06-26,324.083,1003.123,19.05
2024-06-27,324.068,995.267,18.96
2024-06-28,324.156,1039.294,19.37
2024-06-29,324.077,999.976,19.62
2024-06-30,324.047,985.127,19.95
2024-07-01,324.01,967.216,19.07
2024-07-02,324.076,999.393,19.34
2024-07-03,324.042,982.744,18.84
2024-07-04,324.084,1003.242,18.26
2024-07-05,323.999,961.804,17.75
2024-07-06,323.939,932.794,18.54
2024-07-07,324.026,975.028,17.63
2024-07-08,323.972,948.473,18.45
2024-07-09,323.923,925.32,19.1
2024-07-10,323.898,913.037,19.38
2024-07-11,323.901,914.523,19.5
2024-07-12,323.868,899.208,19.78
2024-07-13,323.987,956.2,19.28
2024-07-14,323.925,926.051,19.9
2024-07-15,323.865,897.811,20.34
2024-07-16,323.963,944.543,20.65
2024-07-17,323.903,915.617,20.23
2024-07-18,323.818,875.599,21.27
2024-07-19,323.761,849.006,21.66
2024-07-20,323.716,828.287,22.02
2024-07-21,323.663,803.752,22.55
2024-07-22,323.805,869.739,21.63
2024-07-23,323.726,833.006,21.52
2024-07-24,323.609,779.392,21.64
2024-07-25,323.56,757.59,22.68
2024-07-26,323.504,733.067,22.92
2024-07-27,323.457,712.162,22.67
2024-07-28,323.44,705.105,22.81
2024-07-29,323.39,683.34,22.95
2024-07-30,323.335,659.867,23.45
2024-07-31,323.294,642.427,23.78
2024-08-01,323.397,686.465,23.51
2024-08-02,323.304,646.828,23.04
2024-08-03,323.255,626.375,22.91
2024-08-04,323.205,605.801,22.98
2024-08-05,323.151,583.305,23.27
2024-08-06,323.106,565.21,23.88
2024-08-07,323.074,552.68,23.76
2024-08-08,323.047,541.477,23.32
2024-08-09,323.028,534.262,23.27
2024-08-10,322.983,516.366,23.76
2024-08-11,322.941,500.099,24.31
2024-08-12,322.904,485.867,24.92
2024-08-13,322.898,483.453,24.99
2024-08-14,322.837,460.409,24.71
2024-08-15,322.81,450.106,24.63
2024-08-16,322.777,437.719,25.11
2024-08-17,322.753,429.025,25.09
2024-08-18,322.749,427.518,24.33
2024-08-19,322.88,476.916,23.3
2024-08-20,322.819,453.574,23.15
2024-08-21,322.774,436.867,23.5
2024-08-22,322.749,427.55,22.82
2024-08-23,322.724,418.183,22.88
2024-08-24,322.7,409.622,23.12
2024-08-25,322.685,404.143,22.98
2024-08-26,322.665,396.991,21.84
2024-08-27,322.637,386.855,21.82
2024-08-28,322.613,378.274,22.1
2024-08-29,322.587,368.929,22.69
2024-08-30,322.565,361.268,22.92
2024-08-31,322.548,355.289,23.03
2024-09-01,322.526,347.762,23.14
2024-09-02,322.54,352.586,23.31
2024-09-03,322.503,339.527,22.77
2024-09-04,322.51,342.24,23.06
2024-09-05,322.459,324.574,22.77
2024-09-06,322.455,323.341,22.37
2024-09-07,322.441,318.436,21.79
2024-09-08,322.426,313.393,22.22
2024-09-09,322.452,322.056,21.69
2024-09-10,322.672,400.721,20.58
2024-09-11,322.597,372.513,18.74
2024-09-12,322.738,423.409,17.88
2024-09-13,322.652,392.332,17.43
2024-09-14,322.817,453.289,17.22
2024-09-15,322.708,412.445,16.6
2024-09-16,322.633,385.56,17.48
2024-09-17,322.688,405.279,17.31
2024-09-18,322.722,417.541,16.81
2024-09-19,322.671,399.22,17.41
2024-09-20,322.649,391.282,17.72
2024-09-21,322.628,383.5,17.91
2024-09-22,322.609,376.756,17.95
2024-09-23,322.596,372.062,17.85
2024-09-24,322.608,376.341,17.47
2024-09-25,322.599,373.367,16.97
2024-09-26,322.752,429.082,16.77
2024-09-27,322.796,444.923,16.44
2024-09-28,322.79,442.969,15.8
2024-09-29,323.001,523.877,15.13
2024-09-30,322.847,464.125,15.49
2024-10-01,322.819,453.597,16.07
2024-10-02,323.207,606.788,15.59
2024-10-03,323.025,533.177,15.02
2024-10-04,323.118,572.663,14.98
2024-10-05,323.247,623.648,13.97
2024-10-06,322.996,521.508,14.47
2024-10-07,322.913,489.428,14.88
2024-10-08,322.872,473.687,15.28
2024-10-09,322.921,492.243,14.96
2024-10-10,322.917,491.011,14.88
2024-10-11,323.023,532.099,14.53
2024-10-12,323.115,568.837,13.96
2024-10-13,323.17,591.581,14.26
2024-10-14,323.185,597.401,14.2
2024-10-15,323.103,564.024,14.34
2024-10-16,323.068,550.208,14.41
2024-10-17,323.04,538.899,14.61
2024-10-18,323.005,525.243,14.71
2024-10-19,322.983,516.371,14.47
2024-10-20,322.964,509.165,14.29
2024-10-21,322.939,499.392,14.27
2024-10-22,322.917,490.933,14.39
2024-10-23,322.993,520.495,14.58
2024-10-24,322.968,510.659,14.35
2024-10-25,322.912,488.798,14.25
2024-10-26,322.878,476.005,14.19
2024-10-27,322.844,463.114,14.19
2024-10-28,322.811,450.717,14.16
2024-10-29,322.784,440.673,13.99
2024-10-30,322.756,430.038,13.94
2024-10-31,322.733,421.68,13.89
2024-11-01,322.705,411.202,13.84
2024-11-02,322.679,401.814,13.58
2024-11-03,322.647,390.472,13.32
2024-11-04,322.621,381.161,13.3
2024-11-05,322.594,371.331,13.18
2024-11-06,322.573,363.916,13.08
2024-11-07,322.56,359.388,13.04
2024-11-08,322.546,354.654,12.93
2024-11-09,322.534,350.424,12.76
2024-11-10,322.518,344.952,12.68
2024-11-11,322.505,340.253,12.47
2024-11-12,322.513,343.021,12.18
2024-11-13,322.498,338.022,11.81
2024-11-14,322.484,333.059,11.49
2024-11-15,322.47,328.202,11.38
2024-11-16,322.458,324.078,11.28
2024-11-17,322.437,317.165,10.97
2024-11-18,322.416,309.976,10.98
2024-11-19,322.408,307.227,10.84
2024-11-20,322.513,343.193,10.56
2024-11-21,322.528,348.479,9.61
2024-11-22,322.48,331.789,8.86
2024-11-23,322.46,324.837,8.73
2024-11-24,322.472,329.094,8.91
2024-11-25,322.523,346.553,9.1
2024-11-26,322.703,411.216,9.14
2024-11-27,322.661,395.424,8.92
2024-11-28,322.668,399.179,8.91
2024-11-29,322.865,471.975,8.29
2024-11-30,322.636,386.462,7.98
2024-12-01,322.563,360.376,8.0
2024-12-02,322.524,347.014,8.0
2024-12-03,322.661,395.659,8.3
2024-12-04,322.633,385.236,8.23
2024-12-05,322.574,364.316,8.16
2024-12-06,322.722,418.486,8.03
2024-12-07,322.779,438.786,7.78
2024-12-08,322.757,430.424,7.79
2024-12-09,322.718,416.282,7.84
2024-12-10,322.66,394.93,7.6
2024-12-11,322.593,371.116,7.41
2024-12-12,322.555,357.655,7.41
2024-12-13,322.531,349.455,7.33
2024-12-14,322.513,342.932,7.2
2024-12-15,322.5,338.662,7.17
2024-12-16,322.479,331.436,7.15
2024-12-17,322.465,326.692,7.02
2024-12-18,322.455,323.02,6.91
2024-12-19,322.447,320.611,6.96
2024-12-20,322.514,343.607,6.96
2024-12-21,322.471,328.557,6.51
2024-12-22,322.589,370.889,6.5
2024-12-23,322.747,427.363,6.19
2024-12-24,322.595,372.016,6.19
2024-12-25,322.545,354.134,6.31
2024-12-26,322.501,338.772,5.9
2024-12-27,322.465,326.694,5.67
2024-12-28,322.443,319.108,5.81
2024-12-29,322.422,312.055,5.81
2024-12-30,322.411,308.237,5.72
2024-12-31,322.39,301.138,5.57
2025-01-01,322.377,296.801,5.38
2025-01-02,322.383,298.861,5.37
2025-01-03,322.535,350.951,5.5
2025-01-04,322.448,320.749,5.05
2025-01-05,322.782,443.881,4.82
2025-01-06,322.944,501.626,4.96
2025-01-07,323.012,528.304,5.69
2025-01-08,322.87,472.752,5.77
2025-01-09,322.97,511.612,6.2
2025-01-10,322.92,491.898,6.08
2025-01-11,322.788,441.88,5.3
2025-01-12,322.704,411.033,4.96
2025-01-13,322.656,393.763,4.71
2025-01-14,322.618,379.876,4.41
2025-01-15,322.589,369.881,4.45
2025-01-16,322.572,363.767,4.85
2025-01-17,322.553,357.064,5.11
2025-01-18,322.537,351.39,5.03
2025-01-19,322.521,345.726,4.94
2025-01-20,322.507,340.964,4.8
2025-01-21,322.494,336.582,4.77
2025-01-22,322.487,334.203,4.72
2025-01-23,322.495,337.01,4.83
2025-01-24,322.506,340.738,4.99
2025-01-25,322.483,332.62,5.07
2025-01-26,322.466,326.933,5.27
2025-01-27,322.605,376.284,5.44
2025-01-28,323.062,548.947,5.73
2025-01-29,322.879,476.7,5.6
2025-01-30,322.737,423.248,5.41
2025-01-31,322.679,401.905,5.45
2025-02-01,322.651,391.839,5.41
2025-02-02,322.616,379.395,5.18
2025-02-03,322.581,366.865,5.19
2025-02-04,322.558,358.86,5.24
2025-02-05,322.533,350.189,5.21
2025-02-06,322.52,345.486,5.14
2025-02-07,322.509,341.643,5.18
2025-02-08,322.49,335.283,5.16
2025-02-09,322.47,328.324,5.17
2025-02-10,322.454,322.678,5.34
2025-02-11,322.487,334.002,5.5
2025-02-12,322.472,328.924,5.87
2025-02-13,322.504,340.268,6.08
2025-02-14,322.648,390.974,5.74
2025-02-15,322.568,362.386,4.98
2025-02-16,322.536,351.051,4.92
2025-02-17,322.512,342.813,4.99
2025-02-18,322.491,335.406,4.92
2025-02-19,322.472,329.02,4.77
2025-02-20,322.459,324.519,4.84
2025-02-21,322.465,326.722,5.1
2025-02-22,322.47,328.262,5.52
2025-02-23,322.451,321.908,5.84
2025-02-24,322.437,317.019,6.02
2025-02-25,322.418,310.758,6.14
2025-02-26,322.401,305.028,6.03
2025-02-27,322.412,308.474,5.65
2025-02-28,322.396,303.112,5.55
2025-03-01,322.38,297.813,5.55
2025-03-02,322.358,290.472,5.53
2025-03-03,322.34,284.65,5.59
2025-03-04,322.324,279.35,5.77
2025-03-05,322.313,275.703,5.99
2025-03-06,322.298,270.68,6.27
2025-03-07,322.284,266.264,6.53
2025-03-08,322.274,262.87,6.62
2025-03-09,322.258,257.852,6.73
2025-03-10,322.242,252.817,7.0
2025-03-11,322.234,250.182,6.98
2025-03-12,322.224,247.108,6.72
2025-03-13,322.233,249.75,6.83
2025-03-14,322.222,246.235,6.67
2025-03-15,322.206,241.125,6.87
2025-03-16,322.193,237.105,6.63
2025-03-17,322.198,238.753,6.72
2025-03-18,322.178,232.557,6.75
2025-03-19,322.158,226.044,6.86
2025-03-20,322.146,222.469,7.24
2025-03-21,322.136,219.382,7.71
2025-03-22,322.128,216.945,8.03
2025-03-23,322.129,216.985,8.29
2025-03-24,322.133,218.535,8.81
2025-03-25,322.119,213.999,8.66
2025-03-26,322.122,215.085,8.66
2025-03-27,322.136,219.294,9.01
2025-03-28,322.119,214.039,9.11
2025-03-29,322.119,214.113,9.25
2025-03-30,322.206,241.476,9.2
2025-03-31,322.184,234.195,9.34
2025-04-01,322.147,222.638,8.78
2025-04-02,322.118,213.644,8.24
2025-04-03,322.101,208.582,9.09
2025-04-04,322.091,205.569,9.72
2025-04-05,322.089,204.836,10.19
2025-04-06,322.084,203.214,10.56
2025-04-07,322.073,199.849,10.34
2025-04-08,322.064,197.301,10.13
2025-04-09,322.057,195.038,10.07
2025-04-10,322.052,193.495,10.54
2025-04-11,322.051,193.265,10.94
2025-04-12,322.047,192.034,11.38
2025-04-13,322.044,191.072,11.79
2025-04-14,322.053,194.015,12.24
2025-04-15,322.049,192.64,12.06
2025-04-16,322.049,192.606,11.92
2025-04-17,322.062,196.48,12.11
2025-04-18,322.068,198.403,10.84
2025-04-19,322.084,203.277,9.69
2025-04-20,322.078,201.483,9.9
2025-04-21,322.079,201.783,10.64
2025-04-22,322.084,203.331,11.52
2025-04-23,322.096,206.909,11.71
2025-04-24,322.189,235.827,12.13
2025-04-25,322.258,257.936,12.41
2025-04-26,322.277,264.144,11.35
2025-04-27,322.204,240.599,11.78
2025-04-28,322.178,232.437,12.62
2025-04-29,322.169,229.74,13.72
2025-04-30,322.163,227.679,14.54
2025-05-01,322.161,226.938,15.28
2025-05-02,322.158,226.242,15.71
2025-05-03,322.164,227.868,15.92
2025-05-04,322.181,233.48,16.0
2025-05-05,322.38,298.713,13.92
2025-05-06,322.504,340.318,12.6
2025-05-07,322.391,301.422,12.7
2025-05-08,322.377,296.74,13.37
2025-05-09,322.362,291.771,13.81
2025-05-10,322.356,289.769,14.21
2025-05-11,322.348,287.12,14.84
2025-05-12,322.344,285.985,15.35
2025-05-13,322.33,281.281,15.79
2025-05-14,322.323,278.899,15.75
2025-05-15,322.315,276.22,16.07
2025-05-16,322.314,276.028,15.96
2025-05-17,322.31,274.689,16.02
2025-05-18,322.297,270.515,16.32
2025-05-19,322.29,268.204,16.61
2025-05-20,322.295,269.878,16.34
2025-05-21,322.318,277.353,17.27
2025-05-22,322.367,293.432,16.6
2025-05-23,322.448,320.704,15.61
2025-05-24,322.418,310.593,15.71
2025-05-25,322.367,293.639,15.98
2025-05-26,322.364,292.421,15.88
2025-05-27,322.38,297.779,15.35
2025-05-28,322.374,295.878,15.36
2025-05-29,322.599,374.112,15.41
2025-05-30,322.506,340.564,14.41
2025-05-31,322.449,321.121,16.82
2025-06-01,322.434,316.055,18.05
2025-06-02,322.445,319.655,18.39
2025-06-03,322.675,401.001,16.9
2025-06-04,322.682,402.967,17.01
2025-06-05,322.644,389.246,17.28
2025-06-06,322.652,392.219,17.2
2025-06-07,322.888,481.307,17.27
2025-06-08,322.978,514.563,16.39
2025-06-09,322.872,473.617,15.82
2025-06-10,322.823,455.036,17.25
2025-06-11,322.798,445.729,18.04
2025-06-12,322.775,437.132,18.8
2025-06-13,322.755,429.773,19.97
2025-06-14,322.733,421.576,20.58
2025-06-15,322.716,415.227,20.84
2025-06-16,322.727,419.449,20.03
2025-06-17,322.712,413.874,19.79
2025-06-18,322.681,402.521,21.19
2025-06-19,322.67,398.704,21.94
2025-06-20,322.65,391.495,22.18
2025-06-21,322.627,383.26,22.84
2025-06-22,322.6,373.692,23.23
2025-06-23,322.573,363.909,23.02
2025-06-24,322.549,355.59,22.12
2025-06-25,322.528,348.449,20.93
2025-06-26,322.499,338.118,22.09
2025-06-27,322.485,333.614,22.66
2025-06-28,322.479,331.363,22.3
2025-06-29,322.457,323.696,23.36
2025-06-30,322.435,316.379,24.65
2025-07-01,322.42,311.329,24.79
2025-07-02,322.411,308.136,24.83
2025-07-03,322.401,304.899,25.25
2025-07-04,322.501,339.299,25.05
2025-07-05,322.46,324.874,24.98
2025-07-06,322.384,299.083,24.97
2025-07-07,322.368,293.792,23.23
2025-07-08,322.523,349.435,21.4
2025-07-09,322.651,392.405,19.11
2025-07-10,322.487,334.138,20.15
2025-07-11,322.451,321.777,21.69
2025-07-12,322.434,316.131,22.49
2025-07-13,322.413,308.851,22.64
2025-07-14,322.414,309.235,22.85
2025-07-15,322.411,308.163,21.87
2025-07-16,322.387,300.12,21.25
2025-07-17,322.44,318.254,20.96
2025-07-18,322.458,324.113,20.93
2025-07-19,322.414,309.204,21.95
2025-07-20,322.428,313.889,22.5
2025-07-21,322.715,417.976,22.15
2025-07-22,322.695,408.227,20.52
2025-07-23,322.558,358.776,20.9
2025-07-24,322.568,362.258,20.99
2025-07-25,322.582,367.099,21.12
2025-07-26,322.619,380.553,21.31
2025-07-27,322.87,473.276,20.57
2025-07-28,323.128,574.674,19.62
2025-07-29,323.294,643.245,18.38
2025-07-30,323.131,575.414,19.13
2025-07-31,323.068,550.224,19.54
2025-08-01,323.043,540.004,19.89
2025-08-02,323.427,701.401,19.76
2025-08-03,323.431,701.532,18.4
2025-08-04,323.27,632.568,19.16
2025-08-05,323.204,604.999,19.68
2025-08-06,323.151,583.562,19.73
2025-08-07,323.105,564.677,20.17
2025-08-08,323.066,549.256,20.67
2025-08-09,323.03,534.976,20.92
2025-08-10,322.99,519.312,21.61
2025-08-11,322.95,503.741,21.97
2025-08-12,322.914,489.638,22.56
2025-08-13,322.878,475.731,22.96
2025-08-14,322.842,462.283,23.23
2025-08-15,322.808,449.609,23.41
2025-08-16,322.774,436.866,23.31
2025-08-17,322.742,424.914,23.68
2025-08-18,322.714,414.782,24.02
2025-08-19,322.68,402.232,24.03
2025-08-20,322.658,394.374,23.89
2025-08-21,323.013,529.766,22.6
2025-08-22,323.269,633.21,19.95
2025-08-23,322.946,502.046,20.6
2025-08-24,322.855,467.138,21.33
2025-08-25,322.8,446.402,21.75
2025-08-26,322.759,431.289,21.88
2025-08-27,322.737,422.991,21.97
2025-08-28,322.793,444.009,21.58
2025-08-29,322.926,494.431,20.79
2025-08-30,322.867,471.825,20.31
2025-08-31,322.833,458.693,20.31
2025-09-01,322.805,448.373,20.7
2025-09-02,322.874,474.398,20.3
2025-09-03,322.816,452.351,20.13
2025-09-04,322.823,455.042,20.5
2025-09-05,323.124,575.015,20.09
2025-09-06,323.128,575.0,18.43
2025-09-07,322.916,490.504,19.47
2025-09-08,322.848,464.497,19.93
2025-09-09,322.812,450.946,19.79
2025-09-10,322.795,444.477,19.45
2025-09-11,322.774,436.835,19.42
2025-09-12,322.754,429.448,19.06
2025-09-13,322.732,421.282,18.78
2025-09-14,322.74,424.37,19.05
2025-09-15,322.739,423.821,19.09
2025-09-16,322.698,408.825,18.85
2025-09-17,322.713,414.419,17.99
2025-09-18,322.665,396.748,18.52
2025-09-19,322.633,385.43,18.78
2025-09-20,322.603,374.797,19.09
2025-09-21,322.581,366.974,19.42
2025-09-22,322.691,406.254,19.1
2025-09-23,322.696,408.236,18.09
2025-09-24,322.748,427.278,17.72
2025-09-25,322.814,451.89,17.23
2025-09-26,322.821,454.231,16.68
2025-09-27,322.876,475.066,16.74
2025-09-28,322.815,451.928,16.62
2025-09-29,322.762,432.288,16.86
2025-09-30,322.731,420.799,17.03
2025-10-01,322.724,418.163,16.72
2025-10-02,322.698,408.714,16.3
2025-10-03,322.67,398.708,16.06
2025-10-04,322.64,388.009,15.93
2025-10-05,322.652,392.179,15.76
2025-10-06,322.715,415.13,14.88
2025-10-07,322.736,422.707,14.67
2025-10-08,322.676,400.795,15.11
2025-10-09,322.644,389.468,15.16
2025-10-10,322.62,380.784,15.06
2025-10-11,322.595,371.947,15.23
2025-10-12,322.57,363.089,15.12
2025-10-13,322.549,355.635,14.9
2025-10-14,322.523,346.712,14.77
2025-10-15,322.505,340.425,14.7
2025-10-16,322.493,336.224,14.5
2025-10-17,322.476,330.189,14.35
2025-10-18,322.461,325.201,14.18
2025-10-19,322.442,318.81,13.96
2025-10-20,322.427,313.628,13.85
2025-10-21,322.416,309.84,13.98
2025-10-22,322.461,325.244,14.2
2025-10-23,322.496,337.489,13.99
2025-10-24,322.59,370.239,13.15
2025-10-25,322.59,370.176,12.11
2025-10-26,322.843,462.768,11.78
2025-10-27,322.86,469.889,11.11
2025-10-28,323.163,589.723,10.61
2025-10-29,322.785,441.115,11.27
2025-10-30,322.7,409.678,11.58
2025-10-31,322.655,393.253,11.69
2025-11-01,322.605,375.484,11.58
2025-11-02,322.704,411.307,11.87
2025-11-03,322.875,474.861,11.54
2025-11-04,322.738,423.645,10.89
2025-11-05,322.663,396.166,10.66
2025-11-06,322.62,380.745,10.63
2025-11-07,322.584,367.913,10.59
2025-11-08,322.551,356.428,10.57
2025-11-09,322.525,347.414,10.64
2025-11-10,322.508,341.294,10.76
2025-11-11,322.492,335.865,10.64
2025-11-12,322.473,329.151,10.59
2025-11-13,322.458,324.054,10.37
2025-11-14,322.442,318.832,10.34
2025-11-15,322.428,313.867,10.49
2025-11-16,322.413,309.029,10.77
2025-11-17,322.417,310.273,10.51
2025-11-18,322.51,341.979,10.01
2025-11-19,322.454,322.932,9.17
2025-11-20,322.436,316.559,9.0
2025-11-21,322.42,311.297,8.99
2025-11-22,322.41,307.963,8.6
2025-11-23,322.4,304.515,8.09
2025-11-24,322.74,429.021,8.15
2025-11-25,323.114,569.92,7.63
2025-11-26,322.888,479.708,8.23
2025-11-27,322.76,431.804,8.2
2025-11-28,322.686,404.53,8.0
2025-11-29,322.65,391.347,8.04
2025-11-30,322.667,397.684,8.11
2025-12-01,322.683,403.219,8.05
2025-12-02,322.648,390.71,7.98
2025-12-03,322.602,374.201,7.84
2025-12-04,322.573,363.992,7.81
2025-12-05,322.558,358.909,7.86
2025-12-06,322.54,352.325,7.95
2025-12-07,322.55,355.857,8.06
2025-12-08,322.803,448.208,8.44
2025-12-09,322.762,432.498,8.44
2025-12-10,322.656,393.629,8.29
2025-12-11,322.61,377.271,8.21
2025-12-12,322.582,367.225,8.3
2025-12-13,322.555,357.89,8.27
2025-12-14,322.532,349.739,8.1
2025-12-15,322.51,342.15,7.88
2025-12-16,322.487,334.192,7.63
2025-12-17,322.468,327.513,7.51
2025-12-18,322.454,322.865,7.46
2025-12-19,322.437,317.118,7.37
2025-12-20,322.421,311.714,7.38
2025-12-21,322.4,304.695,7.38
2025-12-22,322.379,297.58,7.26
2025-12-23,322.366,293.286,7.07
2025-12-24,322.353,289.029,6.86
2025-12-25,322.328,280.566,6.53
2025-12-26,322.301,271.83,6.33
2025-12-27,322.279,264.702,6.33
2025-12-28,322.256,257.141,6.25
2025-12-29,322.237,251.052,6.13
2025-12-30,322.217,244.584,6.01
2025-12-31,322.198,238.806,5.68
2026-01-01,322.175,231.335,5.17
2026-01-02,322.156,225.404,4.96
2026-01-03,322.144,221.794,5.02
2026-01-04,322.128,216.979,4.83
2026-01-05,322.113,212.114,4.44
2026-01-06,322.093,206.114,4.28
2026-01-07,322.1,208.14,4.17
2026-01-08,322.108,210.783,4.35
2026-01-09,322.2,239.462,4.75
2026-01-10,322.249,254.997,5.07
2026-01-11,322.196,238.232,4.64
2026-01-12,322.172,230.593,4.74
2026-01-13,322.171,230.269,4.87
2026-01-14,322.191,236.628,4.91
2026-01-15,322.203,240.229,4.83
2026-01-16,322.219,245.437,4.83
2026-01-17,322.208,241.835,4.71
2026-01-18,322.193,237.103,4.51
2026-01-19,322.182,233.704,4.54
2026-01-20,322.166,228.565,4.57
2026-01-21,322.156,225.664,4.44
2026-01-22,322.146,222.4,4.3
2026-01-23,322.138,219.988,4.24
2026-01-24,322.134,218.636,4.37
2026-01-25,322.127,216.514,4.6
2026-01-26,322.121,214.58,4.8
2026-01-27,322.118,213.604,4.71
2026-01-28,322.124,215.66,4.63
2026-01-29,322.129,217.053,4.81
2026-01-30,322.135,218.947,4.84
2026-01-31,322.143,221.384,4.77
2026-02-01,322.134,218.733,4.83
2026-02-02,322.131,217.657,4.87
2026-02-03,322.122,214.85,4.88
2026-02-04,322.115,212.79,4.93
2026-02-05,322.114,212.4,4.66
2026-02-06,322.11,211.415,4.66
2026-02-07,322.112,211.977,4.93
2026-02-08,322.132,217.984,5.16
2026-02-09,322.126,216.355,5.2
2026-02-10,322.125,216.007,5.15
2026-02-11,322.206,241.354,5.3
2026-02-12,322.42,311.377,5.78
2026-02-13,322.54,352.75,5.82
2026-02-14,322.389,300.901,5.92
2026-02-15,322.375,296.225,5.66
2026-02-16,322.732,424.699,5.37
2026-02-17,322.935,498.527,5.3
2026-02-18,322.691,406.326,5.18
2026-02-19,322.681,402.558,4.99
2026-02-20,322.692,406.526,5.57
2026-02-21,322.722,417.76,5.79
2026-02-22,322.875,475.04,5.88
2026-02-23,322.735,422.515,6.23
2026-02-24,322.751,428.316,6.91
2026-02-25,322.747,426.836,7.02
2026-02-26,322.678,401.706,6.68
2026-02-27,322.655,393.329,6.69
2026-02-28,322.627,383.161,6.8
2026-03-01,322.602,374.278,6.92
2026-03-02,322.581,366.95,6.61
2026-03-03,322.555,357.878,6.61
2026-03-04,322.535,350.907,6.68
2026-03-05,322.519,345.111,6.85
2026-03-06,322.505,340.232,7.03
2026-03-07,322.49,335.299,7.21
2026-03-08,322.479,331.205,7.35
2026-03-09,322.469,328.091,7.52
2026-03-10,322.455,323.172,7.63
2026-03-11,322.449,321.244,7.99
2026-03-12,322.525,347.308,7.98
2026-03-13,322.527,348.115,7.39
2026-03-14,322.476,330.223,7.26
2026-03-15,322.489,334.732,6.78
2026-03-16,322.487,334.159,6.7
2026-03-17,322.476,330.208,6.93
2026-03-18,322.466,326.999,7.1
2026-03-19,322.439,317.744,7.52
2026-03-20,322.415,309.534,7.68
2026-03-21,322.4,304.418,7.96
2026-03-22,322.387,300.229,8.29
2026-03-23,322.361,291.542,8.35
2026-03-24,322.347,287.019,8.25
2026-03-25,322.324,279.246,8.31
2026-03-26,322.331,281.664,8.03
2026-03-27,322.327,280.361,7.2
2026-03-28,322.307,273.702,7.02
2026-03-29,322.317,276.881,7.3
2026-03-30,322.317,276.894,7.34
2026-03-31,322.341,284.852,7.21
2026-04-01,322.35,288.051,7.25
2026-04-02,322.338,284.039,7.58
2026-04-03,322.329,280.985,8.11
2026-04-04,322.369,294.383,8.75
2026-04-05,322.466,326.837,9.0
2026-04-06,322.536,351.105,9.37
2026-04-07,322.466,326.891,9.44
2026-04-08,322.418,310.561,10.0
2026-04-09,322.384,299.031,10.77
2026-04-10,322.366,293.129,11.06
2026-04-11,322.368,294.008,10.93
2026-04-12,322.376,296.504,11.05
2026-04-13,322.387,300.337,10.64
2026-04-14,322.4,304.711,9.98
2026-04-15,322.393,302.257,10.02
2026-04-16,322.392,301.878,9.76
2026-04-17,322.392,301.88,11.34
2026-04-18,322.391,301.5,12.0
2026-04-19,322.386,299.74,12.37
2026-04-20,322.387,300.178,12.25
2026-04-21,322.385,299.45,11.59
2026-04-22,322.38,297.722,12.89
2026-04-23,322.371,294.903,12.91
2026-04-24,322.367,293.394,13.14
2026-04-25,322.361,291.368,13.33
2026-04-26,322.356,289.98,13.29
2026-04-27,322.347,286.866,13.18
2026-04-28,322.338,283.77,14.09
2026-04-29,322.335,282.906,14.45
2026-04-30,322.337,283.575,14.83
2026-05-01,322.328,280.688,14.82
2026-05-02,322.322,278.737,14.88
2026-05-03,322.316,276.53,15.04
2026-05-04,322.314,275.991,15.06
2026-05-05,322.309,274.507,14.19
2026-05-06,322.33,281.339,14.12
2026-05-07,322.35,288.04,13.04
2026-05-08,322.348,287.084,13.35
2026-05-09,322.346,286.433,14.25
2026-05-10,322.334,282.728,15.59
2026-05-11,322.354,289.386,15.72
2026-05-12,322.394,302.498,14.75
2026-05-13,322.384,299.097,12.14
2026-05-14,322.366,293.096,12.87
2026-05-15,322.385,299.613,12.43
2026-05-16,322.38,298.007,12.49
2026-05-17,322.393,302.362,13.15
2026-05-18,322.357,290.062,13.39
2026-05-19,322.35,287.761,13.97
2026-05-20,322.349,287.559,13.9
2026-05-21,322.343,285.653,14.8
2026-05-22,322.337,283.699,14.56
2026-05-23,322.326,280.016,16.38
2026-05-24,322.313,275.857,17.13
2026-05-25,322.311,275.027,17.83
2026-05-26,322.3,271.399,18.74
2026-05-27,322.304,272.854,19.24
2026-05-28,322.316,276.612,19.4
2026-05-29,322.32,278.122,19.38
2026-05-30,322.32,277.921,20.57
2026-05-31,322.316,276.82,21.13
2026-06-01,322.331,281.471,21.12
2026-06-02,322.349,287.453,19.32
2026-06-03,322.407,306.926,20.01
2026-06-04,322.444,319.474,18.14
2026-06-05,322.479,331.494,16.26
2026-06-06,322.481,332.207,17.13
2026-06-07,322.447,320.514,18.62
2026-06-08,322.435,316.422,18.84
2026-06-09,322.431,314.96,18.91
2026-06-10,322.459,324.43,18.3
2026-06-11,322.522,346.27,17.74
2026-06-12,322.503,339.698,17.16
2026-06-13,322.483,332.624,16.18
2026-06-14,322.471,328.488,17.47
2026-06-15,322.464,326.231,17.24
2026-06-16,322.457,323.826,17.83
2026-06-17,322.449,320.999,18.72
2026-06-18,322.443,319.13,19.91
2026-06-19,322.462,325.672,19.91
2026-06-20,322.461,325.286,21.12
2026-06-21,322.428,313.951,21.18
2026-06-22,322.414,309.264,21.69
2026-06-23,322.4,304.467,22.79
2026-06-24,322.389,300.744,23.18
2026-06-25,322.378,297.213,23.87
2026-06-26,322.365,293.009,24.87
2026-06-27,322.35,287.975,25.64
2026-06-28,322.329,280.879,25.87
2026-06-29,322.324,279.414,26.04
2026-06-30,322.328,280.624,25.48
2026-07-01,322.473,329.783,25.55
2026-07-02,322.387,300.085,25.16
2026-07-03,322.351,288.122,24.26
2026-07-04,322.325,279.75,24.78
2026-07-05,322.3,271.571,25.0
2026-07-06,322.285,266.639,24.47
2026-07-07,322.258,257.797,23.67
2026-07-08,322.24,252.224,23.94
2026-07-09,322.229,248.501,22.86
2026-07-10,322.211,242.961,24.16
2026-07-11,322.195,237.878,25.12
2026-07-12,322.175,231.519,25.44
2026-07-13,322.161,227.001,25.48
2026-07-14,322.148,223.122,25.51
2026-07-15,322.176,231.98,25.6
2026-07-16,322.19,236.06,25.45
2026-07-17,322.18,233.229,25.18
2026-07-18,322.162,227.485,25.21
2026-07-19,322.173,230.817,24.28
2026-07-20,322.151,223.965,24.34
2026-07-21,322.133,218.332,24.21
2026-07-22,322.113,212.258,24.21
2026-07-23,322.095,206.571,24.26
2026-07-24,322.083,203.136,24.2
2026-07-25,322.064,197.117,24.09
2026-07-26,322.036,188.789,24.07
2026-07-27,322.016,182.8,23.76
2026-07-28,322.01,181.004,23.4
2026-07-29,321.996,176.787,22.61
2026-07-30,321.987,174.307,23.61
2026-07-31,321.972,169.728,24.53
2026-08-01,322.002,178.68,24.58
2026-08-02,321.968,168.55,24.59
2026-08-03,321.972,169.869,25.11
2026-08-04,321.956,164.988,25.65
2026-08-05,321.939,160.1,25.86
2026-08-06,321.935,158.969,26.0
